ID,Registro,PrecoVenda,PrecoOriginal,Desconto,VendaQtd
0,1,197.74,278.84,81.1,49
1,2,198.0,210.54,12.54,921
2,3,234.83,251.26,16.43,141
3,4,222.81,296.67,73.86,408
4,5,162.8,208.15,45.35,795
5,6,183.5,235.66,52.16,913
6,7,159.42,216.35,56.93,715
7,8,188.25,197.24,8.99,67
8,9,105.39,144.73,39.34,333
9,10,155.38,204.15,48.77,71
10,11,206.79,275.32,68.53,352
11,12,4.55,6.16,1.61,41
12,13,148.08,209.37,61.29,391
13,14,124.26,174.03,49.77,445
14,15,201.93,224.71,22.78,406
15,16,193.46,245.28,51.82,201
16,17,17.84,24.53,6.69,222
17,18,11.27,12.53,1.26,228
18,19,193.35,258.95,65.6,484
19,20,70.04,78.84,8.8,826
20,21,185.89,208.56,22.67,977
21,22,228.96,240.26,11.3,528
22,23,134.67,139.48,4.81,938
23,24,195.08,207.5,12.42,932
24,25,42.33,54.05,11.72,348
25,26,102.95,124.11,21.16,20
26,27,51.37,70.75,19.38,954
27,28,198.0,250.56,52.56,184
28,29,160.94,167.51,6.57,396
29,30,14.8,18.09,3.29,146
30,31,83.72,110.92,27.2,76
31,32,270.04,298.2,28.16,491
32,33,83.61,116.79,33.18,167
33,34,56.69,62.07,5.38,519
34,35,263.8,287.34,23.54,431
35,36,89.71,97.58,7.87,14
36,37,34.13,46.64,12.51,642
37,38,183.92,204.01,20.09,274
38,39,193.51,269.26,75.75,617
39,40,147.81,199.34,51.53,824
40,41,111.14,157.3,46.16,319
41,42,207.76,255.71,47.95,619
42,43,107.62,142.23,34.61,624
43,44,8.43,10.65,2.22,603
44,45,91.19,117.21,26.02,974
45,46,73.99,85.83,11.84,876
46,47,53.18,74.98,21.8,857
47,48,161.14,170.01,8.87,27
48,49,174.42,231.74,57.32,503
49,50,136.85,162.39,25.54,143
50,51,208.75,238.28,29.53,806
51,52,40.91,49.63,8.72,968
52,53,133.13,161.64,28.51,351
53,54,175.72,215.33,39.61,33
54,55,37.71,53.65,15.94,536
55,56,153.72,218.84,65.12,260
56,57,157.94,186.95,29.01,174
57,58,96.07,121.25,25.18,26
58,59,60.84,65.98,5.14,599
59,60,156.72,190.4,33.68,689
60,61,46.99,53.43,6.44,967
61,62,115.33,121.7,6.37,219
62,63,199.65,241.62,41.97,439
63,64,73.63,76.06,2.43,140
64,65,176.37,232.07,55.7,903
65,66,123.09,140.99,17.9,993
66,67,147.62,159.49,11.87,715
67,68,142.32,152.37,10.05,449
68,69,234.16,262.64,28.48,65
69,70,38.41,42.69,4.28,202
70,71,265.91,285.21,19.3,443
71,72,129.18,170.61,41.43,343
72,73,211.04,241.16,30.12,491
73,74,232.92,261.93,29.01,994
74,75,205.95,279.86,73.91,233
75,76,245.52,260.96,15.44,141
76,77,235.58,250.57,14.99,965
77,78,160.63,197.16,36.53,949
78,79,154.95,189.63,34.68,203
79,80,129.95,151.76,21.81,543
80,81,10.65,13.35,2.7,992
81,82,75.97,103.37,27.4,466
82,83,50.91,52.3,1.39,618
83,84,43.12,56.11,12.99,126
84,85,197.86,209.13,11.27,582
85,86,174.39,215.0,40.61,358
86,87,221.89,296.87,74.98,777
87,88,213.94,250.93,36.99,261
88,89,91.79,93.14,1.35,271
89,90,83.01,113.2,30.19,623
90,91,152.71,155.13,2.42,581
91,92,105.01,111.02,6.01,708
92,93,127.89,177.41,49.52,730
93,94,244.24,265.49,21.25,837
94,95,97.56,129.27,31.71,510
95,96,152.86,167.03,14.17,804
96,97,210.65,270.62,59.97,40
97,98,215.31,279.3,63.99,319
98,99,89.27,116.69,27.42,246
99,100,209.02,224.31,15.29,755
100,101,132.81,184.67,51.86,131
101,102,62.08,75.37,13.29,797
102,103,68.43,92.0,23.57,551
103,104,43.3,45.61,2.31,273
104,105,170.09,239.07,68.98,323
105,106,108.19,134.34,26.15,129
106,107,175.83,185.84,10.01,678
107,108,240.35,250.52,10.17,33
108,109,155.15,189.98,34.83,174
109,110,141.31,189.25,47.94,121
110,111,102.56,144.05,41.49,818
111,112,191.05,259.15,68.1,416
112,113,162.11,179.51,17.4,938
113,114,218.48,277.81,59.33,515
114,115,149.33,178.23,28.9,957
115,116,74.84,97.32,22.48,551
116,117,91.65,94.51,2.86,595
117,118,114.62,157.87,43.25,330
118,119,134.86,166.89,32.03,762
119,120,86.96,100.42,13.46,763
120,121,222.12,274.48,52.36,793
121,122,186.37,265.08,78.71,56
122,123,188.58,208.61,20.03,386
123,124,185.93,217.93,32.0,538
124,125,102.18,134.6,32.42,659
125,126,190.15,212.81,22.66,514
126,127,205.79,252.88,47.09,897
127,128,186.52,207.42,20.9,184
128,129,67.04,70.97,3.93,523
129,130,163.01,204.84,41.83,879
130,131,17.83,20.54,2.71,39
131,132,61.58,75.99,14.41,389
132,133,55.34,62.26,6.92,81
133,134,82.48,94.68,12.2,59
134,135,208.28,283.31,75.03,132
135,136,76.13,94.6,18.47,142
136,137,83.38,112.87,29.49,110
137,138,121.74,130.99,9.25,327
138,139,229.92,244.99,15.07,816
139,140,157.49,172.91,15.42,553
140,141,137.8,162.17,24.37,452
141,142,248.24,260.08,11.84,520
142,143,201.42,234.16,32.74,315
143,144,171.37,235.33,63.96,791
144,145,260.79,284.55,23.76,887
145,146,29.37,29.9,0.53,380
146,147,133.01,155.44,22.43,755
147,148,284.67,298.23,13.56,185
148,149,61.83,84.2,22.37,639
149,150,19.09,21.26,2.17,38
150,151,33.31,44.63,11.32,102
151,152,220.48,296.54,76.06,307
152,153,228.89,244.01,15.12,83
153,154,200.18,240.02,39.84,885
154,155,236.19,255.09,18.9,710
155,156,96.84,131.05,34.21,548
156,157,20.05,28.05,8.0,707
157,158,169.64,237.94,68.3,105
158,159,94.07,97.4,3.33,456
159,160,189.91,242.13,52.22,979
160,161,70.52,77.58,7.06,208
161,162,128.03,142.93,14.9,907
162,163,231.52,291.12,59.6,313
163,164,207.42,219.92,12.5,265
164,165,156.46,210.37,53.91,563
165,166,154.15,161.17,7.02,80
166,167,17.06,19.5,2.44,719
167,168,25.59,31.94,6.35,384
168,169,142.17,173.68,31.51,571
169,170,174.53,219.12,44.59,928
170,171,50.37,54.17,3.8,883
171,172,168.0,189.75,21.75,314
172,173,108.98,147.71,38.73,496
173,174,106.64,145.37,38.73,157
174,175,89.66,96.91,7.25,58
175,176,73.83,99.43,25.6,270
176,177,68.33,93.81,25.48,708
177,178,134.97,170.76,35.79,230
178,179,76.2,98.39,22.19,97
179,180,203.49,252.29,48.8,780
180,181,101.04,104.61,3.57,604
181,182,34.38,34.98,0.6,282
182,183,212.13,246.04,33.91,868
183,184,202.67,262.72,60.05,560
184,185,171.22,217.09,45.87,827
185,186,150.83,173.05,22.22,228
186,187,107.34,151.85,44.51,115
187,188,80.56,107.44,26.88,368
188,189,28.77,37.66,8.89,439
189,190,78.68,93.85,15.17,900
190,191,91.63,127.14,35.51,806
191,192,92.32,118.77,26.45,178
192,193,10.38,13.92,3.54,853
193,194,41.89,54.3,12.41,227
194,195,170.86,243.13,72.27,801
195,196,271.41,279.33,7.92,804
196,197,81.84,99.76,17.92,318
197,198,70.24,91.94,21.7,228
198,199,224.9,231.69,6.79,746
199,200,179.84,215.43,35.59,294
200,201,155.77,218.77,63.0,178
201,202,215.3,240.36,25.06,668
202,203,148.87,171.96,23.09,184
203,204,231.98,246.47,14.49,206
204,205,201.69,214.36,12.67,416
205,206,185.34,264.57,79.23,893
206,207,27.05,34.02,6.97,92
207,208,83.85,107.14,23.29,600
208,209,223.95,276.41,52.46,241
209,210,205.84,215.14,9.3,714
210,211,48.52,50.67,2.15,158
211,212,131.08,132.25,1.17,728
212,213,98.17,112.86,14.69,911
213,214,229.61,249.66,20.05,593
214,215,36.46,37.28,0.82,848
215,216,76.44,102.42,25.98,914
216,217,151.52,204.97,53.45,56
217,218,99.49,112.85,13.36,297
218,219,213.87,242.2,28.33,768
219,220,178.54,189.55,11.01,389
220,221,20.12,21.18,1.06,535
221,222,198.08,253.18,55.1,790
222,223,73.92,75.93,2.01,469
223,224,17.74,22.89,5.15,39
224,225,18.59,25.88,7.29,579
225,226,87.59,95.83,8.24,759
226,227,191.05,253.53,62.48,533
227,228,123.65,134.54,10.89,351
228,229,90.6,96.83,6.23,398
229,230,134.65,174.12,39.47,162
230,231,179.85,183.85,4.0,334
231,232,35.56,37.92,2.36,449
232,233,184.54,234.75,50.21,765
233,234,264.24,270.29,6.05,148
234,235,143.1,163.59,20.49,293
235,236,169.75,205.78,36.03,288
236,237,53.79,67.33,13.54,400
237,238,215.94,255.88,39.94,983
238,239,163.02,202.01,38.99,608
239,240,51.78,64.54,12.76,335
240,241,222.99,278.31,55.32,269
241,242,130.45,150.58,20.13,584
242,243,186.11,192.14,6.03,906
243,244,144.81,153.44,8.63,537
244,245,60.49,83.63,23.14,587
245,246,87.53,90.48,2.95,658
246,247,115.65,116.8,1.15,891
247,248,114.44,142.0,27.56,619
248,249,160.83,202.37,41.54,884
249,250,35.58,37.25,1.67,210
250,251,50.12,65.08,14.96,331
251,252,208.27,212.58,4.31,354
252,253,33.82,40.52,6.7,27
253,254,46.5,61.19,14.69,539
254,255,108.16,142.04,33.88,917
255,256,49.5,51.51,2.01,249
256,257,225.59,291.72,66.13,445
257,258,220.51,267.94,47.43,821
258,259,138.58,175.62,37.04,834
259,260,120.19,130.47,10.28,903
260,261,157.28,217.8,60.52,851
261,262,6.48,7.76,1.28,816
262,263,70.89,90.62,19.73,400
263,264,7.81,10.84,3.03,482
264,265,223.16,255.33,32.17,258
265,266,198.57,224.25,25.68,201
266,267,20.65,25.42,4.77,598
267,268,38.86,40.84,1.98,30
268,269,113.4,156.02,42.62,962
269,270,120.75,169.45,48.7,156
270,271,58.16,72.12,13.96,209
271,272,52.21,54.92,2.71,708
272,273,157.78,185.52,27.74,567
273,274,106.55,129.88,23.33,275
274,275,74.72,78.83,4.11,523
275,276,251.11,285.07,33.96,185
276,277,197.76,213.08,15.32,192
277,278,138.36,197.64,59.28,208
278,279,121.52,170.84,49.32,192
279,280,177.86,204.34,26.48,246
280,281,98.08,107.93,9.85,12
281,282,195.83,214.99,19.16,210
282,283,78.65,101.18,22.53,448
283,284,41.97,42.56,0.59,781
284,285,33.83,48.11,14.28,898
285,286,192.75,239.92,47.17,87
286,287,202.67,286.47,83.8,56
287,288,7.01,8.09,1.08,205
288,289,189.28,222.49,33.21,777
289,290,169.24,203.09,33.85,460
290,291,76.51,107.49,30.98,990
291,292,109.97,136.61,26.64,459
292,293,79.04,94.49,15.45,839
293,294,69.11,98.19,29.08,623
294,295,168.34,221.9,53.56,973
295,296,266.41,295.74,29.33,27
296,297,48.71,61.78,13.07,857
297,298,88.35,103.37,15.02,368
298,299,287.74,299.26,11.52,774
299,300,117.12,156.84,39.72,238
300,301,277.95,287.16,9.21,590
301,302,151.1,169.46,18.36,355
302,303,36.45,51.05,14.6,15
303,304,160.53,222.74,62.21,40
304,305,168.05,175.53,7.48,440
305,306,37.39,41.81,4.42,605
306,307,138.68,151.92,13.24,506
307,308,91.14,98.35,7.21,310
308,309,215.86,245.73,29.87,84
309,310,144.95,154.13,9.18,336
310,311,71.01,90.61,19.6,198
311,312,240.27,271.83,31.56,915
312,313,165.67,197.92,32.25,134
313,314,118.95,156.03,37.08,477
314,315,176.2,188.42,12.22,641
315,316,36.28,46.04,9.76,782
316,317,75.78,85.12,9.34,22
317,318,265.46,297.55,32.09,524
318,319,222.22,241.11,18.89,260
319,320,178.45,221.47,43.02,385
320,321,71.81,93.63,21.82,880
321,322,148.33,178.04,29.71,436
322,323,47.8,54.57,6.77,853
323,324,130.64,148.71,18.07,233
324,325,145.65,151.24,5.59,202
325,326,24.84,30.56,5.72,129
326,327,141.24,155.04,13.8,698
327,328,46.86,54.85,7.99,43
328,329,19.19,20.85,1.66,565
329,330,158.47,167.25,8.78,625
330,331,80.73,109.13,28.4,728
331,332,61.08,71.14,10.06,542
332,333,155.45,193.51,38.06,715
333,334,110.25,141.21,30.96,507
334,335,101.44,119.66,18.22,392
335,336,181.36,216.62,35.26,920
336,337,219.95,286.29,66.34,147
337,338,59.47,69.62,10.15,677
338,339,64.8,70.03,5.23,420
339,340,196.72,251.56,54.84,737
340,341,28.11,34.32,6.21,891
341,342,36.44,42.56,6.12,140
342,343,193.57,268.25,74.68,831
343,344,206.08,251.23,45.15,121
344,345,156.58,195.21,38.63,304
345,346,69.59,97.31,27.72,735
346,347,223.78,226.53,2.75,917
347,348,111.97,138.15,26.18,446
348,349,130.11,182.72,52.61,194
349,350,210.35,233.45,23.1,150
350,351,168.93,202.13,33.2,213
351,352,34.86,43.0,8.14,880
352,353,54.64,74.25,19.61,270
353,354,216.05,242.11,26.06,804
354,355,12.11,14.1,1.99,609
355,356,191.98,192.63,0.65,698
356,357,29.67,39.32,9.65,257
357,358,79.29,103.21,23.92,389
358,359,243.01,299.57,56.56,336
359,360,42.69,45.75,3.06,391
360,361,163.82,188.59,24.77,705
361,362,80.32,87.64,7.32,290
362,363,156.69,157.25,0.56,658
363,364,142.09,163.11,21.02,515
364,365,278.65,286.19,7.54,833
365,366,240.16,269.72,29.56,845
366,367,134.91,179.53,44.62,186
367,368,181.18,199.57,18.39,890
368,369,205.54,263.23,57.69,544
369,370,191.99,199.15,7.16,324
370,371,134.65,187.65,53.0,720
371,372,189.66,192.92,3.26,339
372,373,12.4,13.43,1.03,471
373,374,43.0,54.03,11.03,294
374,375,106.38,118.39,12.01,78
375,376,129.8,162.32,32.52,557
376,377,88.19,111.22,23.03,765
377,378,86.39,94.09,7.7,129
378,379,32.29,46.03,13.74,853
379,380,223.12,274.75,51.63,295
380,381,43.26,58.05,14.79,485
381,382,166.21,211.62,45.41,760
382,383,149.92,208.76,58.84,934
383,384,143.77,146.41,2.64,186
384,385,85.31,94.51,9.2,255
385,386,5.83,6.49,0.66,825
386,387,214.86,253.45,38.59,91
387,388,207.4,293.01,85.61,204
388,389,105.92,146.05,40.13,161
389,390,230.66,251.52,20.86,286
390,391,154.54,197.1,42.56,149
391,392,86.22,103.61,17.39,312
392,393,147.33,207.31,59.98,784
393,394,69.68,87.12,17.44,441
394,395,19.13,24.32,5.19,451
395,396,77.48,105.29,27.81,345
396,397,160.32,178.76,18.44,35
397,398,235.49,253.18,17.69,871
398,399,242.68,276.76,34.08,704
399,400,35.86,41.8,5.94,820
400,401,57.65,58.29,0.64,834
401,402,131.63,143.24,11.61,894
402,403,63.69,70.57,6.88,658
403,404,222.89,225.16,2.27,408
404,405,172.74,231.21,58.47,385
405,406,192.61,213.51,20.9,605
406,407,172.57,228.12,55.55,857
407,408,200.83,212.07,11.24,145
408,409,69.51,91.82,22.31,962
409,410,24.13,32.49,8.36,966
410,411,34.36,43.11,8.75,726
411,412,86.92,107.87,20.95,968
412,413,115.97,148.8,32.83,250
413,414,118.29,124.96,6.67,913
414,415,285.04,297.18,12.14,937
415,416,254.07,290.36,36.29,782
416,417,210.03,293.49,83.46,706
417,418,227.62,271.64,44.02,748
418,419,96.17,122.66,26.49,287
419,420,143.62,155.52,11.9,202
420,421,157.5,181.1,23.6,637
421,422,11.71,15.47,3.76,109
422,423,95.64,120.4,24.76,934
423,424,127.93,168.68,40.75,647
424,425,114.34,127.32,12.98,981
425,426,10.09,12.43,2.34,169
426,427,86.98,107.5,20.52,969
427,428,151.2,166.69,15.49,403
428,429,162.88,225.98,63.1,201
429,430,98.78,102.87,4.09,361
430,431,134.47,141.01,6.54,245
431,432,39.86,46.15,6.29,57
432,433,174.09,234.79,60.7,599
433,434,40.51,54.49,13.98,522
434,435,281.67,285.23,3.56,111
435,436,275.73,277.28,1.55,766
436,437,112.65,158.73,46.08,227
437,438,23.65,29.15,5.5,592
438,439,219.98,286.34,66.36,563
439,440,109.03,110.2,1.17,616
440,441,194.71,214.44,19.73,750
441,442,70.01,97.81,27.8,635
442,443,213.33,284.64,71.31,104
443,444,41.75,42.47,0.72,513
444,445,119.81,120.59,0.78,888
445,446,241.25,284.2,42.95,103
446,447,152.81,173.42,20.61,150
447,448,158.0,167.94,9.94,101
448,449,138.01,182.05,44.04,272
449,450,263.22,294.93,31.71,853
450,451,57.01,62.77,5.76,990
451,452,135.19,189.0,53.81,356
452,453,245.37,284.55,39.18,983
453,454,107.52,109.37,1.85,529
454,455,197.42,232.56,35.14,163
455,456,226.35,280.15,53.8,99
456,457,60.79,77.82,17.03,464
457,458,102.3,117.21,14.91,982
458,459,31.57,40.06,8.49,839
459,460,5.54,6.66,1.12,24
460,461,258.58,279.66,21.08,610
461,462,119.14,157.57,38.43,347
462,463,74.56,81.75,7.19,561
463,464,127.95,168.42,40.47,951
464,465,60.41,77.18,16.77,12
465,466,148.97,185.97,37.0,834
466,467,245.62,292.59,46.97,678
467,468,267.06,282.08,15.02,131
468,469,76.65,93.6,16.95,746
469,470,19.35,21.98,2.63,672
470,471,291.59,295.4,3.81,361
471,472,209.76,211.56,1.8,497
472,473,217.94,275.67,57.73,481
473,474,56.07,74.7,18.63,585
474,475,121.62,132.8,11.18,550
475,476,256.48,270.07,13.59,15
476,477,67.17,89.34,22.17,45
477,478,71.6,76.41,4.81,609
478,479,183.95,242.86,58.91,303
479,480,175.02,197.65,22.63,947
480,481,10.79,12.73,1.94,713
481,482,6.08,8.11,2.03,212
482,483,212.88,250.74,37.86,865
483,484,99.45,120.77,21.32,605
484,485,93.46,124.66,31.2,630
485,486,79.07,102.78,23.71,502
486,487,121.12,128.73,7.61,368
487,488,93.75,117.79,24.04,339
488,489,8.4,10.83,2.43,373
489,490,133.98,166.99,33.01,893
490,491,239.68,288.87,49.19,670
491,492,175.48,182.72,7.24,569
492,493,221.1,252.04,30.94,659
493,494,102.86,125.85,22.99,711
494,495,183.45,185.51,2.06,261
495,496,201.55,272.09,70.54,223
496,497,260.22,296.09,35.87,938
497,498,102.37,141.09,38.72,340
498,499,200.48,243.01,42.53,851
499,500,99.89,105.26,5.37,475
500,501,148.66,153.91,5.25,44
501,502,103.65,145.5,41.85,174
502,503,5.94,8.15,2.21,224
503,504,47.57,54.39,6.82,450
504,505,228.66,281.57,52.91,984
505,506,56.42,62.01,5.59,611
506,507,182.4,230.46,48.06,356
507,508,14.37,17.33,2.96,82
508,509,64.09,83.99,19.9,683
509,510,196.97,207.18,10.21,167
510,511,9.59,10.39,0.8,952
511,512,17.83,20.13,2.3,232
512,513,125.93,144.47,18.54,286
513,514,67.29,73.46,6.17,671
514,515,129.56,136.77,7.21,411
515,516,167.78,184.92,17.14,795
516,517,42.18,48.09,5.91,621
517,518,117.71,129.59,11.88,174
518,519,191.03,213.24,22.21,33
519,520,136.16,153.36,17.2,572
520,521,127.7,157.36,29.66,603
521,522,24.63,26.35,1.72,143
522,523,186.46,234.8,48.34,340
523,524,204.53,256.04,51.51,885
524,525,67.68,88.75,21.07,485
525,526,164.67,213.79,49.12,844
526,527,237.13,299.02,61.89,912
527,528,171.11,224.66,53.55,663
528,529,50.14,65.95,15.81,604
529,530,13.28,14.45,1.17,303
530,531,241.24,253.3,12.06,682
531,532,5.46,6.04,0.58,41
532,533,24.29,26.61,2.32,444
533,534,237.14,253.72,16.58,891
534,535,181.29,236.83,55.54,290
535,536,181.75,206.61,24.86,700
536,537,53.48,62.55,9.07,847
537,538,30.74,35.36,4.62,934
538,539,95.75,120.66,24.91,442
539,540,194.06,233.25,39.19,801
540,541,203.83,216.76,12.93,517
541,542,186.87,253.92,67.05,700
542,543,54.16,62.43,8.27,931
543,544,164.05,176.31,12.26,769
544,545,170.86,240.44,69.58,896
545,546,107.14,109.33,2.19,467
546,547,127.77,163.91,36.14,23
547,548,125.51,133.49,7.98,674
548,549,112.23,136.85,24.62,775
549,550,84.68,87.84,3.16,497
550,551,134.86,157.18,22.32,258
551,552,142.98,186.85,43.87,834
552,553,170.94,226.45,55.51,440
553,554,122.55,166.13,43.58,645
554,555,87.02,96.41,9.39,164
555,556,183.12,188.24,5.12,838
556,557,120.31,148.43,28.12,196
557,558,153.92,219.09,65.17,316
558,559,39.52,42.03,2.51,392
559,560,191.27,263.44,72.17,899
560,561,59.22,69.92,10.7,627
561,562,110.02,116.47,6.45,23
562,563,4.88,6.71,1.83,783
563,564,98.51,140.4,41.89,58
564,565,103.13,118.69,15.56,200
565,566,102.09,111.66,9.57,238
566,567,147.57,201.06,53.49,396
567,568,98.83,125.64,26.81,460
568,569,84.46,111.21,26.75,672
569,570,90.07,94.25,4.18,402
570,571,136.6,146.75,10.15,586
571,572,92.61,118.46,25.85,866
572,573,118.07,122.19,4.12,819
573,574,49.39,55.89,6.5,614
574,575,56.42,69.36,12.94,967
575,576,184.87,244.37,59.5,93
576,577,67.94,84.66,16.72,580
577,578,246.43,298.25,51.82,441
578,579,190.98,257.88,66.9,651
579,580,286.89,290.65,3.76,865
580,581,158.92,165.54,6.62,35
581,582,89.51,95.91,6.4,818
582,583,249.35,265.48,16.13,116
583,584,130.31,134.25,3.94,131
584,585,20.28,28.01,7.73,588
585,586,163.27,201.63,38.36,50
586,587,92.58,97.52,4.94,377
587,588,250.2,253.37,3.17,707
588,589,234.06,239.01,4.95,37
589,590,42.71,43.38,0.67,942
590,591,36.19,41.52,5.33,857
591,592,9.62,12.92,3.3,969
592,593,114.35,159.58,45.23,327
593,594,61.99,69.42,7.43,753
594,595,25.9,32.38,6.48,660
595,596,220.19,254.79,34.6,345
596,597,120.93,156.81,35.88,81
597,598,59.67,62.05,2.38,383
598,599,102.06,144.41,42.35,140
599,600,167.22,199.2,31.98,72
600,601,143.86,199.44,55.58,360
601,602,155.52,195.08,39.56,656
602,603,101.16,141.77,40.61,231
603,604,191.34,266.47,75.13,75
604,605,31.22,37.01,5.79,699
605,606,111.76,112.83,1.07,854
606,607,18.24,21.92,3.68,433
607,608,166.36,200.19,33.83,228
608,609,153.47,189.12,35.65,618
609,610,60.21,62.64,2.43,675
610,611,192.65,234.35,41.7,909
611,612,54.7,56.72,2.02,336
612,613,85.94,122.29,36.35,203
613,614,98.68,139.26,40.58,841
614,615,55.12,74.79,19.67,733
615,616,29.52,33.19,3.67,24
616,617,116.23,163.6,47.37,867
617,618,92.4,129.05,36.65,868
618,619,212.72,276.26,63.54,231
619,620,19.3,26.87,7.57,626
620,621,222.93,252.67,29.74,532
621,622,201.02,215.46,14.44,714
622,623,48.29,66.85,18.56,659
623,624,7.11,9.87,2.76,927
624,625,202.33,202.91,0.58,163
625,626,282.61,299.08,16.47,655
626,627,94.07,128.45,34.38,858
627,628,184.41,197.64,13.23,69
628,629,248.63,267.49,18.86,902
629,630,100.76,134.26,33.5,735
630,631,163.5,174.16,10.66,922
631,632,27.8,29.45,1.65,658
632,633,79.74,85.89,6.15,70
633,634,67.92,94.93,27.01,909
634,635,237.47,280.57,43.1,917
635,636,53.37,73.58,20.21,992
636,637,140.3,186.21,45.91,356
637,638,90.65,108.84,18.19,941
638,639,157.32,194.94,37.62,818
639,640,253.06,259.21,6.15,495
640,641,81.32,94.36,13.04,318
641,642,81.53,86.71,5.18,956
642,643,140.82,176.46,35.64,30
643,644,180.43,232.82,52.39,425
644,645,153.37,176.93,23.56,887
645,646,138.85,156.22,17.37,215
646,647,135.39,189.82,54.43,75
647,648,202.21,288.33,86.12,96
648,649,132.4,153.23,20.83,829
649,650,100.21,119.5,19.29,968
650,651,140.17,175.32,35.15,908
651,652,114.55,132.33,17.78,434
652,653,95.97,107.49,11.52,461
653,654,122.18,159.1,36.92,83
654,655,130.86,161.27,30.41,878
655,656,60.01,72.01,12.0,984
656,657,17.78,21.89,4.11,810
657,658,77.23,101.74,24.51,929
658,659,111.39,116.01,4.62,290
659,660,97.02,119.22,22.2,287
660,661,24.61,30.65,6.04,972
661,662,136.89,140.29,3.4,987
662,663,120.23,154.12,33.89,34
663,664,32.7,38.68,5.98,30
664,665,69.12,70.48,1.36,40
665,666,44.1,50.19,6.09,274
666,667,39.41,56.12,16.71,546
667,668,116.64,136.09,19.45,491
668,669,158.44,199.27,40.83,826
669,670,218.11,294.98,76.87,532
670,671,38.38,52.96,14.58,128
671,672,154.24,156.56,2.32,140
672,673,75.46,107.06,31.6,970
673,674,256.51,269.36,12.85,469
674,675,170.77,208.79,38.02,75
675,676,99.73,102.4,2.67,585
676,677,31.6,41.84,10.24,398
677,678,175.07,223.26,48.19,142
678,679,153.83,219.35,65.52,878
679,680,74.0,92.96,18.96,412
680,681,56.27,60.27,4.0,841
681,682,41.49,53.04,11.55,563
682,683,31.03,43.33,12.3,225
683,684,59.13,72.41,13.28,589
684,685,216.68,295.58,78.9,321
685,686,197.46,277.56,80.1,574
686,687,122.46,159.24,36.78,400
687,688,223.46,299.71,76.25,971
688,689,227.27,235.22,7.95,667
689,690,48.19,58.16,9.97,298
690,691,91.73,101.61,9.88,797
691,692,142.5,144.67,2.17,157
692,693,28.02,32.12,4.1,52
693,694,222.73,285.62,62.89,30
694,695,220.61,234.28,13.67,797
695,696,226.22,297.08,70.86,961
696,697,11.76,12.5,0.74,445
697,698,88.21,116.06,27.85,842
698,699,192.96,225.0,32.04,358
699,700,149.84,187.84,38.0,495
700,701,239.35,246.14,6.79,372
701,702,157.65,172.09,14.44,999
702,703,251.43,269.15,17.72,648
703,704,54.17,70.42,16.25,278
704,705,78.14,111.41,33.27,716
705,706,195.51,261.3,65.79,77
706,707,12.52,17.58,5.06,591
707,708,195.2,204.36,9.16,623
708,709,166.99,236.78,69.79,497
709,710,253.35,288.16,34.81,935
710,711,126.16,172.73,46.57,181
711,712,112.06,130.47,18.41,637
712,713,81.9,116.66,34.76,95
713,714,47.53,50.93,3.4,163
714,715,166.57,220.08,53.51,867
715,716,14.82,16.9,2.08,933
716,717,197.97,211.77,13.8,946
717,718,234.17,250.82,16.65,747
718,719,173.69,195.76,22.07,888
719,720,201.45,278.01,76.56,423
720,721,54.39,56.29,1.9,215
721,722,89.29,100.38,11.09,75
722,723,242.21,293.79,51.58,327
723,724,249.05,261.77,12.72,704
724,725,154.49,197.25,42.76,471
725,726,167.6,182.49,14.89,895
726,727,275.49,299.89,24.4,350
727,728,226.64,231.97,5.33,604
728,729,99.06,125.53,26.47,970
729,730,203.58,212.54,8.96,471
730,731,184.8,239.14,54.34,794
731,732,53.97,69.23,15.26,57
732,733,93.6,110.0,16.4,423
733,734,221.85,284.9,63.05,190
734,735,212.66,238.31,25.65,313
735,736,120.05,168.86,48.81,327
736,737,21.91,29.11,7.2,526
737,738,122.48,137.72,15.24,322
738,739,261.43,292.0,30.57,344
739,740,171.59,199.4,27.81,863
740,741,192.16,258.59,66.43,253
741,742,241.21,256.94,15.73,110
742,743,54.84,58.37,3.53,207
743,744,132.01,137.01,5.0,114
744,745,172.47,243.45,70.98,831
745,746,136.17,181.36,45.19,90
746,747,197.89,203.71,5.82,748
747,748,52.18,59.95,7.77,547
748,749,119.32,140.01,20.69,38
749,750,157.12,218.18,61.06,695
750,751,98.39,100.89,2.5,141
751,752,193.49,202.02,8.53,917
752,753,110.04,128.13,18.09,222
753,754,197.05,222.45,25.4,75
754,755,72.38,102.39,30.01,93
755,756,190.62,256.24,65.62,264
756,757,174.04,236.7,62.66,242
757,758,150.27,197.25,46.98,177
758,759,48.42,55.05,6.63,434
759,760,82.09,115.08,32.99,283
760,761,219.9,286.53,66.63,787
761,762,111.31,113.76,2.45,712
762,763,60.08,68.18,8.1,74
763,764,210.03,266.18,56.15,393
764,765,129.61,169.77,40.16,424
765,766,141.13,177.4,36.27,489
766,767,264.91,289.4,24.49,190
767,768,232.23,287.33,55.1,736
768,769,273.7,277.69,3.99,901
769,770,208.22,272.08,63.86,816
770,771,235.77,299.19,63.42,524
771,772,86.93,101.81,14.88,630
772,773,111.05,122.89,11.84,308
773,774,210.37,266.98,56.61,319
774,775,100.41,103.6,3.19,954
775,776,59.08,80.12,21.04,177
776,777,240.72,287.91,47.19,297
777,778,119.01,160.39,41.38,978
778,779,169.34,195.05,25.71,210
779,780,6.58,8.43,1.85,104
780,781,223.95,278.82,54.87,681
781,782,176.13,237.09,60.96,510
782,783,179.65,209.32,29.67,231
783,784,90.04,98.34,8.3,725
784,785,215.42,284.67,69.25,843
785,786,153.91,155.26,1.35,864
786,787,70.04,77.8,7.76,108
787,788,22.48,27.34,4.86,125
788,789,123.82,163.06,39.24,913
789,790,204.49,270.37,65.88,732
790,791,31.98,44.37,12.39,187
791,792,282.89,283.86,0.97,519
792,793,147.61,171.24,23.63,730
793,794,128.84,174.4,45.56,218
794,795,160.65,215.98,55.33,863
795,796,226.0,262.87,36.87,701
796,797,227.94,274.68,46.74,815
797,798,166.25,235.66,69.41,306
798,799,150.79,164.66,13.87,271
799,800,84.79,110.37,25.58,543
800,801,206.98,239.79,32.81,784
801,802,14.25,18.66,4.41,152
802,803,62.64,76.8,14.16,188
803,804,45.97,50.61,4.64,63
804,805,11.65,16.35,4.7,47
805,806,31.3,44.58,13.28,112
806,807,106.61,113.41,6.8,103
807,808,85.63,86.81,1.18,837
808,809,80.92,86.66,5.74,578
809,810,224.57,234.73,10.16,258
810,811,218.44,252.15,33.71,297
811,812,191.88,194.78,2.9,721
812,813,110.73,151.3,40.57,35
813,814,118.44,151.37,32.93,768
814,815,56.69,64.44,7.75,837
815,816,73.93,85.44,11.51,420
816,817,87.71,97.0,9.29,512
817,818,165.01,182.79,17.78,714
818,819,184.73,244.93,60.2,615
819,820,147.03,209.64,62.61,758
820,821,111.77,144.93,33.16,400
821,822,206.15,274.14,67.99,410
822,823,187.01,198.92,11.91,314
823,824,108.75,125.54,16.79,89
824,825,106.8,150.75,43.95,454
825,826,92.26,111.21,18.95,533
826,827,153.3,187.84,34.54,295
827,828,200.92,261.73,60.81,969
828,829,50.29,59.62,9.33,670
829,830,226.11,232.02,5.91,421
830,831,99.33,130.63,31.3,105
831,832,165.49,172.44,6.95,842
832,833,124.96,143.69,18.73,442
833,834,248.89,292.85,43.96,146
834,835,134.41,184.9,50.49,958
835,836,58.74,61.48,2.74,199
836,837,197.9,264.35,66.45,206
837,838,117.52,158.92,41.4,338
838,839,88.49,100.11,11.62,369
839,840,110.21,115.11,4.9,88
840,841,137.77,149.92,12.15,925
841,842,245.89,286.94,41.05,253
842,843,78.8,85.4,6.6,36
843,844,32.42,44.17,11.75,32
844,845,155.99,197.33,41.34,743
845,846,102.23,108.61,6.38,127
846,847,166.35,175.03,8.68,413
847,848,116.23,145.04,28.81,643
848,849,171.55,207.35,35.8,396
849,850,177.17,231.78,54.61,768
850,851,115.79,122.87,7.08,551
851,852,154.52,165.08,10.56,530
852,853,170.02,235.76,65.74,392
853,854,151.18,198.1,46.92,170
854,855,144.55,163.32,18.77,491
855,856,218.59,220.37,1.78,414
856,857,203.53,228.24,24.71,117
857,858,157.04,188.03,30.99,125
858,859,113.33,141.6,28.27,471
859,860,190.84,211.91,21.07,183
860,861,268.24,297.26,29.02,997
861,862,197.15,201.71,4.56,664
862,863,232.21,247.17,14.96,398
863,864,144.35,165.78,21.43,709
864,865,63.17,84.49,21.32,109
865,866,230.0,232.51,2.51,273
866,867,246.81,282.09,35.28,255
867,868,244.88,250.09,5.21,202
868,869,154.21,167.92,13.71,385
869,870,178.4,183.93,5.53,707
870,871,76.73,93.17,16.44,488
871,872,11.4,15.87,4.47,57
872,873,257.72,286.9,29.18,893
873,874,159.73,219.63,59.9,240
874,875,17.81,20.16,2.35,742
875,876,221.1,225.95,4.85,106
876,877,63.61,83.25,19.64,469
877,878,213.18,258.94,45.76,718
878,879,220.31,238.8,18.49,654
879,880,88.18,104.74,16.56,164
880,881,53.07,68.47,15.4,896
881,882,107.21,112.92,5.71,13
882,883,87.74,89.25,1.51,650
883,884,203.21,264.45,61.24,661
884,885,56.69,58.34,1.65,165
885,886,78.17,80.42,2.25,250
886,887,190.81,262.73,71.92,802
887,888,194.2,221.05,26.85,268
888,889,149.92,195.87,45.95,808
889,890,180.39,250.88,70.49,912
890,891,178.86,196.41,17.55,952
891,892,15.01,18.47,3.46,633
892,893,241.05,257.34,16.29,715
893,894,106.13,142.75,36.62,827
894,895,51.06,69.64,18.58,344
895,896,198.54,242.93,44.39,713
896,897,205.31,209.47,4.16,165
897,898,117.42,121.78,4.36,519
898,899,149.25,181.53,32.28,93
899,900,99.57,109.19,9.62,789
900,901,228.71,282.3,53.59,454
901,902,142.21,175.81,33.6,409
902,903,206.98,263.96,56.98,510
903,904,217.06,221.67,4.61,879
904,905,23.15,24.05,0.9,796
905,906,20.59,26.72,6.13,190
906,907,74.92,88.99,14.07,242
907,908,60.0,65.57,5.57,39
908,909,66.41,80.58,14.17,440
909,910,37.28,38.99,1.71,264
910,911,233.26,283.18,49.92,201
911,912,100.26,119.45,19.19,111
912,913,80.99,108.55,27.56,516
913,914,193.78,202.87,9.09,928
914,915,9.35,10.65,1.3,997
915,916,163.97,191.19,27.22,890
916,917,287.24,289.04,1.8,703
917,918,205.13,282.57,77.44,114
918,919,89.34,97.14,7.8,79
919,920,34.74,39.18,4.44,433
920,921,134.49,179.46,44.97,486
921,922,111.18,153.72,42.54,776
922,923,90.69,112.23,21.54,382
923,924,21.5,28.74,7.24,304
924,925,12.51,17.21,4.7,532
925,926,120.9,148.3,27.4,901
926,927,135.53,176.91,41.38,214
927,928,33.15,37.66,4.51,768
928,929,183.07,230.12,47.05,183
929,930,11.14,13.22,2.08,961
930,931,44.46,60.83,16.37,847
931,932,241.28,246.43,5.15,52
932,933,151.98,168.28,16.3,247
933,934,180.73,229.87,49.14,11
934,935,29.53,37.6,8.07,771
935,936,54.48,75.26,20.78,636
936,937,102.62,116.67,14.05,956
937,938,121.92,126.49,4.57,394
938,939,173.66,238.5,64.84,709
939,940,201.29,202.81,1.52,981
940,941,179.75,199.52,19.77,572
941,942,206.72,225.83,19.11,309
942,943,39.65,40.82,1.17,620
943,944,166.73,223.93,57.2,406
944,945,18.55,24.76,6.21,242
945,946,55.15,77.48,22.33,909
946,947,21.93,26.1,4.17,62
947,948,148.81,166.28,17.47,39
948,949,197.3,261.05,63.75,848
949,950,45.71,53.12,7.41,509
950,951,86.33,90.34,4.01,266
951,952,63.64,89.53,25.89,259
952,953,163.7,169.93,6.23,407
953,954,50.41,71.71,21.3,138
954,955,58.2,62.31,4.11,134
955,956,55.82,65.64,9.82,367
956,957,210.09,219.2,9.11,413
957,958,29.46,31.39,1.93,252
958,959,108.14,131.88,23.74,250
959,960,275.16,287.75,12.59,738
960,961,140.51,166.89,26.38,312
961,962,23.18,24.97,1.79,723
962,963,178.08,182.23,4.15,715
963,964,259.67,284.4,24.73,60
964,965,66.34,94.14,27.8,395
965,966,65.68,80.94,15.26,273
966,967,50.97,53.69,2.72,294
967,968,145.07,183.82,38.75,173
968,969,193.79,254.15,60.36,732
969,970,246.32,292.71,46.39,31
970,971,203.73,247.97,44.24,433
971,972,176.3,177.18,0.88,39
972,973,177.22,189.51,12.29,655
973,974,57.13,66.2,9.07,704
974,975,267.3,286.67,19.37,834
975,976,262.41,293.72,31.31,257
976,977,107.73,116.73,9.0,832
977,978,47.1,57.57,10.47,981
978,979,240.89,288.11,47.22,364
979,980,168.34,206.37,38.03,720
980,981,176.1,236.95,60.85,818
981,982,18.4,25.33,6.93,71
982,983,105.14,144.62,39.48,232
983,984,105.68,108.91,3.23,925
984,985,213.8,298.16,84.36,1000
985,986,111.45,115.69,4.24,782
986,987,142.19,166.95,24.76,22
987,988,93.16,103.78,10.62,250
988,989,193.44,216.64,23.2,333
989,990,165.92,210.58,44.66,817
990,991,31.15,42.32,11.17,930
991,992,230.86,255.74,24.88,204
992,993,107.47,133.07,25.6,586
993,994,194.97,265.67,70.7,277
994,995,165.79,173.35,7.56,816
995,996,6.19,6.74,0.55,179
996,997,270.93,294.23,23.3,736
997,998,167.24,187.47,20.23,982
998,999,198.57,273.12,74.55,95
999,1000,137.18,151.56,14.38,975
1000,1001,191.53,237.35,45.82,521
1001,1002,162.2,206.2,44.0,954
1002,1003,48.59,69.28,20.69,702
1003,1004,110.86,151.43,40.57,40
1004,1005,213.88,237.73,23.85,343
1005,1006,184.2,249.46,65.26,311
1006,1007,13.3,18.47,5.17,762
1007,1008,161.84,168.8,6.96,336
1008,1009,80.79,91.16,10.37,536
1009,1010,184.75,188.4,3.65,881
1010,1011,105.44,124.64,19.2,596
1011,1012,89.06,100.32,11.26,761
1012,1013,142.37,196.86,54.49,49
1013,1014,79.12,86.61,7.49,590
1014,1015,237.89,277.7,39.81,875
1015,1016,38.42,52.99,14.57,492
1016,1017,220.52,252.89,32.37,82
1017,1018,230.81,267.25,36.44,243
1018,1019,207.9,213.15,5.25,399
1019,1020,232.34,242.52,10.18,828
1020,1021,106.91,119.55,12.64,777
1021,1022,70.03,84.04,14.01,434
1022,1023,128.86,146.73,17.87,984
1023,1024,16.76,21.01,4.25,739
1024,1025,271.24,278.25,7.01,380
1025,1026,110.63,129.29,18.66,388
1026,1027,88.88,103.49,14.61,948
1027,1028,6.21,7.46,1.25,557
1028,1029,162.72,165.63,2.91,403
1029,1030,212.6,292.53,79.93,314
1030,1031,8.79,9.87,1.08,961
1031,1032,98.83,126.67,27.84,34
1032,1033,100.5,121.6,21.1,61
1033,1034,185.03,207.92,22.89,199
1034,1035,150.93,207.22,56.29,599
1035,1036,162.6,227.25,64.65,293
1036,1037,81.26,93.99,12.73,848
1037,1038,7.83,9.1,1.27,231
1038,1039,78.72,104.61,25.89,569
1039,1040,120.92,127.33,6.41,28
1040,1041,131.07,153.22,22.15,799
1041,1042,48.53,52.08,3.55,718
1042,1043,14.73,20.95,6.22,563
1043,1044,5.97,8.48,2.51,971
1044,1045,55.83,59.38,3.55,699
1045,1046,71.01,80.97,9.96,548
1046,1047,200.04,236.43,36.39,381
1047,1048,152.88,184.73,31.85,287
1048,1049,176.99,251.7,74.71,49
1049,1050,215.22,263.18,47.96,954
1050,1051,75.37,98.1,22.73,711
1051,1052,202.89,252.13,49.24,293
1052,1053,196.43,227.74,31.31,29
1053,1054,113.36,150.36,37.0,777
1054,1055,222.59,235.43,12.84,844
1055,1056,100.58,104.91,4.33,582
1056,1057,270.07,291.75,21.68,822
1057,1058,203.24,256.21,52.97,16
1058,1059,138.18,156.95,18.77,293
1059,1060,25.14,35.31,10.17,731
1060,1061,22.44,27.71,5.27,69
1061,1062,259.88,274.22,14.34,70
1062,1063,72.61,102.81,30.2,448
1063,1064,79.92,113.83,33.91,337
1064,1065,246.11,258.95,12.84,601
1065,1066,213.78,242.54,28.76,126
1066,1067,190.3,269.77,79.47,283
1067,1068,198.82,256.07,57.25,718
1068,1069,91.38,130.12,38.74,29
1069,1070,261.35,282.7,21.35,950
1070,1071,171.27,239.1,67.83,874
1071,1072,17.81,21.11,3.3,792
1072,1073,57.08,71.94,14.86,180
1073,1074,77.42,109.63,32.21,931
1074,1075,216.41,294.02,77.61,282
1075,1076,211.17,292.05,80.88,834
1076,1077,141.19,158.32,17.13,766
1077,1078,43.57,51.25,7.68,98
1078,1079,181.84,222.53,40.69,419
1079,1080,176.2,180.58,4.38,395
1080,1081,67.19,73.76,6.57,488
1081,1082,153.48,185.19,31.71,564
1082,1083,49.59,51.93,2.34,674
1083,1084,247.68,290.31,42.63,292
1084,1085,31.28,37.42,6.14,737
1085,1086,74.78,90.23,15.45,892
1086,1087,147.29,196.37,49.08,252
1087,1088,217.67,220.66,2.99,158
1088,1089,199.38,213.08,13.7,188
1089,1090,212.94,225.15,12.21,497
1090,1091,101.53,117.23,15.7,697
1091,1092,141.07,144.84,3.77,600
1092,1093,192.02,256.93,64.91,247
1093,1094,109.9,131.45,21.55,154
1094,1095,164.64,210.29,45.65,929
1095,1096,51.25,61.41,10.16,264
1096,1097,92.6,120.48,27.88,797
1097,1098,221.99,225.52,3.53,47
1098,1099,51.77,66.1,14.33,527
1099,1100,35.45,50.22,14.77,10
1100,1101,6.44,7.81,1.37,954
1101,1102,190.61,208.48,17.87,331
1102,1103,67.87,94.57,26.7,29
1103,1104,262.9,279.13,16.23,966
1104,1105,40.35,57.4,17.05,335
1105,1106,69.85,82.21,12.36,186
1106,1107,60.28,61.14,0.86,414
1107,1108,162.27,224.36,62.09,749
1108,1109,121.02,161.14,40.12,528
1109,1110,83.09,86.9,3.81,969
1110,1111,100.59,110.48,9.89,903
1111,1112,15.33,16.02,0.69,619
1112,1113,203.05,279.69,76.64,388
1113,1114,211.92,240.55,28.63,268
1114,1115,174.56,224.98,50.42,372
1115,1116,152.51,184.21,31.7,631
1116,1117,7.09,7.61,0.52,842
1117,1118,15.03,18.95,3.92,708
1118,1119,138.32,175.8,37.48,345
1119,1120,170.0,203.89,33.89,786
1120,1121,96.13,132.66,36.53,247
1121,1122,122.49,132.73,10.24,96
1122,1123,95.85,101.46,5.61,497
1123,1124,165.82,235.32,69.5,955
1124,1125,181.21,258.11,76.9,913
1125,1126,215.33,292.16,76.83,711
1126,1127,210.23,274.67,64.44,183
1127,1128,51.95,53.85,1.9,574
1128,1129,178.93,212.53,33.6,641
1129,1130,34.87,40.48,5.61,402
1130,1131,23.28,27.15,3.87,275
1131,1132,220.38,231.11,10.73,631
1132,1133,27.27,33.11,5.84,555
1133,1134,164.94,169.27,4.33,83
1134,1135,136.46,194.31,57.85,93
1135,1136,189.41,241.47,52.06,710
1136,1137,150.83,156.41,5.58,949
1137,1138,22.89,26.01,3.12,447
1138,1139,41.2,50.44,9.24,184
1139,1140,72.65,93.81,21.16,144
1140,1141,211.37,247.98,36.61,380
1141,1142,162.88,221.52,58.64,95
1142,1143,96.9,101.54,4.64,316
1143,1144,67.73,88.82,21.09,247
1144,1145,95.36,109.85,14.49,566
1145,1146,239.03,294.21,55.18,759
1146,1147,275.47,291.46,15.99,293
1147,1148,174.02,178.26,4.24,95
1148,1149,102.18,129.84,27.66,527
1149,1150,134.9,160.02,25.12,566
1150,1151,64.75,75.26,10.51,532
1151,1152,137.05,139.38,2.33,687
1152,1153,233.69,256.6,22.91,875
1153,1154,65.59,72.73,7.14,356
1154,1155,62.73,86.1,23.37,630
1155,1156,89.24,125.03,35.79,336
1156,1157,239.6,246.96,7.36,979
1157,1158,55.22,62.38,7.16,955
1158,1159,44.8,53.02,8.22,198
1159,1160,27.14,30.69,3.55,314
1160,1161,190.79,238.53,47.74,281
1161,1162,270.91,278.35,7.44,722
1162,1163,280.85,290.91,10.06,745
1163,1164,234.68,253.79,19.11,562
1164,1165,65.46,72.01,6.55,451
1165,1166,119.28,146.92,27.64,576
1166,1167,33.89,36.97,3.08,324
1167,1168,129.65,174.1,44.45,496
1168,1169,8.43,11.43,3.0,75
1169,1170,49.08,50.4,1.32,678
1170,1171,242.56,266.95,24.39,482
1171,1172,169.92,175.19,5.27,393
1172,1173,39.01,48.14,9.13,902
1173,1174,5.85,6.78,0.93,85
1174,1175,223.72,278.09,54.37,762
1175,1176,25.74,29.57,3.83,581
1176,1177,292.81,294.5,1.69,138
1177,1178,176.45,241.44,64.99,579
1178,1179,78.39,90.65,12.26,288
1179,1180,125.09,140.66,15.57,755
1180,1181,79.39,95.1,15.71,873
1181,1182,29.96,41.26,11.3,105
1182,1183,72.53,84.6,12.07,692
1183,1184,36.13,45.18,9.05,552
1184,1185,232.88,274.32,41.44,979
1185,1186,102.96,133.84,30.88,312
1186,1187,107.44,115.61,8.17,860
1187,1188,120.46,165.31,44.85,115
1188,1189,178.87,251.87,73.0,909
1189,1190,82.08,87.77,5.69,257
1190,1191,183.2,256.91,73.71,847
1191,1192,34.48,43.73,9.25,455
1192,1193,4.38,5.4,1.02,151
1193,1194,79.83,88.88,9.05,13
1194,1195,27.99,37.27,9.28,968
1195,1196,73.36,101.6,28.24,81
1196,1197,241.99,249.55,7.56,373
1197,1198,14.17,19.4,5.23,259
1198,1199,176.51,181.29,4.78,932
1199,1200,213.47,265.26,51.79,799
1200,1201,196.44,236.84,40.4,731
1201,1202,115.28,142.62,27.34,676
1202,1203,70.44,71.64,1.2,58
1203,1204,285.01,294.94,9.93,209
1204,1205,103.34,117.19,13.85,813
1205,1206,41.92,58.81,16.89,453
1206,1207,220.93,293.09,72.16,891
1207,1208,194.1,244.13,50.03,108
1208,1209,122.04,155.29,33.25,448
1209,1210,273.86,298.05,24.19,613
1210,1211,200.5,238.62,38.12,570
1211,1212,27.12,27.81,0.69,625
1212,1213,58.44,67.77,9.33,421
1213,1214,233.56,252.14,18.58,422
1214,1215,54.84,65.01,10.17,835
1215,1216,118.22,166.69,48.47,13
1216,1217,192.01,267.42,75.41,252
1217,1218,207.61,229.02,21.41,906
1218,1219,146.03,205.75,59.72,515
1219,1220,204.86,227.33,22.47,994
1220,1221,16.75,22.19,5.44,618
1221,1222,197.53,271.27,73.74,73
1222,1223,31.48,44.19,12.71,64
1223,1224,98.15,135.31,37.16,399
1224,1225,89.76,122.2,32.44,864
1225,1226,13.09,18.17,5.08,774
1226,1227,29.11,40.13,11.02,859
1227,1228,109.22,126.31,17.09,753
1228,1229,28.23,29.69,1.46,430
1229,1230,75.55,90.24,14.69,486
1230,1231,246.86,247.89,1.03,622
1231,1232,122.93,163.01,40.08,738
1232,1233,127.8,181.2,53.4,961
1233,1234,118.34,145.53,27.19,577
1234,1235,203.55,213.95,10.4,309
1235,1236,9.01,12.79,3.78,626
1236,1237,44.78,48.55,3.77,994
1237,1238,274.87,297.39,22.52,614
1238,1239,22.84,23.98,1.14,557
1239,1240,35.12,40.51,5.39,986
1240,1241,137.82,182.21,44.39,882
1241,1242,108.5,141.34,32.84,235
1242,1243,233.5,249.08,15.58,434
1243,1244,100.82,123.23,22.41,125
1244,1245,141.2,143.07,1.87,177
1245,1246,27.72,37.89,10.17,424
1246,1247,44.27,44.79,0.52,863
1247,1248,209.42,233.05,23.63,914
1248,1249,5.6,7.45,1.85,637
1249,1250,112.43,128.81,16.38,952
1250,1251,81.93,89.61,7.68,862
1251,1252,43.02,59.96,16.94,466
1252,1253,3.83,5.39,1.56,777
1253,1254,182.2,202.1,19.9,551
1254,1255,24.54,26.79,2.25,615
1255,1256,158.66,189.46,30.8,142
1256,1257,49.48,53.39,3.91,255
1257,1258,99.34,119.48,20.14,753
1258,1259,8.26,10.63,2.37,1000
1259,1260,72.27,78.1,5.83,663
1260,1261,107.56,128.02,20.46,472
1261,1262,82.35,94.73,12.38,936
1262,1263,78.63,97.38,18.75,230
1263,1264,73.16,95.23,22.07,605
1264,1265,83.9,101.42,17.52,18
1265,1266,258.25,265.33,7.08,909
1266,1267,37.41,48.4,10.99,394
1267,1268,232.79,252.37,19.58,903
1268,1269,18.55,22.09,3.54,823
1269,1270,254.44,270.05,15.61,74
1270,1271,87.66,92.81,5.15,357
1271,1272,218.5,260.86,42.36,48
1272,1273,189.78,210.57,20.79,268
1273,1274,212.61,282.06,69.45,260
1274,1275,133.09,156.22,23.13,675
1275,1276,214.87,240.91,26.04,917
1276,1277,171.79,215.17,43.38,989
1277,1278,148.07,162.69,14.62,600
1278,1279,113.34,116.59,3.25,710
1279,1280,187.81,259.03,71.22,802
1280,1281,74.73,91.66,16.93,537
1281,1282,187.13,198.22,11.09,727
1282,1283,62.66,75.33,12.67,937
1283,1284,24.47,28.12,3.65,326
1284,1285,246.62,259.58,12.96,204
1285,1286,82.3,110.3,28.0,314
1286,1287,229.77,270.08,40.31,901
1287,1288,182.18,214.6,32.42,433
1288,1289,27.48,38.18,10.7,132
1289,1290,21.04,23.15,2.11,924
1290,1291,118.51,136.35,17.84,819
1291,1292,184.45,187.53,3.08,371
1292,1293,131.26,133.29,2.03,402
1293,1294,215.75,219.43,3.68,702
1294,1295,149.84,179.98,30.14,120
1295,1296,59.14,77.05,17.91,204
1296,1297,160.06,178.64,18.58,700
1297,1298,43.91,59.92,16.01,450
1298,1299,201.83,245.11,43.28,833
1299,1300,166.12,231.74,65.62,744
1300,1301,243.1,244.0,0.9,514
1301,1302,248.13,261.83,13.7,608
1302,1303,217.99,263.16,45.17,295
1303,1304,116.84,135.69,18.85,158
1304,1305,79.57,93.03,13.46,573
1305,1306,104.72,147.41,42.69,488
1306,1307,63.07,86.67,23.6,130
1307,1308,135.92,152.38,16.46,307
1308,1309,234.72,281.77,47.05,92
1309,1310,101.83,123.79,21.96,827
1310,1311,88.6,117.26,28.66,681
1311,1312,267.07,268.79,1.72,920
1312,1313,175.3,236.27,60.97,184
1313,1314,182.11,191.61,9.5,719
1314,1315,43.77,47.22,3.45,536
1315,1316,92.89,94.57,1.68,883
1316,1317,208.8,214.45,5.65,275
1317,1318,271.52,275.44,3.92,546
1318,1319,86.69,104.87,18.18,658
1319,1320,192.26,197.49,5.23,477
1320,1321,143.05,162.16,19.11,277
1321,1322,41.12,46.33,5.21,979
1322,1323,237.48,239.93,2.45,445
1323,1324,167.41,213.6,46.19,143
1324,1325,100.02,106.35,6.33,513
1325,1326,164.95,233.36,68.41,282
1326,1327,14.75,21.05,6.3,475
1327,1328,157.02,221.22,64.2,223
1328,1329,42.13,51.73,9.6,637
1329,1330,40.64,45.0,4.36,592
1330,1331,137.28,195.66,58.38,130
1331,1332,91.58,96.45,4.87,732
1332,1333,29.82,39.39,9.57,367
1333,1334,62.2,80.93,18.73,198
1334,1335,170.77,204.32,33.55,760
1335,1336,112.17,142.02,29.85,672
1336,1337,134.6,179.97,45.37,563
1337,1338,62.68,70.65,7.97,310
1338,1339,218.84,220.73,1.89,544
1339,1340,235.96,283.47,47.51,866
1340,1341,84.08,97.16,13.08,853
1341,1342,191.58,254.37,62.79,11
1342,1343,122.44,156.5,34.06,846
1343,1344,235.76,263.11,27.35,590
1344,1345,44.27,54.03,9.76,855
1345,1346,55.92,60.28,4.36,861
1346,1347,156.99,215.38,58.39,938
1347,1348,267.75,283.83,16.08,459
1348,1349,17.96,23.84,5.88,103
1349,1350,206.66,251.72,45.06,245
1350,1351,208.58,255.76,47.18,266
1351,1352,92.0,95.33,3.33,786
1352,1353,138.04,143.38,5.34,626
1353,1354,268.32,297.77,29.45,660
1354,1355,219.5,294.12,74.62,702
1355,1356,85.34,97.24,11.9,585
1356,1357,151.69,167.02,15.33,332
1357,1358,262.41,280.55,18.14,671
1358,1359,90.56,101.67,11.11,324
1359,1360,148.41,158.2,9.79,660
1360,1361,7.08,9.97,2.89,812
1361,1362,159.94,228.3,68.36,367
1362,1363,191.4,192.45,1.05,64
1363,1364,189.81,242.61,52.8,683
1364,1365,171.53,175.73,4.2,898
1365,1366,44.14,55.54,11.4,42
1366,1367,35.83,40.09,4.26,638
1367,1368,52.51,61.32,8.81,439
1368,1369,18.32,24.13,5.81,313
1369,1370,46.05,65.63,19.58,940
1370,1371,133.16,154.3,21.14,292
1371,1372,125.38,160.24,34.86,116
1372,1373,107.92,114.15,6.23,444
1373,1374,100.06,105.31,5.25,744
1374,1375,159.58,225.91,66.33,176
1375,1376,167.38,205.02,37.64,138
1376,1377,147.83,173.32,25.49,244
1377,1378,17.18,21.24,4.06,616
1378,1379,69.82,74.7,4.88,304
1379,1380,219.96,252.26,32.3,323
1380,1381,191.46,210.26,18.8,685
1381,1382,246.95,248.91,1.96,389
1382,1383,180.11,198.02,17.91,583
1383,1384,155.12,214.59,59.47,426
1384,1385,45.39,52.41,7.02,243
1385,1386,216.23,280.21,63.98,890
1386,1387,122.34,161.27,38.93,339
1387,1388,99.29,138.95,39.66,928
1388,1389,174.51,232.08,57.57,425
1389,1390,136.84,164.58,27.74,703
1390,1391,70.4,94.35,23.95,717
1391,1392,28.6,35.23,6.63,1000
1392,1393,35.1,40.75,5.65,36
1393,1394,198.89,220.93,22.04,489
1394,1395,187.92,197.37,9.45,127
1395,1396,164.72,190.8,26.08,610
1396,1397,126.92,152.68,25.76,869
1397,1398,52.63,70.22,17.59,683
1398,1399,105.69,111.09,5.4,184
1399,1400,151.63,191.44,39.81,769
1400,1401,74.82,98.81,23.99,218
1401,1402,104.36,129.31,24.95,894
1402,1403,65.94,69.65,3.71,660
1403,1404,184.26,250.54,66.28,335
1404,1405,241.39,267.6,26.21,832
1405,1406,171.42,207.43,36.01,56
1406,1407,79.11,88.2,9.09,577
1407,1408,126.52,133.21,6.69,917
1408,1409,272.68,285.09,12.41,422
1409,1410,229.43,285.64,56.21,648
1410,1411,32.84,41.64,8.8,411
1411,1412,253.82,278.75,24.93,463
1412,1413,218.11,281.38,63.27,859
1413,1414,113.51,155.96,42.45,622
1414,1415,181.15,191.61,10.46,711
1415,1416,289.95,295.36,5.41,221
1416,1417,31.1,39.5,8.4,736
1417,1418,115.32,146.65,31.33,399
1418,1419,127.31,162.3,34.99,776
1419,1420,149.72,207.36,57.64,13
1420,1421,164.31,216.17,51.86,438
1421,1422,56.98,59.82,2.84,546
1422,1423,59.43,59.94,0.51,871
1423,1424,89.67,104.88,15.21,367
1424,1425,72.08,86.28,14.2,115
1425,1426,19.31,23.23,3.92,539
1426,1427,215.91,288.1,72.19,97
1427,1428,43.83,44.52,0.69,584
1428,1429,152.23,172.33,20.1,120
1429,1430,48.31,67.55,19.24,911
1430,1431,55.94,75.93,19.99,590
1431,1432,65.55,67.37,1.82,99
1432,1433,183.3,248.19,64.89,590
1433,1434,55.85,63.93,8.08,547
1434,1435,126.35,129.06,2.71,629
1435,1436,21.53,25.76,4.23,946
1436,1437,99.71,114.02,14.31,953
1437,1438,111.06,128.05,16.99,392
1438,1439,47.13,50.84,3.71,488
1439,1440,176.38,199.58,23.2,579
1440,1441,19.22,26.06,6.84,885
1441,1442,186.19,243.16,56.97,882
1442,1443,120.83,145.89,25.06,17
1443,1444,135.51,154.09,18.58,761
1444,1445,53.25,56.32,3.07,648
1445,1446,218.12,240.67,22.55,91
1446,1447,42.96,49.65,6.69,18
1447,1448,249.39,278.66,29.27,929
1448,1449,105.84,113.15,7.31,591
1449,1450,59.56,74.64,15.08,452
1450,1451,75.57,79.99,4.42,396
1451,1452,84.84,103.16,18.32,384
1452,1453,76.58,91.05,14.47,526
1453,1454,35.47,37.87,2.4,822
1454,1455,213.55,287.98,74.43,972
1455,1456,146.34,157.16,10.82,540
1456,1457,169.82,214.6,44.78,125
1457,1458,111.71,133.22,21.51,488
1458,1459,175.47,189.41,13.94,41
1459,1460,211.5,213.38,1.88,610
1460,1461,133.54,183.56,50.02,388
1461,1462,104.33,145.4,41.07,49
1462,1463,132.64,140.89,8.25,734
1463,1464,103.27,112.13,8.86,228
1464,1465,190.23,221.34,31.11,280
1465,1466,111.87,137.04,25.17,625
1466,1467,44.75,55.61,10.86,280
1467,1468,177.31,183.31,6.0,923
1468,1469,140.27,173.07,32.8,703
1469,1470,229.15,262.9,33.75,961
1470,1471,31.36,39.2,7.84,462
1471,1472,68.67,84.99,16.32,214
1472,1473,259.54,280.28,20.74,248
1473,1474,49.23,60.14,10.91,363
1474,1475,203.54,216.91,13.37,827
1475,1476,12.08,15.47,3.39,580
1476,1477,165.8,180.69,14.89,629
1477,1478,80.34,99.92,19.58,476
1478,1479,48.54,49.19,0.65,512
1479,1480,221.95,241.69,19.74,456
1480,1481,45.75,57.32,11.57,114
1481,1482,73.64,75.71,2.07,413
1482,1483,61.96,69.32,7.36,543
1483,1484,37.3,45.85,8.55,568
1484,1485,126.07,166.96,40.89,655
1485,1486,90.97,123.2,32.23,377
1486,1487,128.1,147.95,19.85,852
1487,1488,21.57,28.57,7.0,580
1488,1489,15.14,16.39,1.25,262
1489,1490,68.94,79.93,10.99,670
1490,1491,192.68,235.97,43.29,994
1491,1492,183.04,218.26,35.22,379
1492,1493,202.42,207.94,5.52,814
1493,1494,152.88,185.99,33.11,39
1494,1495,224.45,232.05,7.6,64
1495,1496,92.51,104.27,11.76,81
1496,1497,69.6,81.71,12.11,338
1497,1498,68.58,87.06,18.48,449
1498,1499,63.28,69.46,6.18,168
1499,1500,148.85,203.5,54.65,891
1500,1501,92.87,98.52,5.65,639
1501,1502,5.84,7.26,1.42,587
1502,1503,38.3,49.66,11.36,753
1503,1504,163.05,201.87,38.82,802
1504,1505,19.46,27.08,7.62,906
1505,1506,103.89,118.24,14.35,796
1506,1507,195.65,272.02,76.37,273
1507,1508,242.63,249.32,6.69,170
1508,1509,211.72,270.49,58.77,63
1509,1510,6.2,7.3,1.1,513
1510,1511,135.12,141.35,6.23,145
1511,1512,202.36,280.0,77.64,781
1512,1513,220.59,248.48,27.89,484
1513,1514,130.56,184.76,54.2,720
1514,1515,129.05,130.26,1.21,716
1515,1516,224.99,276.24,51.25,508
1516,1517,77.06,88.94,11.88,148
1517,1518,111.06,156.74,45.68,591
1518,1519,180.7,194.49,13.79,400
1519,1520,25.87,32.78,6.91,570
1520,1521,25.65,27.58,1.93,472
1521,1522,52.74,60.07,7.33,43
1522,1523,69.12,71.35,2.23,241
1523,1524,65.21,68.86,3.65,609
1524,1525,141.2,148.58,7.38,98
1525,1526,112.83,155.49,42.66,941
1526,1527,171.59,226.88,55.29,290
1527,1528,151.32,192.31,40.99,399
1528,1529,278.74,293.76,15.02,816
1529,1530,52.34,60.18,7.84,762
1530,1531,100.99,103.12,2.13,198
1531,1532,191.6,204.62,13.02,556
1532,1533,284.1,290.41,6.31,39
1533,1534,19.3,23.36,4.06,163
1534,1535,179.15,196.82,17.67,441
1535,1536,88.91,99.84,10.93,987
1536,1537,217.38,258.13,40.75,754
1537,1538,272.91,294.3,21.39,758
1538,1539,213.81,236.18,22.37,10
1539,1540,51.72,52.85,1.13,660
1540,1541,55.57,72.42,16.85,722
1541,1542,45.83,52.45,6.62,666
1542,1543,182.12,247.41,65.29,923
1543,1544,21.76,23.97,2.21,915
1544,1545,199.74,242.67,42.93,668
1545,1546,194.46,219.54,25.08,357
1546,1547,50.27,56.58,6.31,48
1547,1548,26.69,34.75,8.06,349
1548,1549,105.01,129.68,24.67,88
1549,1550,57.51,66.59,9.08,431
1550,1551,17.14,18.07,0.93,685
1551,1552,28.24,29.27,1.03,425
1552,1553,203.4,266.12,62.72,850
1553,1554,260.89,280.44,19.55,932
1554,1555,43.23,46.98,3.75,322
1555,1556,22.7,23.44,0.74,564
1556,1557,136.32,179.45,43.13,998
1557,1558,40.99,52.64,11.65,933
1558,1559,141.33,196.21,54.88,74
1559,1560,233.88,255.57,21.69,513
1560,1561,283.16,284.52,1.36,568
1561,1562,153.29,214.3,61.01,40
1562,1563,181.02,224.8,43.78,687
1563,1564,131.31,184.6,53.29,851
1564,1565,80.27,90.26,9.99,721
1565,1566,224.85,257.44,32.59,60
1566,1567,216.38,219.33,2.95,890
1567,1568,169.91,226.32,56.41,370
1568,1569,33.5,41.46,7.96,276
1569,1570,134.61,189.28,54.67,414
1570,1571,221.96,294.01,72.05,461
1571,1572,163.81,189.92,26.11,556
1572,1573,99.33,103.57,4.24,974
1573,1574,91.92,97.89,5.97,176
1574,1575,45.14,47.17,2.03,665
1575,1576,161.93,203.74,41.81,436
1576,1577,216.11,218.61,2.5,830
1577,1578,247.02,251.0,3.98,78
1578,1579,227.44,257.6,30.16,754
1579,1580,212.52,214.65,2.13,602
1580,1581,41.17,50.72,9.55,805
1581,1582,193.64,237.33,43.69,925
1582,1583,223.07,251.54,28.47,162
1583,1584,240.84,286.82,45.98,279
1584,1585,54.13,62.77,8.64,761
1585,1586,52.1,73.08,20.98,202
1586,1587,258.26,272.12,13.86,760
1587,1588,51.46,52.7,1.24,321
1588,1589,116.74,156.37,39.63,474
1589,1590,71.71,76.03,4.32,974
1590,1591,213.1,257.1,44.0,942
1591,1592,70.97,72.62,1.65,283
1592,1593,196.0,211.63,15.63,15
1593,1594,101.65,127.17,25.52,484
1594,1595,172.32,239.36,67.04,561
1595,1596,92.46,110.59,18.13,578
1596,1597,270.06,285.08,15.02,276
1597,1598,257.16,267.11,9.95,842
1598,1599,249.93,283.3,33.37,936
1599,1600,218.35,264.15,45.8,846
1600,1601,206.31,212.78,6.47,845
1601,1602,251.56,287.91,36.35,661
1602,1603,279.49,299.87,20.38,174
1603,1604,60.13,80.93,20.8,17
1604,1605,182.74,205.18,22.44,495
1605,1606,270.95,283.24,12.29,916
1606,1607,116.14,152.99,36.85,508
1607,1608,257.04,281.87,24.83,178
1608,1609,147.44,162.46,15.02,296
1609,1610,57.09,63.06,5.97,235
1610,1611,30.42,39.08,8.66,685
1611,1612,214.34,273.94,59.6,476
1612,1613,255.88,293.6,37.72,453
1613,1614,68.41,70.11,1.7,978
1614,1615,253.77,287.23,33.46,20
1615,1616,96.82,110.63,13.81,503
1616,1617,32.82,42.23,9.41,620
1617,1618,175.47,209.57,34.1,144
1618,1619,173.13,207.9,34.77,622
1619,1620,181.49,197.38,15.89,18
1620,1621,8.27,11.33,3.06,85
1621,1622,129.01,170.96,41.95,829
1622,1623,77.9,79.21,1.31,203
1623,1624,183.21,185.67,2.46,406
1624,1625,28.25,40.2,11.95,751
1625,1626,211.59,240.6,29.01,692
1626,1627,19.5,27.79,8.29,514
1627,1628,194.32,208.03,13.71,175
1628,1629,201.34,265.38,64.04,862
1629,1630,56.12,59.3,3.18,703
1630,1631,153.64,160.71,7.07,244
1631,1632,91.75,121.03,29.28,25
1632,1633,29.69,31.84,2.15,323
1633,1634,132.8,174.36,41.56,945
1634,1635,88.91,96.41,7.5,493
1635,1636,10.99,12.7,1.71,857
1636,1637,104.73,130.19,25.46,748
1637,1638,118.7,130.99,12.29,853
1638,1639,69.8,85.98,16.18,393
1639,1640,24.03,29.25,5.22,268
1640,1641,39.44,45.9,6.46,70
1641,1642,224.33,225.02,0.69,485
1642,1643,127.04,143.86,16.82,629
1643,1644,26.28,27.18,0.9,429
1644,1645,133.69,161.96,28.27,793
1645,1646,166.53,215.66,49.13,107
1646,1647,52.9,63.04,10.14,83
1647,1648,121.5,147.78,26.28,540
1648,1649,176.6,225.33,48.73,763
1649,1650,178.15,230.91,52.76,303
1650,1651,86.36,98.22,11.86,986
1651,1652,172.1,208.91,36.81,149
1652,1653,211.5,279.78,68.28,946
1653,1654,32.88,39.21,6.33,678
1654,1655,86.08,89.03,2.95,245
1655,1656,123.38,149.14,25.76,355
1656,1657,157.28,159.56,2.28,577
1657,1658,25.31,27.92,2.61,662
1658,1659,9.58,11.87,2.29,893
1659,1660,140.43,148.23,7.8,426
1660,1661,123.87,168.3,44.43,261
1661,1662,84.62,90.72,6.1,700
1662,1663,204.43,275.58,71.15,141
1663,1664,161.32,218.93,57.61,303
1664,1665,167.04,226.35,59.31,558
1665,1666,11.81,14.17,2.36,752
1666,1667,250.1,258.85,8.75,904
1667,1668,122.36,168.76,46.4,956
1668,1669,66.36,79.45,13.09,427
1669,1670,192.39,237.81,45.42,344
1670,1671,66.03,93.14,27.11,480
1671,1672,42.54,50.99,8.45,835
1672,1673,141.2,176.38,35.18,12
1673,1674,49.06,51.22,2.16,815
1674,1675,9.96,11.56,1.6,847
1675,1676,84.69,108.09,23.4,255
1676,1677,27.63,31.4,3.77,311
1677,1678,156.85,173.15,16.3,545
1678,1679,167.05,182.53,15.48,58
1679,1680,34.1,40.25,6.15,998
1680,1681,201.26,238.61,37.35,184
1681,1682,74.59,92.78,18.19,976
1682,1683,178.25,241.59,63.34,575
1683,1684,96.16,126.21,30.05,275
1684,1685,15.89,18.79,2.9,372
1685,1686,192.93,224.34,31.41,853
1686,1687,141.94,151.92,9.98,830
1687,1688,248.54,261.11,12.57,304
1688,1689,52.44,61.45,9.01,705
1689,1690,78.64,106.33,27.69,489
1690,1691,35.12,41.57,6.45,966
1691,1692,231.6,256.33,24.73,449
1692,1693,116.42,118.28,1.86,782
1693,1694,105.05,121.83,16.78,231
1694,1695,147.05,151.64,4.59,33
1695,1696,164.32,225.36,61.04,751
1696,1697,18.99,26.74,7.75,542
1697,1698,110.17,131.36,21.19,663
1698,1699,209.45,211.49,2.04,522
1699,1700,106.05,125.15,19.1,665
1700,1701,149.21,156.41,7.2,455
1701,1702,151.01,173.15,22.14,38
1702,1703,205.71,221.47,15.76,669
1703,1704,20.27,26.49,6.22,660
1704,1705,146.38,152.85,6.47,795
1705,1706,157.04,203.29,46.25,158
1706,1707,236.83,272.21,35.38,44
1707,1708,130.1,152.11,22.01,460
1708,1709,94.18,107.94,13.76,740
1709,1710,193.35,245.16,51.81,275
1710,1711,105.47,119.86,14.39,540
1711,1712,232.33,251.01,18.68,679
1712,1713,145.14,195.5,50.36,585
1713,1714,212.48,256.93,44.45,842
1714,1715,195.42,275.17,79.75,17
1715,1716,210.11,250.13,40.02,695
1716,1717,193.65,218.51,24.86,118
1717,1718,141.56,192.57,51.01,536
1718,1719,85.96,102.1,16.14,907
1719,1720,188.07,221.89,33.82,160
1720,1721,6.05,6.55,0.5,572
1721,1722,174.22,233.18,58.96,401
1722,1723,84.95,94.09,9.14,474
1723,1724,65.36,78.93,13.57,73
1724,1725,85.71,100.06,14.35,709
1725,1726,59.23,60.38,1.15,596
1726,1727,60.34,85.18,24.84,860
1727,1728,111.56,138.34,26.78,535
1728,1729,205.77,265.36,59.59,731
1729,1730,23.47,29.31,5.84,171
1730,1731,202.76,258.51,55.75,631
1731,1732,64.9,85.13,20.23,526
1732,1733,154.19,211.45,57.26,798
1733,1734,21.51,23.29,1.78,198
1734,1735,64.55,73.02,8.47,183
1735,1736,70.32,73.64,3.32,828
1736,1737,210.06,231.54,21.48,78
1737,1738,75.9,92.21,16.31,514
1738,1739,72.36,88.22,15.86,99
1739,1740,73.24,78.13,4.89,886
1740,1741,103.05,136.13,33.08,379
1741,1742,205.02,244.56,39.54,399
1742,1743,13.34,16.57,3.23,841
1743,1744,56.92,68.13,11.21,290
1744,1745,68.87,93.29,24.42,385
1745,1746,18.23,25.57,7.34,647
1746,1747,62.79,74.27,11.48,154
1747,1748,52.55,73.52,20.97,918
1748,1749,22.04,30.02,7.98,548
1749,1750,170.7,181.65,10.95,312
1750,1751,216.81,268.88,52.07,824
1751,1752,249.94,251.55,1.61,619
1752,1753,44.14,46.72,2.58,468
1753,1754,132.48,151.11,18.63,761
1754,1755,78.34,104.15,25.81,301
1755,1756,37.3,39.65,2.35,415
1756,1757,110.89,126.62,15.73,743
1757,1758,98.3,102.51,4.21,488
1758,1759,42.93,48.17,5.24,307
1759,1760,19.74,20.27,0.53,96
1760,1761,91.48,110.56,19.08,767
1761,1762,68.35,92.11,23.76,111
1762,1763,206.93,242.6,35.67,976
1763,1764,142.12,155.48,13.36,796
1764,1765,253.05,260.31,7.26,508
1765,1766,236.29,297.64,61.35,821
1766,1767,214.71,229.53,14.82,476
1767,1768,7.82,9.14,1.32,599
1768,1769,11.9,12.72,0.82,832
1769,1770,60.17,63.21,3.04,171
1770,1771,158.37,199.55,41.18,363
1771,1772,254.59,264.08,9.49,427
1772,1773,114.86,144.07,29.21,605
1773,1774,182.72,191.37,8.65,358
1774,1775,134.03,171.7,37.67,705
1775,1776,236.67,278.09,41.42,321
1776,1777,56.7,74.22,17.52,393
1777,1778,27.58,28.92,1.34,679
1778,1779,104.28,133.08,28.8,250
1779,1780,220.67,250.59,29.92,14
1780,1781,89.87,94.17,4.3,802
1781,1782,26.54,27.92,1.38,182
1782,1783,157.95,197.35,39.4,739
1783,1784,198.09,228.42,30.33,465
1784,1785,143.2,199.76,56.56,173
1785,1786,160.47,200.79,40.32,45
1786,1787,221.35,270.7,49.35,632
1787,1788,274.69,291.34,16.65,107
1788,1789,182.26,221.37,39.11,460
1789,1790,160.59,175.59,15.0,598
1790,1791,76.14,76.95,0.81,470
1791,1792,98.96,105.48,6.52,558
1792,1793,129.46,172.74,43.28,699
1793,1794,176.41,178.26,1.85,793
1794,1795,50.16,55.82,5.66,343
1795,1796,167.36,203.81,36.45,764
1796,1797,91.85,96.73,4.88,813
1797,1798,48.31,61.17,12.86,966
1798,1799,187.62,217.07,29.45,263
1799,1800,218.37,291.27,72.9,521
1800,1801,25.21,34.14,8.93,287
1801,1802,153.93,208.62,54.69,455
1802,1803,187.5,192.84,5.34,880
1803,1804,183.57,196.65,13.08,688
1804,1805,127.27,152.22,24.95,967
1805,1806,12.24,15.13,2.89,699
1806,1807,229.32,293.23,63.91,845
1807,1808,66.95,70.46,3.51,23
1808,1809,163.14,228.19,65.05,33
1809,1810,161.25,204.9,43.65,741
1810,1811,24.55,31.24,6.69,232
1811,1812,270.33,294.79,24.46,824
1812,1813,190.23,239.01,48.78,638
1813,1814,62.47,78.19,15.72,10
1814,1815,202.65,265.75,63.1,560
1815,1816,219.44,260.52,41.08,832
1816,1817,137.75,153.27,15.52,465
1817,1818,182.31,252.48,70.17,564
1818,1819,198.09,259.77,61.68,877
1819,1820,121.02,157.17,36.15,407
1820,1821,190.01,253.62,63.61,684
1821,1822,67.47,79.98,12.51,529
1822,1823,23.4,24.85,1.45,862
1823,1824,39.7,45.88,6.18,576
1824,1825,112.14,115.05,2.91,815
1825,1826,194.47,207.38,12.91,612
1826,1827,32.62,36.9,4.28,988
1827,1828,254.67,278.29,23.62,418
1828,1829,90.12,98.83,8.71,912
1829,1830,87.0,107.24,20.24,792
1830,1831,188.97,257.65,68.68,980
1831,1832,9.48,11.62,2.14,414
1832,1833,171.22,179.51,8.29,796
1833,1834,162.91,213.97,51.06,401
1834,1835,142.46,157.97,15.51,192
1835,1836,257.97,283.22,25.25,198
1836,1837,27.2,37.65,10.45,694
1837,1838,105.98,112.5,6.52,734
1838,1839,198.6,232.24,33.64,260
1839,1840,85.27,98.97,13.7,363
1840,1841,11.7,13.42,1.72,748
1841,1842,73.83,89.46,15.63,856
1842,1843,104.16,106.01,1.85,609
1843,1844,187.16,199.62,12.46,780
1844,1845,203.6,249.6,46.0,988
1845,1846,8.26,10.23,1.97,100
1846,1847,39.18,45.1,5.92,80
1847,1848,181.9,205.71,23.81,911
1848,1849,83.07,109.69,26.62,406
1849,1850,128.37,153.77,25.4,68
1850,1851,30.01,31.83,1.82,157
1851,1852,125.06,176.06,51.0,223
1852,1853,192.54,215.99,23.45,757
1853,1854,254.14,262.1,7.96,188
1854,1855,216.28,273.51,57.23,214
1855,1856,86.01,88.93,2.92,915
1856,1857,223.2,232.88,9.68,328
1857,1858,51.46,52.61,1.15,342
1858,1859,224.59,247.66,23.07,63
1859,1860,167.8,210.65,42.85,713
1860,1861,67.5,72.96,5.46,713
1861,1862,153.42,199.01,45.59,63
1862,1863,9.97,14.12,4.15,587
1863,1864,47.17,65.59,18.42,193
1864,1865,118.37,156.29,37.92,203
1865,1866,265.37,289.09,23.72,791
1866,1867,192.75,206.25,13.5,351
1867,1868,175.75,193.22,17.47,466
1868,1869,236.65,278.67,42.02,628
1869,1870,19.63,22.06,2.43,401
1870,1871,186.12,225.26,39.14,201
1871,1872,163.78,187.86,24.08,446
1872,1873,60.95,66.41,5.46,896
1873,1874,232.27,266.11,33.84,486
1874,1875,118.21,145.07,26.86,88
1875,1876,131.91,178.55,46.64,13
1876,1877,184.64,187.94,3.3,319
1877,1878,136.03,178.32,42.29,55
1878,1879,88.84,110.32,21.48,676
1879,1880,204.99,264.51,59.52,948
1880,1881,211.8,220.11,8.31,331
1881,1882,68.21,75.41,7.2,901
1882,1883,241.25,286.02,44.77,62
1883,1884,67.11,80.72,13.61,82
1884,1885,146.06,196.99,50.93,263
1885,1886,23.51,28.87,5.36,767
1886,1887,57.47,58.6,1.13,322
1887,1888,188.49,230.75,42.26,636
1888,1889,42.3,45.43,3.13,860
1889,1890,196.79,213.7,16.91,28
1890,1891,212.19,268.85,56.66,830
1891,1892,264.1,266.68,2.58,189
1892,1893,49.51,60.6,11.09,184
1893,1894,177.37,195.81,18.44,904
1894,1895,183.56,224.13,40.57,722
1895,1896,6.75,7.69,0.94,420
1896,1897,43.49,57.44,13.95,271
1897,1898,97.38,138.61,41.23,244
1898,1899,10.02,12.03,2.01,671
1899,1900,53.68,66.5,12.82,940
1900,1901,73.35,97.71,24.36,153
1901,1902,10.93,13.37,2.44,45
1902,1903,234.38,277.96,43.58,41
1903,1904,51.13,54.43,3.3,675
1904,1905,226.17,275.48,49.31,639
1905,1906,109.24,113.34,4.1,344
1906,1907,32.89,33.5,0.61,433
1907,1908,26.73,34.97,8.24,488
1908,1909,65.08,74.12,9.04,537
1909,1910,229.82,241.33,11.51,884
1910,1911,13.18,14.86,1.68,410
1911,1912,36.38,38.37,1.99,125
1912,1913,157.78,217.9,60.12,87
1913,1914,95.34,97.05,1.71,942
1914,1915,83.56,88.79,5.23,73
1915,1916,219.75,244.19,24.44,873
1916,1917,167.5,217.81,50.31,718
1917,1918,46.72,50.09,3.37,179
1918,1919,126.27,165.95,39.68,317
1919,1920,35.04,38.13,3.09,518
1920,1921,233.55,245.29,11.74,305
1921,1922,8.9,10.44,1.54,390
1922,1923,183.29,204.32,21.03,981
1923,1924,165.52,183.48,17.96,602
1924,1925,157.12,188.34,31.22,24
1925,1926,106.18,129.78,23.6,367
1926,1927,119.73,162.75,43.02,427
1927,1928,252.18,285.69,33.51,913
1928,1929,112.03,136.56,24.53,99
1929,1930,211.61,231.98,20.37,874
1930,1931,50.69,57.95,7.26,394
1931,1932,84.86,102.47,17.61,871
1932,1933,124.7,146.47,21.77,277
1933,1934,78.22,109.36,31.14,965
1934,1935,129.35,136.32,6.97,744
1935,1936,86.95,104.7,17.75,788
1936,1937,23.47,26.01,2.54,254
1937,1938,191.81,252.65,60.84,69
1938,1939,72.85,97.28,24.43,710
1939,1940,139.84,154.76,14.92,211
1940,1941,97.0,115.34,18.34,746
1941,1942,73.82,101.7,27.88,273
1942,1943,52.67,57.72,5.05,600
1943,1944,62.31,73.24,10.93,439
1944,1945,211.95,284.81,72.86,441
1945,1946,41.22,53.19,11.97,700
1946,1947,66.68,74.4,7.72,615
1947,1948,89.05,110.22,21.17,611
1948,1949,103.17,145.63,42.46,665
1949,1950,122.3,168.34,46.04,733
1950,1951,70.49,81.08,10.59,762
1951,1952,28.39,34.35,5.96,464
1952,1953,100.54,105.41,4.87,313
1953,1954,197.1,232.71,35.61,396
1954,1955,209.61,261.52,51.91,219
1955,1956,71.39,86.88,15.49,45
1956,1957,202.52,225.59,23.07,587
1957,1958,112.91,158.84,45.93,987
1958,1959,73.8,86.18,12.38,854
1959,1960,270.51,286.97,16.46,234
1960,1961,60.87,75.74,14.87,797
1961,1962,95.07,122.95,27.88,487
1962,1963,206.48,255.12,48.64,483
1963,1964,217.38,244.31,26.93,992
1964,1965,20.64,22.6,1.96,61
1965,1966,150.2,176.75,26.55,704
1966,1967,46.59,63.3,16.71,562
1967,1968,10.99,15.23,4.24,540
1968,1969,103.75,129.45,25.7,511
1969,1970,75.19,78.37,3.18,32
1970,1971,133.17,136.18,3.01,41
1971,1972,212.35,284.34,71.99,837
1972,1973,148.87,175.82,26.95,113
1973,1974,71.04,71.72,0.68,435
1974,1975,82.88,99.36,16.48,35
1975,1976,131.31,139.51,8.2,513
1976,1977,35.35,38.75,3.4,978
1977,1978,56.61,70.88,14.27,848
1978,1979,71.0,91.97,20.97,195
1979,1980,194.84,210.52,15.68,750
1980,1981,114.91,127.41,12.5,357
1981,1982,102.17,113.39,11.22,787
1982,1983,239.81,279.53,39.72,824
1983,1984,50.98,71.11,20.13,605
1984,1985,229.88,267.08,37.2,19
1985,1986,128.97,131.76,2.79,101
1986,1987,40.19,47.08,6.89,266
1987,1988,158.41,185.55,27.14,515
1988,1989,20.24,27.93,7.69,469
1989,1990,17.04,18.78,1.74,124
1990,1991,71.65,98.49,26.84,608
1991,1992,75.28,76.06,0.78,960
1992,1993,71.3,78.46,7.16,469
1993,1994,186.36,197.63,11.27,418
1994,1995,165.91,174.84,8.93,747
1995,1996,109.84,111.8,1.96,527
1996,1997,88.67,111.19,22.52,891
1997,1998,20.04,24.65,4.61,572
1998,1999,269.41,290.03,20.62,172
1999,2000,175.49,225.12,49.63,742
2000,2001,245.42,292.93,47.51,295
2001,2002,87.52,114.45,26.93,731
2002,2003,4.76,5.6,0.84,120
2003,2004,29.94,40.71,10.77,885
2004,2005,148.28,183.67,35.39,345
2005,2006,135.02,140.35,5.33,565
2006,2007,47.57,54.82,7.25,858
2007,2008,188.61,267.32,78.71,684
2008,2009,161.68,167.55,5.87,222
2009,2010,224.25,226.77,2.52,532
2010,2011,172.15,225.03,52.88,769
2011,2012,25.36,31.79,6.43,275
2012,2013,134.97,191.32,56.35,676
2013,2014,73.11,84.87,11.76,298
2014,2015,153.11,193.66,40.55,974
2015,2016,153.23,180.47,27.24,961
2016,2017,198.07,223.39,25.32,966
2017,2018,11.29,14.69,3.4,43
2018,2019,183.85,250.47,66.62,613
2019,2020,199.56,264.24,64.68,893
2020,2021,210.5,278.1,67.6,120
2021,2022,273.07,292.59,19.52,122
2022,2023,215.54,268.07,52.53,273
2023,2024,231.13,272.76,41.63,264
2024,2025,28.87,31.2,2.33,552
2025,2026,175.31,244.32,69.01,808
2026,2027,164.83,184.9,20.07,810
2027,2028,152.17,203.24,51.07,917
2028,2029,223.33,251.32,27.99,871
2029,2030,76.24,88.33,12.09,15
2030,2031,85.06,108.94,23.88,14
2031,2032,121.74,169.21,47.47,396
2032,2033,152.6,198.81,46.21,459
2033,2034,114.23,158.19,43.96,167
2034,2035,228.97,259.87,30.9,282
2035,2036,96.63,136.01,39.38,326
2036,2037,239.35,276.73,37.38,594
2037,2038,192.87,213.23,20.36,820
2038,2039,250.57,272.86,22.29,110
2039,2040,64.84,84.32,19.48,431
2040,2041,175.16,197.01,21.85,95
2041,2042,155.09,183.41,28.32,308
2042,2043,6.57,8.45,1.88,778
2043,2044,105.82,108.87,3.05,140
2044,2045,45.49,54.75,9.26,513
2045,2046,68.7,70.39,1.69,291
2046,2047,97.77,133.75,35.98,315
2047,2048,41.08,47.55,6.47,274
2048,2049,172.74,225.44,52.7,678
2049,2050,44.28,61.82,17.54,547
2050,2051,156.27,174.47,18.2,965
2051,2052,125.08,128.14,3.06,546
2052,2053,220.76,240.52,19.76,971
2053,2054,190.39,221.91,31.52,779
2054,2055,101.73,144.45,42.72,705
2055,2056,58.32,72.93,14.61,298
2056,2057,23.63,31.38,7.75,411
2057,2058,238.33,261.98,23.65,837
2058,2059,92.83,132.16,39.33,896
2059,2060,257.31,276.98,19.67,224
2060,2061,7.34,8.16,0.82,102
2061,2062,70.85,93.94,23.09,119
2062,2063,154.39,218.17,63.78,920
2063,2064,41.71,56.47,14.76,318
2064,2065,149.21,179.77,30.56,334
2065,2066,109.41,146.98,37.57,131
2066,2067,167.85,211.08,43.23,257
2067,2068,142.45,164.33,21.88,886
2068,2069,175.52,245.56,70.04,391
2069,2070,161.94,214.56,52.62,530
2070,2071,215.26,280.79,65.53,187
2071,2072,219.6,229.79,10.19,78
2072,2073,156.51,195.69,39.18,681
2073,2074,198.82,216.0,17.18,126
2074,2075,58.78,64.54,5.76,339
2075,2076,217.78,229.34,11.56,821
2076,2077,132.6,182.66,50.06,383
2077,2078,50.68,71.94,21.26,147
2078,2079,234.3,299.02,64.72,791
2079,2080,55.74,64.64,8.9,122
2080,2081,223.8,247.63,23.83,452
2081,2082,210.15,217.38,7.23,179
2082,2083,212.72,255.04,42.32,901
2083,2084,159.35,209.05,49.7,667
2084,2085,117.31,126.97,9.66,147
2085,2086,194.18,210.5,16.32,802
2086,2087,71.49,99.56,28.07,999
2087,2088,16.49,21.8,5.31,788
2088,2089,96.64,119.25,22.61,30
2089,2090,94.38,111.27,16.89,155
2090,2091,176.09,185.02,8.93,837
2091,2092,102.72,136.54,33.82,701
2092,2093,29.31,34.54,5.23,374
2093,2094,169.25,211.68,42.43,947
2094,2095,56.74,66.46,9.72,109
2095,2096,133.89,171.37,37.48,395
2096,2097,143.24,156.23,12.99,429
2097,2098,209.26,294.37,85.11,839
2098,2099,170.99,213.96,42.97,492
2099,2100,170.4,180.91,10.51,101
2100,2101,104.27,129.01,24.74,801
2101,2102,17.54,20.64,3.1,569
2102,2103,16.98,21.24,4.26,247
2103,2104,121.97,127.14,5.17,858
2104,2105,25.47,34.21,8.74,349
2105,2106,110.18,146.12,35.94,782
2106,2107,37.88,53.33,15.45,855
2107,2108,60.1,68.36,8.26,46
2108,2109,222.14,262.61,40.47,505
2109,2110,253.28,260.52,7.24,915
2110,2111,54.53,69.36,14.83,374
2111,2112,8.08,11.27,3.19,194
2112,2113,101.82,106.32,4.5,888
2113,2114,187.61,244.01,56.4,844
2114,2115,227.51,241.52,14.01,467
2115,2116,252.81,267.48,14.67,89
2116,2117,123.13,135.05,11.92,38
2117,2118,232.05,293.35,61.3,177
2118,2119,49.25,69.86,20.61,656
2119,2120,67.06,84.23,17.17,572
2120,2121,258.56,274.09,15.53,701
2121,2122,124.26,149.38,25.12,695
2122,2123,139.0,142.08,3.08,209
2123,2124,64.42,79.77,15.35,330
2124,2125,187.19,255.92,68.73,63
2125,2126,165.99,182.35,16.36,57
2126,2127,175.16,192.9,17.74,106
2127,2128,137.66,167.51,29.85,342
2128,2129,273.34,274.46,1.12,800
2129,2130,215.09,265.6,50.51,133
2130,2131,64.39,70.39,6.0,740
2131,2132,10.11,12.82,2.71,708
2132,2133,13.9,15.41,1.51,730
2133,2134,184.9,259.5,74.6,790
2134,2135,195.8,238.57,42.77,140
2135,2136,98.61,106.59,7.98,577
2136,2137,92.22,106.76,14.54,310
2137,2138,112.41,125.83,13.42,301
2138,2139,68.54,74.83,6.29,296
2139,2140,192.95,274.94,81.99,990
2140,2141,49.88,68.32,18.44,380
2141,2142,162.35,177.54,15.19,134
2142,2143,132.26,150.72,18.46,643
2143,2144,78.34,97.71,19.37,493
2144,2145,287.53,294.39,6.86,784
2145,2146,163.5,190.31,26.81,151
2146,2147,77.29,85.02,7.73,517
2147,2148,201.39,257.26,55.87,945
2148,2149,147.93,154.35,6.42,227
2149,2150,240.71,280.46,39.75,146
2150,2151,21.96,27.05,5.09,595
2151,2152,19.99,26.78,6.79,816
2152,2153,288.5,298.19,9.69,987
2153,2154,58.26,71.61,13.35,117
2154,2155,149.68,199.57,49.89,415
2155,2156,36.57,41.01,4.44,327
2156,2157,240.63,260.59,19.96,132
2157,2158,211.34,264.72,53.38,218
2158,2159,143.7,172.6,28.9,384
2159,2160,87.07,98.48,11.41,695
2160,2161,80.48,87.51,7.03,632
2161,2162,184.11,215.55,31.44,266
2162,2163,93.74,115.91,22.17,668
2163,2164,122.82,125.39,2.57,204
2164,2165,227.82,246.64,18.82,191
2165,2166,44.18,53.83,9.65,823
2166,2167,89.66,111.89,22.23,476
2167,2168,46.14,54.7,8.56,904
2168,2169,79.89,87.68,7.79,380
2169,2170,290.49,297.01,6.52,916
2170,2171,123.07,136.74,13.67,990
2171,2172,255.02,287.89,32.87,693
2172,2173,15.59,18.19,2.6,10
2173,2174,13.39,18.22,4.83,352
2174,2175,33.64,46.62,12.98,279
2175,2176,60.41,74.11,13.7,750
2176,2177,206.38,225.62,19.24,794
2177,2178,178.94,183.73,4.79,313
2178,2179,221.88,257.16,35.28,147
2179,2180,180.8,252.06,71.26,666
2180,2181,250.29,263.91,13.62,285
2181,2182,182.36,230.38,48.02,500
2182,2183,138.91,154.01,15.1,502
2183,2184,177.88,217.17,39.29,172
2184,2185,164.42,232.02,67.6,817
2185,2186,13.77,15.1,1.33,853
2186,2187,169.76,216.17,46.41,914
2187,2188,69.25,95.75,26.5,779
2188,2189,76.02,102.42,26.4,65
2189,2190,181.77,223.36,41.59,804
2190,2191,206.28,232.85,26.57,597
2191,2192,242.36,299.89,57.53,261
2192,2193,219.75,289.75,70.0,86
2193,2194,159.45,173.5,14.05,323
2194,2195,202.51,274.22,71.71,834
2195,2196,198.03,241.3,43.27,315
2196,2197,126.44,139.26,12.82,229
2197,2198,197.0,216.14,19.14,715
2198,2199,49.52,60.19,10.67,487
2199,2200,21.86,26.94,5.08,219
2200,2201,253.13,288.8,35.67,671
2201,2202,75.22,79.44,4.22,153
2202,2203,38.88,55.33,16.45,666
2203,2204,231.83,243.05,11.22,611
2204,2205,167.9,225.19,57.29,961
2205,2206,83.06,115.38,32.32,529
2206,2207,25.94,34.16,8.22,900
2207,2208,209.75,230.03,20.28,474
2208,2209,198.22,230.5,32.28,444
2209,2210,63.1,78.39,15.29,797
2210,2211,83.11,115.28,32.17,533
2211,2212,144.63,201.39,56.76,240
2212,2213,179.63,254.34,74.71,308
2213,2214,78.7,95.14,16.44,856
2214,2215,166.01,235.68,69.67,341
2215,2216,242.39,279.45,37.06,766
2216,2217,72.35,97.35,25.0,807
2217,2218,158.06,197.64,39.58,797
2218,2219,104.21,116.28,12.07,983
2219,2220,181.32,192.14,10.82,557
2220,2221,142.68,145.85,3.17,604
2221,2222,275.19,287.45,12.26,379
2222,2223,79.5,110.66,31.16,573
2223,2224,102.1,134.81,32.71,286
2224,2225,175.95,209.15,33.2,917
2225,2226,235.69,261.03,25.34,417
2226,2227,210.73,235.0,24.27,120
2227,2228,57.01,58.86,1.85,994
2228,2229,22.83,26.92,4.09,592
2229,2230,200.53,280.01,79.48,33
2230,2231,139.71,152.95,13.24,278
2231,2232,172.69,220.32,47.63,959
2232,2233,127.86,173.01,45.15,96
2233,2234,74.07,90.15,16.08,161
2234,2235,32.37,34.4,2.03,213
2235,2236,143.36,178.85,35.49,718
2236,2237,133.33,140.19,6.86,902
2237,2238,167.31,206.85,39.54,99
2238,2239,4.48,6.34,1.86,985
2239,2240,57.12,64.44,7.32,196
2240,2241,24.98,29.52,4.54,953
2241,2242,18.49,20.8,2.31,60
2242,2243,226.63,286.57,59.94,800
2243,2244,227.04,258.54,31.5,266
2244,2245,10.45,13.51,3.06,439
2245,2246,214.86,252.69,37.83,818
2246,2247,194.13,220.43,26.3,609
2247,2248,215.47,251.48,36.01,773
2248,2249,67.47,76.27,8.8,120
2249,2250,230.61,285.29,54.68,884
2250,2251,210.32,237.0,26.68,712
2251,2252,99.67,127.87,28.2,138
2252,2253,245.51,278.28,32.77,25
2253,2254,113.92,152.21,38.29,856
2254,2255,222.56,269.91,47.35,563
2255,2256,22.16,30.19,8.03,419
2256,2257,227.12,268.15,41.03,76
2257,2258,125.78,174.24,48.46,570
2258,2259,255.64,296.92,41.28,37
2259,2260,147.25,149.82,2.57,759
2260,2261,21.32,24.44,3.12,290
2261,2262,58.93,63.99,5.06,989
2262,2263,70.82,96.96,26.14,530
2263,2264,198.75,212.1,13.35,578
2264,2265,115.37,132.57,17.2,679
2265,2266,156.52,177.74,21.22,641
2266,2267,266.79,278.16,11.37,305
2267,2268,6.31,8.72,2.41,694
2268,2269,246.75,250.97,4.22,913
2269,2270,111.06,125.84,14.78,73
2270,2271,217.2,275.88,58.68,865
2271,2272,64.74,77.16,12.42,43
2272,2273,117.93,119.44,1.51,768
2273,2274,152.86,203.63,50.77,432
2274,2275,48.25,54.36,6.11,87
2275,2276,28.03,36.42,8.39,731
2276,2277,198.61,265.4,66.79,526
2277,2278,106.61,148.99,42.38,678
2278,2279,146.79,155.53,8.74,696
2279,2280,10.23,12.62,2.39,293
2280,2281,159.24,216.18,56.94,939
2281,2282,13.89,16.26,2.37,942
2282,2283,43.04,52.35,9.31,41
2283,2284,96.4,126.93,30.53,968
2284,2285,63.08,65.03,1.95,889
2285,2286,107.0,127.84,20.84,672
2286,2287,231.97,283.77,51.8,364
2287,2288,198.17,200.97,2.8,157
2288,2289,40.05,44.44,4.39,522
2289,2290,47.51,64.81,17.3,229
2290,2291,265.67,288.92,23.25,757
2291,2292,17.96,19.93,1.97,526
2292,2293,70.18,93.32,23.14,490
2293,2294,277.02,299.72,22.7,427
2294,2295,124.54,133.64,9.1,435
2295,2296,179.81,224.9,45.09,698
2296,2297,83.05,85.28,2.23,718
2297,2298,34.11,35.02,0.91,370
2298,2299,255.88,267.55,11.67,730
2299,2300,118.9,133.25,14.35,414
2300,2301,80.67,105.88,25.21,919
2301,2302,126.51,162.51,36.0,993
2302,2303,35.69,43.71,8.02,500
2303,2304,121.12,154.59,33.47,519
2304,2305,228.48,253.95,25.47,674
2305,2306,284.26,295.49,11.23,894
2306,2307,264.94,281.8,16.86,669
2307,2308,246.07,290.31,44.24,626
2308,2309,71.76,95.62,23.86,518
2309,2310,105.16,119.55,14.39,272
2310,2311,189.47,208.02,18.55,789
2311,2312,259.53,274.21,14.68,139
2312,2313,243.32,277.29,33.97,90
2313,2314,140.61,142.74,2.13,572
2314,2315,228.79,237.59,8.8,461
2315,2316,14.07,20.03,5.96,344
2316,2317,130.36,152.97,22.61,108
2317,2318,133.44,179.75,46.31,292
2318,2319,250.74,294.48,43.74,888
2319,2320,39.47,49.1,9.63,25
2320,2321,189.9,221.69,31.79,56
2321,2322,257.65,272.47,14.82,622
2322,2323,91.13,100.27,9.14,452
2323,2324,163.11,205.91,42.8,962
2324,2325,72.02,97.37,25.35,655
2325,2326,136.88,186.23,49.35,413
2326,2327,118.22,122.01,3.79,587
2327,2328,82.96,116.78,33.82,409
2328,2329,224.01,262.59,38.58,50
2329,2330,241.75,244.45,2.7,182
2330,2331,247.42,276.07,28.65,203
2331,2332,241.62,261.01,19.39,958
2332,2333,224.27,243.23,18.96,843
2333,2334,138.6,175.41,36.81,461
2334,2335,87.49,114.0,26.51,14
2335,2336,46.58,58.27,11.69,122
2336,2337,141.62,156.64,15.02,103
2337,2338,271.83,275.9,4.07,283
2338,2339,277.36,284.41,7.05,631
2339,2340,48.96,49.82,0.86,750
2340,2341,186.56,211.43,24.87,399
2341,2342,159.93,205.74,45.81,891
2342,2343,206.56,256.21,49.65,957
2343,2344,14.23,14.81,0.58,449
2344,2345,119.15,150.27,31.12,564
2345,2346,124.16,138.96,14.8,427
2346,2347,221.01,298.42,77.41,395
2347,2348,15.4,21.63,6.23,320
2348,2349,86.83,89.31,2.48,180
2349,2350,81.24,101.2,19.96,749
2350,2351,64.32,68.27,3.95,230
2351,2352,256.5,295.86,39.36,971
2352,2353,92.74,108.86,16.12,363
2353,2354,159.76,200.63,40.87,947
2354,2355,191.81,273.89,82.08,183
2355,2356,174.8,230.19,55.39,258
2356,2357,179.99,232.45,52.46,423
2357,2358,193.8,194.94,1.14,990
2358,2359,229.4,266.59,37.19,760
2359,2360,9.94,11.68,1.74,660
2360,2361,92.61,102.06,9.45,749
2361,2362,194.73,205.29,10.56,411
2362,2363,87.43,124.74,37.31,800
2363,2364,244.78,263.32,18.54,449
2364,2365,206.62,242.62,36.0,10
2365,2366,114.77,130.93,16.16,119
2366,2367,161.17,166.69,5.52,552
2367,2368,186.63,235.81,49.18,38
2368,2369,35.12,38.32,3.2,710
2369,2370,208.21,270.02,61.81,976
2370,2371,201.42,210.81,9.39,790
2371,2372,229.25,270.63,41.38,181
2372,2373,127.6,168.86,41.26,247
2373,2374,58.81,63.65,4.84,544
2374,2375,168.24,223.43,55.19,268
2375,2376,236.85,243.98,7.13,556
2376,2377,100.99,136.66,35.67,509
2377,2378,105.82,111.38,5.56,957
2378,2379,206.59,284.27,77.68,399
2379,2380,142.19,199.8,57.61,296
2380,2381,153.48,202.09,48.61,934
2381,2382,224.19,299.77,75.58,663
2382,2383,95.61,98.27,2.66,297
2383,2384,39.51,44.2,4.69,92
2384,2385,44.27,58.57,14.3,337
2385,2386,104.93,107.38,2.45,912
2386,2387,103.81,133.42,29.61,917
2387,2388,222.88,242.36,19.48,502
2388,2389,78.73,81.93,3.2,797
2389,2390,248.86,281.28,32.42,965
2390,2391,131.3,149.5,18.2,231
2391,2392,59.46,69.31,9.85,211
2392,2393,71.66,94.66,23.0,739
2393,2394,77.69,78.61,0.92,930
2394,2395,221.83,249.96,28.13,610
2395,2396,222.12,235.41,13.29,290
2396,2397,150.92,188.33,37.41,20
2397,2398,5.37,6.9,1.53,817
2398,2399,161.13,178.14,17.01,687
2399,2400,52.01,64.7,12.69,59
2400,2401,183.57,190.45,6.88,717
2401,2402,10.76,14.58,3.82,812
2402,2403,161.94,163.74,1.8,732
2403,2404,65.13,70.65,5.52,253
2404,2405,40.6,47.14,6.54,387
2405,2406,85.8,114.86,29.06,387
2406,2407,92.99,125.94,32.95,278
2407,2408,202.46,253.28,50.82,404
2408,2409,37.62,46.3,8.68,972
2409,2410,140.41,178.11,37.7,262
2410,2411,227.9,259.84,31.94,561
2411,2412,185.39,220.81,35.42,948
2412,2413,63.74,85.18,21.44,593
2413,2414,129.53,149.6,20.07,731
2414,2415,106.51,114.79,8.28,497
2415,2416,100.03,137.1,37.07,640
2416,2417,181.92,190.09,8.17,202
2417,2418,125.69,175.33,49.64,991
2418,2419,243.74,272.28,28.54,899
2419,2420,109.84,113.88,4.04,679
2420,2421,226.63,284.94,58.31,919
2421,2422,131.95,139.57,7.62,792
2422,2423,91.47,128.96,37.49,46
2423,2424,81.58,94.76,13.18,136
2424,2425,203.91,289.58,85.67,662
2425,2426,199.33,235.41,36.08,846
2426,2427,132.11,134.82,2.71,30
2427,2428,152.49,171.88,19.39,759
2428,2429,30.41,31.28,0.87,604
2429,2430,30.33,32.37,2.04,152
2430,2431,31.67,41.52,9.85,674
2431,2432,61.62,84.0,22.38,956
2432,2433,25.16,26.61,1.45,310
2433,2434,56.93,66.43,9.5,471
2434,2435,113.83,135.07,21.24,289
2435,2436,223.4,246.01,22.61,197
2436,2437,165.77,179.42,13.65,391
2437,2438,49.36,55.0,5.64,905
2438,2439,94.68,128.02,33.34,133
2439,2440,82.82,86.17,3.35,115
2440,2441,51.94,53.82,1.88,651
2441,2442,77.41,84.61,7.2,777
2442,2443,186.99,189.56,2.57,505
2443,2444,79.31,90.01,10.7,164
2444,2445,89.24,118.11,28.87,428
2445,2446,102.9,109.25,6.35,352
2446,2447,41.16,54.64,13.48,799
2447,2448,271.19,291.34,20.15,249
2448,2449,215.2,236.61,21.41,255
2449,2450,8.46,10.99,2.53,171
2450,2451,100.74,138.31,37.57,168
2451,2452,256.91,274.69,17.78,586
2452,2453,222.86,248.52,25.66,154
2453,2454,199.99,259.77,59.78,835
2454,2455,192.03,251.57,59.54,398
2455,2456,17.53,23.81,6.28,587
2456,2457,137.52,183.37,45.85,952
2457,2458,160.41,210.74,50.33,871
2458,2459,147.83,174.72,26.89,36
2459,2460,11.47,12.42,0.95,140
2460,2461,58.96,61.75,2.79,26
2461,2462,96.45,101.12,4.67,581
2462,2463,44.35,46.64,2.29,103
2463,2464,124.34,171.44,47.1,241
2464,2465,120.95,137.49,16.54,233
2465,2466,219.79,295.82,76.03,767
2466,2467,140.43,167.43,27.0,536
2467,2468,83.93,85.81,1.88,847
2468,2469,275.96,277.06,1.1,589
2469,2470,36.41,40.74,4.33,556
2470,2471,229.66,250.42,20.76,698
2471,2472,11.23,13.57,2.34,210
2472,2473,209.81,223.69,13.88,405
2473,2474,18.56,19.26,0.7,586
2474,2475,79.29,92.73,13.44,751
2475,2476,225.62,253.45,27.83,766
2476,2477,17.6,23.3,5.7,561
2477,2478,7.19,8.36,1.17,48
2478,2479,49.25,64.51,15.26,406
2479,2480,186.51,242.83,56.32,141
2480,2481,21.86,25.48,3.62,256
2481,2482,178.72,220.38,41.66,975
2482,2483,131.52,155.86,24.34,722
2483,2484,242.4,272.37,29.97,108
2484,2485,207.59,219.59,12.0,818
2485,2486,206.77,241.83,35.06,893
2486,2487,251.19,261.46,10.27,120
2487,2488,209.97,217.71,7.74,222
2488,2489,13.36,15.27,1.91,258
2489,2490,128.3,180.59,52.29,489
2490,2491,255.28,284.51,29.23,833
2491,2492,70.49,71.48,0.99,386
2492,2493,165.36,171.79,6.43,371
2493,2494,113.84,152.45,38.61,727
2494,2495,110.52,145.16,34.64,496
2495,2496,126.38,163.36,36.98,859
2496,2497,20.62,27.83,7.21,981
2497,2498,99.13,104.65,5.52,264
2498,2499,68.56,80.99,12.43,143
2499,2500,82.83,114.33,31.5,789
2500,2501,7.24,9.86,2.62,529
2501,2502,57.9,66.51,8.61,31
2502,2503,235.87,254.63,18.76,814
2503,2504,238.24,299.74,61.5,129
2504,2505,265.84,295.68,29.84,261
2505,2506,73.13,75.47,2.34,940
2506,2507,178.99,246.55,67.56,45
2507,2508,12.75,15.39,2.64,383
2508,2509,174.21,245.6,71.39,946
2509,2510,173.05,226.11,53.06,669
2510,2511,196.28,274.6,78.32,986
2511,2512,113.04,137.16,24.12,230
2512,2513,91.51,120.88,29.37,377
2513,2514,77.76,85.62,7.86,914
2514,2515,248.69,280.87,32.18,534
2515,2516,62.71,68.44,5.73,876
2516,2517,76.58,78.05,1.47,54
2517,2518,208.13,270.55,62.42,710
2518,2519,169.94,172.59,2.65,926
2519,2520,82.41,102.6,20.19,960
2520,2521,11.95,13.89,1.94,36
2521,2522,14.82,19.07,4.25,331
2522,2523,207.98,273.05,65.07,759
2523,2524,213.9,243.3,29.4,544
2524,2525,269.81,298.66,28.85,557
2525,2526,27.65,31.99,4.34,875
2526,2527,39.79,43.36,3.57,778
2527,2528,41.09,56.65,15.56,176
2528,2529,114.62,155.44,40.82,133
2529,2530,201.23,243.99,42.76,242
2530,2531,28.13,28.83,0.7,544
2531,2532,254.66,260.64,5.98,550
2532,2533,164.66,166.69,2.03,811
2533,2534,41.52,42.25,0.73,342
2534,2535,28.04,35.85,7.81,955
2535,2536,112.43,122.14,9.71,870
2536,2537,164.61,205.14,40.53,84
2537,2538,206.49,250.15,43.66,699
2538,2539,176.77,218.98,42.21,397
2539,2540,180.54,251.04,70.5,883
2540,2541,60.13,70.95,10.82,149
2541,2542,242.87,296.39,53.52,558
2542,2543,84.89,98.42,13.53,728
2543,2544,275.89,283.94,8.05,98
2544,2545,180.98,194.75,13.77,252
2545,2546,230.62,271.31,40.69,24
2546,2547,175.27,230.5,55.23,635
2547,2548,140.07,197.3,57.23,71
2548,2549,83.59,106.95,23.36,784
2549,2550,237.68,289.47,51.79,193
2550,2551,23.39,29.13,5.74,592
2551,2552,203.37,273.45,70.08,770
2552,2553,73.55,104.88,31.33,822
2553,2554,23.49,30.1,6.61,532
2554,2555,174.91,197.08,22.17,711
2555,2556,62.59,87.6,25.01,350
2556,2557,88.13,123.73,35.6,763
2557,2558,102.93,115.49,12.56,609
2558,2559,122.72,167.51,44.79,481
2559,2560,156.07,198.05,41.98,174
2560,2561,115.39,146.32,30.93,437
2561,2562,206.84,257.68,50.84,241
2562,2563,92.52,106.42,13.9,27
2563,2564,52.34,71.89,19.55,402
2564,2565,57.63,78.91,21.28,775
2565,2566,201.86,271.02,69.16,954
2566,2567,103.21,142.4,39.19,305
2567,2568,4.78,6.8,2.02,754
2568,2569,25.61,27.2,1.59,39
2569,2570,30.82,37.73,6.91,417
2570,2571,153.6,171.3,17.7,655
2571,2572,205.9,213.2,7.3,479
2572,2573,217.45,256.99,39.54,681
2573,2574,146.49,148.28,1.79,411
2574,2575,43.36,50.35,6.99,123
2575,2576,170.96,174.46,3.5,631
2576,2577,79.36,100.1,20.74,485
2577,2578,43.19,49.98,6.79,693
2578,2579,63.3,89.83,26.53,618
2579,2580,50.83,64.09,13.26,630
2580,2581,29.7,40.34,10.64,747
2581,2582,147.55,166.64,19.09,851
2582,2583,131.94,185.15,53.21,288
2583,2584,98.26,100.81,2.55,224
2584,2585,29.72,32.36,2.64,346
2585,2586,165.17,211.55,46.38,486
2586,2587,30.5,35.47,4.97,185
2587,2588,43.68,46.0,2.32,601
2588,2589,191.23,262.36,71.13,108
2589,2590,164.35,220.07,55.72,360
2590,2591,59.18,74.75,15.57,514
2591,2592,190.62,267.63,77.01,320
2592,2593,131.55,177.28,45.73,96
2593,2594,211.48,264.05,52.57,603
2594,2595,252.82,287.45,34.63,170
2595,2596,115.4,156.77,41.37,270
2596,2597,212.17,239.66,27.49,583
2597,2598,40.43,54.75,14.32,35
2598,2599,248.47,293.11,44.64,902
2599,2600,234.47,288.88,54.41,796
2600,2601,117.63,162.5,44.87,343
2601,2602,242.95,260.97,18.02,51
2602,2603,47.08,60.4,13.32,510
2603,2604,228.22,294.19,65.97,533
2604,2605,59.53,72.27,12.74,659
2605,2606,233.83,291.58,57.75,799
2606,2607,124.59,125.14,0.55,400
2607,2608,22.99,25.79,2.8,531
2608,2609,127.21,155.05,27.84,59
2609,2610,156.99,200.05,43.06,380
2610,2611,162.78,183.97,21.19,172
2611,2612,152.84,185.52,32.68,260
2612,2613,205.19,238.48,33.29,875
2613,2614,150.01,159.1,9.09,580
2614,2615,29.91,42.57,12.66,207
2615,2616,133.66,148.3,14.64,273
2616,2617,102.88,137.06,34.18,659
2617,2618,129.67,183.9,54.23,824
2618,2619,61.35,73.21,11.86,123
2619,2620,217.13,289.48,72.35,253
2620,2621,190.28,250.4,60.12,717
2621,2622,115.11,122.68,7.57,748
2622,2623,230.86,294.28,63.42,755
2623,2624,53.33,71.88,18.55,454
2624,2625,39.37,46.76,7.39,459
2625,2626,193.22,221.25,28.03,687
2626,2627,171.47,243.12,71.65,643
2627,2628,97.27,134.12,36.85,798
2628,2629,180.97,220.91,39.94,386
2629,2630,27.61,34.56,6.95,237
2630,2631,256.88,265.78,8.9,179
2631,2632,215.99,221.83,5.84,26
2632,2633,70.52,77.3,6.78,17
2633,2634,78.97,85.24,6.27,821
2634,2635,98.52,138.8,40.28,372
2635,2636,42.47,56.11,13.64,599
2636,2637,145.9,161.35,15.45,610
2637,2638,16.3,18.61,2.31,879
2638,2639,214.07,261.6,47.53,416
2639,2640,103.53,128.49,24.96,851
2640,2641,136.17,174.42,38.25,686
2641,2642,256.95,280.57,23.62,59
2642,2643,48.74,60.64,11.9,451
2643,2644,131.21,151.32,20.11,583
2644,2645,103.24,120.08,16.84,927
2645,2646,17.68,25.08,7.4,169
2646,2647,73.73,93.72,19.99,820
2647,2648,103.14,109.27,6.13,922
2648,2649,265.13,279.88,14.75,322
2649,2650,96.66,131.12,34.46,180
2650,2651,96.22,110.7,14.48,58
2651,2652,12.24,15.08,2.84,544
2652,2653,173.17,225.23,52.06,252
2653,2654,233.13,248.13,15.0,443
2654,2655,145.73,185.25,39.52,882
2655,2656,148.69,201.1,52.41,955
2656,2657,109.66,154.51,44.85,68
2657,2658,32.36,40.71,8.35,689
2658,2659,192.7,226.76,34.06,467
2659,2660,108.78,120.23,11.45,112
2660,2661,34.64,39.6,4.96,867
2661,2662,241.85,282.92,41.07,585
2662,2663,31.64,35.81,4.17,584
2663,2664,262.39,281.17,18.78,324
2664,2665,129.4,156.19,26.79,17
2665,2666,36.98,48.29,11.31,841
2666,2667,47.15,58.26,11.11,311
2667,2668,54.74,58.45,3.71,138
2668,2669,106.88,137.79,30.91,106
2669,2670,236.15,262.09,25.94,218
2670,2671,201.83,278.15,76.32,92
2671,2672,172.82,173.52,0.7,467
2672,2673,78.59,96.76,18.17,963
2673,2674,171.52,177.3,5.78,813
2674,2675,143.86,147.37,3.51,561
2675,2676,81.36,89.55,8.19,475
2676,2677,154.53,217.75,63.22,899
2677,2678,218.38,255.13,36.75,446
2678,2679,119.43,156.57,37.14,619
2679,2680,4.85,6.14,1.29,603
2680,2681,72.23,84.02,11.79,636
2681,2682,123.0,124.67,1.67,566
2682,2683,201.97,232.84,30.87,966
2683,2684,193.01,219.99,26.98,627
2684,2685,178.9,187.78,8.88,617
2685,2686,115.36,142.85,27.49,178
2686,2687,77.42,89.74,12.32,939
2687,2688,134.63,156.26,21.63,328
2688,2689,211.57,263.39,51.82,97
2689,2690,46.33,49.52,3.19,621
2690,2691,205.94,283.4,77.46,891
2691,2692,160.7,174.16,13.46,945
2692,2693,14.85,17.44,2.59,575
2693,2694,16.79,20.48,3.69,777
2694,2695,213.27,247.36,34.09,579
2695,2696,103.35,113.51,10.16,832
2696,2697,6.22,7.58,1.36,320
2697,2698,154.47,168.67,14.2,70
2698,2699,203.28,265.82,62.54,986
2699,2700,38.53,53.99,15.46,34
2700,2701,140.92,195.87,54.95,612
2701,2702,198.29,214.68,16.39,575
2702,2703,272.49,275.25,2.76,602
2703,2704,72.86,99.51,26.65,334
2704,2705,168.02,227.6,59.58,160
2705,2706,68.97,93.57,24.6,683
2706,2707,180.75,191.73,10.98,846
2707,2708,216.07,224.82,8.75,459
2708,2709,201.82,274.8,72.98,587
2709,2710,56.06,69.64,13.58,188
2710,2711,147.74,203.2,55.46,805
2711,2712,23.93,29.1,5.17,349
2712,2713,105.64,136.49,30.85,580
2713,2714,139.49,162.48,22.99,962
2714,2715,163.68,178.47,14.79,204
2715,2716,21.99,25.87,3.88,814
2716,2717,194.14,263.26,69.12,164
2717,2718,68.18,86.11,17.93,461
2718,2719,55.64,59.85,4.21,723
2719,2720,166.42,223.79,57.37,624
2720,2721,257.49,281.37,23.88,305
2721,2722,223.65,239.45,15.8,411
2722,2723,159.02,220.62,61.6,627
2723,2724,233.91,252.62,18.71,314
2724,2725,155.64,213.66,58.02,902
2725,2726,196.69,269.92,73.23,927
2726,2727,104.23,109.23,5.0,553
2727,2728,95.64,129.7,34.06,560
2728,2729,72.68,88.34,15.66,41
2729,2730,119.03,151.27,32.24,121
2730,2731,17.98,22.13,4.15,225
2731,2732,35.68,41.42,5.74,609
2732,2733,287.02,291.36,4.34,175
2733,2734,212.84,268.41,55.57,652
2734,2735,274.21,289.35,15.14,63
2735,2736,151.63,184.26,32.63,570
2736,2737,147.21,197.75,50.54,973
2737,2738,184.89,256.36,71.47,934
2738,2739,83.06,90.28,7.22,114
2739,2740,92.28,97.98,5.7,328
2740,2741,154.22,185.15,30.93,253
2741,2742,189.5,260.69,71.19,877
2742,2743,129.06,152.04,22.98,247
2743,2744,162.42,202.97,40.55,522
2744,2745,105.02,112.05,7.03,795
2745,2746,117.17,146.9,29.73,890
2746,2747,106.35,112.35,6.0,474
2747,2748,109.22,144.56,35.34,903
2748,2749,163.93,210.45,46.52,961
2749,2750,21.63,23.09,1.46,14
2750,2751,114.21,159.05,44.84,377
2751,2752,67.69,84.39,16.7,616
2752,2753,97.63,119.71,22.08,821
2753,2754,180.71,254.28,73.57,948
2754,2755,257.95,269.27,11.32,121
2755,2756,192.68,195.92,3.24,188
2756,2757,58.68,76.96,18.28,65
2757,2758,239.61,243.76,4.15,545
2758,2759,11.08,12.58,1.5,289
2759,2760,40.3,50.41,10.11,188
2760,2761,228.06,276.64,48.58,144
2761,2762,35.07,49.16,14.09,107
2762,2763,14.02,19.45,5.43,182
2763,2764,140.41,147.84,7.43,763
2764,2765,50.72,63.42,12.7,111
2765,2766,37.91,51.5,13.59,647
2766,2767,172.03,176.47,4.44,160
2767,2768,25.23,32.21,6.98,30
2768,2769,264.39,299.63,35.24,185
2769,2770,156.73,167.71,10.98,326
2770,2771,71.0,85.39,14.39,698
2771,2772,138.16,185.18,47.02,823
2772,2773,8.77,11.55,2.78,353
2773,2774,96.88,116.49,19.61,689
2774,2775,234.44,295.45,61.01,36
2775,2776,135.89,162.61,26.72,338
2776,2777,224.23,242.31,18.08,244
2777,2778,113.05,128.91,15.86,145
2778,2779,189.33,233.09,43.76,398
2779,2780,192.32,224.1,31.78,276
2780,2781,212.97,293.92,80.95,614
2781,2782,180.05,249.44,69.39,984
2782,2783,249.36,293.51,44.15,518
2783,2784,194.5,216.14,21.64,286
2784,2785,146.74,169.54,22.8,765
2785,2786,135.77,177.04,41.27,391
2786,2787,93.58,104.13,10.55,998
2787,2788,167.63,170.31,2.68,206
2788,2789,87.94,93.66,5.72,675
2789,2790,239.48,284.62,45.14,560
2790,2791,111.15,115.56,4.41,267
2791,2792,161.38,195.17,33.79,572
2792,2793,243.11,267.86,24.75,952
2793,2794,230.33,247.15,16.82,319
2794,2795,205.84,284.04,78.2,49
2795,2796,174.92,221.07,46.15,737
2796,2797,204.91,237.32,32.41,23
2797,2798,255.13,263.7,8.57,144
2798,2799,23.71,27.11,3.4,257
2799,2800,181.83,215.54,33.71,655
2800,2801,161.94,163.64,1.7,741
2801,2802,75.71,105.81,30.1,554
2802,2803,147.02,195.55,48.53,255
2803,2804,105.73,135.85,30.12,320
2804,2805,179.25,252.76,73.51,531
2805,2806,99.54,102.69,3.15,754
2806,2807,135.16,168.19,33.03,614
2807,2808,90.51,124.8,34.29,76
2808,2809,45.29,47.81,2.52,803
2809,2810,27.36,38.79,11.43,263
2810,2811,226.13,231.37,5.24,606
2811,2812,47.11,64.62,17.51,361
2812,2813,102.02,121.37,19.35,941
2813,2814,193.28,221.89,28.61,605
2814,2815,84.05,117.06,33.01,318
2815,2816,97.68,138.66,40.98,205
2816,2817,5.97,7.33,1.36,849
2817,2818,107.61,148.73,41.12,284
2818,2819,135.86,189.02,53.16,911
2819,2820,132.35,136.3,3.95,144
2820,2821,248.51,277.91,29.4,561
2821,2822,108.93,118.29,9.36,282
2822,2823,160.89,180.85,19.96,897
2823,2824,229.7,231.4,1.7,589
2824,2825,5.14,5.94,0.8,112
2825,2826,158.17,183.61,25.44,99
2826,2827,159.31,177.62,18.31,74
2827,2828,69.63,97.57,27.94,371
2828,2829,273.26,298.67,25.41,337
2829,2830,148.8,181.19,32.39,510
2830,2831,65.02,85.03,20.01,503
2831,2832,197.81,228.55,30.74,401
2832,2833,228.6,250.58,21.98,491
2833,2834,197.97,260.56,62.59,973
2834,2835,236.91,258.91,22.0,553
2835,2836,70.69,89.18,18.49,815
2836,2837,186.41,226.42,40.01,844
2837,2838,92.07,121.65,29.58,21
2838,2839,27.99,30.2,2.21,200
2839,2840,234.1,298.1,64.0,771
2840,2841,256.29,266.7,10.41,210
2841,2842,250.21,277.47,27.26,869
2842,2843,98.13,134.0,35.87,810
2843,2844,161.95,212.93,50.98,632
2844,2845,66.46,84.93,18.47,997
2845,2846,246.87,254.79,7.92,106
2846,2847,91.08,103.39,12.31,435
2847,2848,173.57,222.27,48.7,875
2848,2849,204.93,266.65,61.72,909
2849,2850,148.58,211.47,62.89,101
2850,2851,78.46,95.06,16.6,613
2851,2852,13.66,14.18,0.52,611
2852,2853,136.43,178.64,42.21,317
2853,2854,136.36,141.37,5.01,705
2854,2855,78.2,85.59,7.39,976
2855,2856,67.93,69.93,2.0,800
2856,2857,18.96,24.93,5.97,731
2857,2858,250.14,283.65,33.51,523
2858,2859,19.87,25.88,6.01,448
2859,2860,173.86,212.1,38.24,185
2860,2861,252.73,268.54,15.81,893
2861,2862,86.72,117.78,31.06,374
2862,2863,60.07,75.37,15.3,289
2863,2864,233.4,265.01,31.61,357
2864,2865,194.85,250.97,56.12,12
2865,2866,238.7,239.28,0.58,644
2866,2867,226.28,275.82,49.54,463
2867,2868,179.66,190.03,10.37,343
2868,2869,13.06,16.48,3.42,235
2869,2870,149.18,191.67,42.49,508
2870,2871,181.41,185.48,4.07,493
2871,2872,5.94,8.37,2.43,403
2872,2873,82.37,91.33,8.96,663
2873,2874,213.2,288.97,75.77,54
2874,2875,122.2,137.52,15.32,238
2875,2876,209.27,267.77,58.5,92
2876,2877,50.54,51.27,0.73,211
2877,2878,82.28,90.4,8.12,758
2878,2879,254.7,256.01,1.31,968
2879,2880,56.08,64.41,8.33,854
2880,2881,232.71,288.28,55.57,305
2881,2882,192.73,209.07,16.34,341
2882,2883,201.51,250.01,48.5,479
2883,2884,71.71,87.64,15.93,245
2884,2885,19.1,27.24,8.14,692
2885,2886,41.61,43.89,2.28,913
2886,2887,105.0,128.89,23.89,270
2887,2888,218.32,234.54,16.22,927
2888,2889,112.14,148.67,36.53,30
2889,2890,12.83,13.92,1.09,778
2890,2891,106.33,131.11,24.78,493
2891,2892,78.25,85.45,7.2,470
2892,2893,11.09,12.52,1.43,16
2893,2894,63.81,87.69,23.88,994
2894,2895,109.72,121.01,11.29,665
2895,2896,61.82,73.35,11.53,857
2896,2897,150.27,166.26,15.99,317
2897,2898,148.5,202.74,54.24,683
2898,2899,41.31,42.37,1.06,386
2899,2900,64.59,65.26,0.67,904
2900,2901,138.2,146.84,8.64,936
2901,2902,6.18,8.18,2.0,497
2902,2903,201.67,202.99,1.32,801
2903,2904,212.57,253.78,41.21,402
2904,2905,97.68,107.91,10.23,55
2905,2906,194.33,231.07,36.74,459
2906,2907,71.37,87.04,15.67,572
2907,2908,213.85,277.65,63.8,383
2908,2909,179.6,253.41,73.81,70
2909,2910,34.49,45.32,10.83,282
2910,2911,240.16,245.72,5.56,142
2911,2912,74.83,81.03,6.2,519
2912,2913,161.81,165.3,3.49,445
2913,2914,112.74,130.12,17.38,77
2914,2915,218.49,261.15,42.66,249
2915,2916,164.51,182.45,17.94,429
2916,2917,76.74,89.61,12.87,532
2917,2918,20.39,26.98,6.59,314
2918,2919,242.06,255.25,13.19,598
2919,2920,205.4,225.14,19.74,523
2920,2921,100.27,117.65,17.38,885
2921,2922,231.32,249.34,18.02,718
2922,2923,48.27,60.42,12.15,803
2923,2924,205.6,239.65,34.05,694
2924,2925,161.98,163.18,1.2,125
2925,2926,46.4,63.75,17.35,96
2926,2927,79.23,104.42,25.19,161
2927,2928,262.78,272.14,9.36,992
2928,2929,132.76,155.07,22.31,20
2929,2930,109.54,137.28,27.74,156
2930,2931,278.44,283.17,4.73,458
2931,2932,188.96,220.63,31.67,459
2932,2933,117.43,139.69,22.26,695
2933,2934,152.23,155.37,3.14,380
2934,2935,118.94,159.33,40.39,449
2935,2936,29.41,37.81,8.4,650
2936,2937,18.5,19.44,0.94,475
2937,2938,51.23,64.3,13.07,719
2938,2939,193.57,218.69,25.12,817
2939,2940,73.9,95.99,22.09,694
2940,2941,230.2,244.2,14.0,96
2941,2942,14.8,18.96,4.16,365
2942,2943,110.49,125.29,14.8,110
2943,2944,139.66,167.12,27.46,205
2944,2945,187.24,207.06,19.82,906
2945,2946,87.51,95.86,8.35,697
2946,2947,130.14,131.45,1.31,180
2947,2948,20.97,29.69,8.72,133
2948,2949,145.29,172.47,27.18,873
2949,2950,127.42,148.02,20.6,69
2950,2951,132.48,178.79,46.31,862
2951,2952,179.76,218.26,38.5,709
2952,2953,153.98,175.32,21.34,290
2953,2954,233.02,236.24,3.22,266
2954,2955,76.99,81.52,4.53,124
2955,2956,221.91,263.52,41.61,566
2956,2957,102.19,136.0,33.81,455
2957,2958,150.97,207.68,56.71,175
2958,2959,71.67,75.56,3.89,47
2959,2960,53.56,63.49,9.93,116
2960,2961,64.65,89.82,25.17,222
2961,2962,204.84,216.54,11.7,551
2962,2963,87.15,92.59,5.44,216
2963,2964,54.6,64.68,10.08,516
2964,2965,208.08,242.56,34.48,696
2965,2966,16.41,21.85,5.44,668
2966,2967,67.71,71.57,3.86,436
2967,2968,150.15,202.8,52.65,274
2968,2969,164.6,185.95,21.35,662
2969,2970,229.05,253.78,24.73,864
2970,2971,247.5,256.46,8.96,18
2971,2972,169.18,231.09,61.91,794
2972,2973,53.6,62.32,8.72,152
2973,2974,225.4,251.14,25.74,737
2974,2975,51.58,68.12,16.54,551
2975,2976,219.08,299.87,80.79,372
2976,2977,148.96,188.38,39.42,392
2977,2978,204.78,283.67,78.89,82
2978,2979,173.45,203.69,30.24,385
2979,2980,149.03,190.13,41.1,970
2980,2981,192.82,270.54,77.72,125
2981,2982,56.56,65.4,8.84,656
2982,2983,75.77,91.39,15.62,467
2983,2984,39.39,40.23,0.84,858
2984,2985,15.98,22.56,6.58,237
2985,2986,183.04,258.06,75.02,202
2986,2987,101.69,106.1,4.41,402
2987,2988,152.24,200.42,48.18,305
2988,2989,165.58,223.93,58.35,148
2989,2990,114.33,125.09,10.76,560
2990,2991,243.05,294.33,51.28,24
2991,2992,61.25,64.63,3.38,838
2992,2993,292.07,297.56,5.49,432
2993,2994,66.99,92.35,25.36,450
2994,2995,209.74,222.79,13.05,480
2995,2996,167.58,239.05,71.47,150
2996,2997,139.71,167.98,28.27,247
2997,2998,268.72,285.07,16.35,796
2998,2999,277.25,280.39,3.14,251
2999,3000,79.95,99.82,19.87,428
3000,3001,32.72,39.93,7.21,918
3001,3002,178.94,253.32,74.38,577
3002,3003,170.99,217.05,46.06,874
3003,3004,154.14,183.23,29.09,451
3004,3005,194.41,210.17,15.76,461
3005,3006,47.75,54.73,6.98,530
3006,3007,237.76,293.5,55.74,209
3007,3008,98.45,122.74,24.29,517
3008,3009,10.02,11.58,1.56,829
3009,3010,183.59,242.72,59.13,751
3010,3011,13.25,17.03,3.78,728
3011,3012,86.61,97.73,11.12,750
3012,3013,123.1,127.45,4.35,370
3013,3014,147.01,162.63,15.62,113
3014,3015,190.96,266.36,75.4,772
3015,3016,259.27,291.65,32.38,513
3016,3017,137.09,141.68,4.59,64
3017,3018,45.02,47.54,2.52,166
3018,3019,120.24,156.98,36.74,280
3019,3020,210.19,223.88,13.69,179
3020,3021,173.87,236.36,62.49,263
3021,3022,228.99,233.83,4.84,702
3022,3023,6.16,6.7,0.54,127
3023,3024,7.2,10.06,2.86,202
3024,3025,52.39,63.59,11.2,689
3025,3026,75.19,85.19,10.0,207
3026,3027,140.07,156.67,16.6,280
3027,3028,129.32,172.59,43.27,702
3028,3029,58.09,82.71,24.62,393
3029,3030,226.26,231.12,4.86,511
3030,3031,77.55,99.11,21.56,205
3031,3032,197.29,203.76,6.47,27
3032,3033,193.69,208.0,14.31,646
3033,3034,136.11,160.68,24.57,984
3034,3035,41.77,57.95,16.18,324
3035,3036,151.64,182.88,31.24,110
3036,3037,145.39,151.46,6.07,146
3037,3038,87.08,97.91,10.83,376
3038,3039,56.15,58.41,2.26,860
3039,3040,90.99,110.49,19.5,579
3040,3041,207.25,258.95,51.7,698
3041,3042,139.38,153.17,13.79,171
3042,3043,252.8,255.2,2.4,996
3043,3044,200.79,269.17,68.38,845
3044,3045,11.59,12.57,0.98,203
3045,3046,88.61,118.68,30.07,880
3046,3047,106.83,125.43,18.6,863
3047,3048,150.11,188.03,37.92,547
3048,3049,21.96,24.41,2.45,242
3049,3050,243.39,250.45,7.06,875
3050,3051,132.5,156.91,24.41,250
3051,3052,60.81,62.43,1.62,989
3052,3053,257.9,297.37,39.47,892
3053,3054,147.72,159.46,11.74,787
3054,3055,193.43,257.11,63.68,844
3055,3056,54.51,71.72,17.21,19
3056,3057,111.09,112.96,1.87,62
3057,3058,236.5,271.36,34.86,367
3058,3059,57.71,68.61,10.9,350
3059,3060,69.93,71.15,1.22,834
3060,3061,5.13,6.32,1.19,902
3061,3062,116.39,129.84,13.45,37
3062,3063,210.93,218.48,7.55,547
3063,3064,30.5,34.29,3.79,993
3064,3065,37.14,50.26,13.12,796
3065,3066,98.74,124.81,26.07,534
3066,3067,164.2,182.56,18.36,344
3067,3068,180.38,235.44,55.06,600
3068,3069,242.28,290.67,48.39,610
3069,3070,21.73,22.44,0.71,705
3070,3071,62.82,71.59,8.77,570
3071,3072,42.73,57.2,14.47,530
3072,3073,151.82,205.98,54.16,902
3073,3074,155.76,204.38,48.62,765
3074,3075,106.67,123.94,17.27,97
3075,3076,60.77,79.9,19.13,174
3076,3077,137.8,151.55,13.75,791
3077,3078,24.46,34.33,9.87,828
3078,3079,164.23,194.23,30.0,119
3079,3080,152.07,186.57,34.5,103
3080,3081,165.8,206.34,40.54,147
3081,3082,201.7,228.24,26.54,372
3082,3083,96.35,136.43,40.08,941
3083,3084,166.58,224.68,58.1,707
3084,3085,129.62,183.16,53.54,512
3085,3086,22.26,29.98,7.72,572
3086,3087,99.02,120.47,21.45,491
3087,3088,157.67,163.49,5.82,933
3088,3089,100.31,124.68,24.37,88
3089,3090,135.75,165.4,29.65,864
3090,3091,209.39,232.81,23.42,44
3091,3092,46.11,64.78,18.67,719
3092,3093,49.61,66.8,17.19,621
3093,3094,61.65,76.33,14.68,815
3094,3095,190.57,243.45,52.88,217
3095,3096,174.05,176.97,2.92,997
3096,3097,214.92,263.42,48.5,375
3097,3098,120.24,170.37,50.13,419
3098,3099,53.46,58.83,5.37,835
3099,3100,19.6,20.33,0.73,215
3100,3101,156.71,214.67,57.96,296
3101,3102,106.56,107.75,1.19,85
3102,3103,11.43,13.94,2.51,878
3103,3104,202.58,246.85,44.27,154
3104,3105,8.43,11.27,2.84,111
3105,3106,214.89,295.88,80.99,57
3106,3107,57.78,60.26,2.48,295
3107,3108,103.11,144.47,41.36,959
3108,3109,76.67,79.71,3.04,164
3109,3110,123.16,142.32,19.16,213
3110,3111,147.61,172.63,25.02,896
3111,3112,94.11,99.32,5.21,457
3112,3113,111.1,119.25,8.15,810
3113,3114,102.22,115.28,13.06,369
3114,3115,24.72,28.59,3.87,175
3115,3116,191.52,247.92,56.4,1000
3116,3117,209.31,241.89,32.58,351
3117,3118,83.91,118.67,34.76,274
3118,3119,45.12,52.5,7.38,199
3119,3120,128.31,160.53,32.22,637
3120,3121,91.43,102.82,11.39,647
3121,3122,114.63,158.58,43.95,656
3122,3123,211.4,215.69,4.29,890
3123,3124,166.81,208.69,41.88,257
3124,3125,183.34,241.09,57.75,606
3125,3126,201.53,227.24,25.71,33
3126,3127,176.73,195.08,18.35,330
3127,3128,36.08,47.89,11.81,719
3128,3129,80.3,106.58,26.28,841
3129,3130,209.9,258.65,48.75,483
3130,3131,177.69,231.58,53.89,39
3131,3132,140.89,172.37,31.48,638
3132,3133,7.35,9.28,1.93,205
3133,3134,232.49,272.01,39.52,759
3134,3135,69.16,98.79,29.63,25
3135,3136,230.8,278.89,48.09,696
3136,3137,124.57,168.07,43.5,723
3137,3138,83.67,87.71,4.04,43
3138,3139,253.08,268.01,14.93,312
3139,3140,120.62,134.53,13.91,687
3140,3141,239.64,253.17,13.53,375
3141,3142,119.18,122.72,3.54,968
3142,3143,127.22,181.03,53.81,960
3143,3144,237.71,240.09,2.38,320
3144,3145,43.64,48.24,4.6,980
3145,3146,125.03,141.49,16.46,733
3146,3147,10.55,13.53,2.98,934
3147,3148,172.41,222.43,50.02,352
3148,3149,113.39,127.22,13.83,910
3149,3150,174.07,194.15,20.08,227
3150,3151,255.86,261.68,5.82,701
3151,3152,70.51,79.16,8.65,862
3152,3153,262.64,270.64,8.0,402
3153,3154,35.17,49.53,14.36,60
3154,3155,101.2,119.25,18.05,560
3155,3156,153.65,196.09,42.44,100
3156,3157,83.14,114.92,31.78,683
3157,3158,153.12,179.7,26.58,810
3158,3159,95.03,132.12,37.09,219
3159,3160,101.94,127.02,25.08,290
3160,3161,128.69,166.79,38.1,288
3161,3162,145.36,148.87,3.51,706
3162,3163,89.53,122.91,33.38,865
3163,3164,189.63,229.13,39.5,224
3164,3165,164.6,195.56,30.96,643
3165,3166,193.18,194.87,1.69,997
3166,3167,171.0,186.67,15.67,694
3167,3168,207.66,259.85,52.19,636
3168,3169,57.21,63.94,6.73,623
3169,3170,247.73,277.18,29.45,608
3170,3171,215.02,286.43,71.41,341
3171,3172,94.14,111.12,16.98,983
3172,3173,160.68,223.77,63.09,129
3173,3174,153.85,189.62,35.77,889
3174,3175,7.2,7.78,0.58,488
3175,3176,254.62,279.29,24.67,767
3176,3177,83.79,114.1,30.31,403
3177,3178,110.01,137.15,27.14,529
3178,3179,49.96,71.11,21.15,292
3179,3180,196.59,222.43,25.84,187
3180,3181,25.95,32.3,6.35,403
3181,3182,179.14,186.51,7.37,624
3182,3183,126.69,136.05,9.36,749
3183,3184,73.09,79.72,6.63,232
3184,3185,116.46,143.65,27.19,608
3185,3186,110.02,151.25,41.23,1000
3186,3187,27.91,34.72,6.81,762
3187,3188,29.41,31.69,2.28,384
3188,3189,227.63,262.08,34.45,268
3189,3190,16.94,20.23,3.29,639
3190,3191,67.0,82.71,15.71,813
3191,3192,236.45,253.08,16.63,419
3192,3193,82.24,103.11,20.87,353
3193,3194,4.56,5.79,1.23,36
3194,3195,44.43,53.88,9.45,361
3195,3196,173.25,183.92,10.67,688
3196,3197,240.75,248.7,7.95,655
3197,3198,108.97,116.33,7.36,358
3198,3199,283.34,290.32,6.98,97
3199,3200,111.15,122.64,11.49,84
3200,3201,99.86,114.6,14.74,437
3201,3202,5.45,7.39,1.94,137
3202,3203,195.98,251.75,55.77,142
3203,3204,115.2,135.41,20.21,116
3204,3205,191.88,226.21,34.33,434
3205,3206,261.42,263.01,1.59,60
3206,3207,59.98,74.69,14.71,44
3207,3208,162.23,175.49,13.26,624
3208,3209,265.2,286.11,20.91,192
3209,3210,203.28,209.43,6.15,439
3210,3211,170.9,193.18,22.28,464
3211,3212,5.78,7.9,2.12,134
3212,3213,89.16,90.7,1.54,726
3213,3214,178.96,189.65,10.69,772
3214,3215,244.82,261.09,16.27,70
3215,3216,143.41,150.27,6.86,719
3216,3217,69.51,77.41,7.9,362
3217,3218,102.81,106.97,4.16,198
3218,3219,234.4,243.77,9.37,934
3219,3220,177.2,188.97,11.77,333
3220,3221,231.38,258.03,26.65,885
3221,3222,51.69,64.87,13.18,489
3222,3223,170.96,209.68,38.72,60
3223,3224,22.88,31.27,8.39,604
3224,3225,20.97,22.04,1.07,519
3225,3226,118.99,154.21,35.22,286
3226,3227,120.28,125.35,5.07,693
3227,3228,84.59,91.86,7.27,702
3228,3229,94.68,107.01,12.33,600
3229,3230,198.06,238.41,40.35,78
3230,3231,206.49,225.24,18.75,440
3231,3232,108.82,128.7,19.88,474
3232,3233,240.39,292.88,52.49,353
3233,3234,235.92,268.81,32.89,603
3234,3235,32.52,45.92,13.4,159
3235,3236,6.18,7.73,1.55,957
3236,3237,265.29,283.69,18.4,95
3237,3238,136.55,184.9,48.35,886
3238,3239,208.05,248.91,40.86,164
3239,3240,218.75,274.18,55.43,249
3240,3241,173.26,189.17,15.91,465
3241,3242,83.93,113.95,30.02,425
3242,3243,238.17,255.02,16.85,167
3243,3244,97.17,102.72,5.55,114
3244,3245,191.09,264.49,73.4,457
3245,3246,202.35,239.18,36.83,693
3246,3247,228.36,246.85,18.49,207
3247,3248,116.19,132.26,16.07,279
3248,3249,172.43,203.55,31.12,907
3249,3250,176.4,244.53,68.13,315
3250,3251,186.0,212.34,26.34,46
3251,3252,276.54,278.14,1.6,312
3252,3253,185.99,245.4,59.41,518
3253,3254,271.4,291.46,20.06,962
3254,3255,172.32,192.2,19.88,29
3255,3256,213.39,216.18,2.79,178
3256,3257,86.58,104.4,17.82,322
3257,3258,50.87,62.19,11.32,40
3258,3259,13.51,14.2,0.69,885
3259,3260,161.33,205.45,44.12,706
3260,3261,104.86,106.85,1.99,708
3261,3262,39.23,40.53,1.3,835
3262,3263,115.89,124.21,8.32,538
3263,3264,158.29,204.17,45.88,672
3264,3265,195.74,247.65,51.91,225
3265,3266,94.8,98.24,3.44,464
3266,3267,215.25,282.44,67.19,180
3267,3268,208.36,218.13,9.77,446
3268,3269,220.02,289.94,69.92,676
3269,3270,200.16,261.88,61.72,598
3270,3271,222.28,263.95,41.67,490
3271,3272,61.4,85.92,24.52,162
3272,3273,94.57,116.8,22.23,131
3273,3274,86.12,118.0,31.88,53
3274,3275,172.8,228.88,56.08,982
3275,3276,102.68,117.98,15.3,566
3276,3277,119.01,153.3,34.29,710
3277,3278,107.0,148.54,41.54,917
3278,3279,154.09,158.83,4.74,900
3279,3280,133.34,134.19,0.85,137
3280,3281,236.37,279.02,42.65,834
3281,3282,287.83,296.79,8.96,245
3282,3283,21.43,26.8,5.37,741
3283,3284,206.17,284.57,78.4,705
3284,3285,139.87,144.48,4.61,737
3285,3286,54.61,70.19,15.58,898
3286,3287,17.69,22.93,5.24,81
3287,3288,116.61,151.77,35.16,107
3288,3289,92.57,113.14,20.57,910
3289,3290,178.55,214.72,36.17,26
3290,3291,227.62,265.22,37.6,895
3291,3292,128.82,162.08,33.26,978
3292,3293,92.37,103.57,11.2,195
3293,3294,130.35,176.26,45.91,178
3294,3295,162.44,183.47,21.03,246
3295,3296,168.97,193.84,24.87,282
3296,3297,111.65,117.58,5.93,406
3297,3298,257.79,262.74,4.95,78
3298,3299,45.11,60.64,15.53,395
3299,3300,284.1,297.72,13.62,604
3300,3301,106.96,124.28,17.32,145
3301,3302,158.65,199.83,41.18,241
3302,3303,50.77,56.78,6.01,265
3303,3304,180.69,218.73,38.04,698
3304,3305,65.14,68.68,3.54,50
3305,3306,84.35,120.21,35.86,966
3306,3307,182.83,192.77,9.94,192
3307,3308,92.75,130.83,38.08,258
3308,3309,170.91,230.87,59.96,726
3309,3310,156.93,161.08,4.15,123
3310,3311,245.0,298.93,53.93,91
3311,3312,36.47,39.35,2.88,150
3312,3313,6.51,8.74,2.23,258
3313,3314,270.94,297.48,26.54,745
3314,3315,107.91,117.82,9.91,477
3315,3316,169.6,226.31,56.71,575
3316,3317,54.79,57.27,2.48,179
3317,3318,238.83,281.63,42.8,127
3318,3319,104.96,112.14,7.18,81
3319,3320,156.19,172.6,16.41,985
3320,3321,15.31,18.99,3.68,654
3321,3322,193.56,246.51,52.95,23
3322,3323,116.85,155.49,38.64,486
3323,3324,194.36,215.55,21.19,816
3324,3325,176.04,201.21,25.17,614
3325,3326,14.93,16.54,1.61,38
3326,3327,214.78,255.89,41.11,870
3327,3328,99.28,121.46,22.18,759
3328,3329,41.42,56.56,15.14,730
3329,3330,279.02,298.63,19.61,359
3330,3331,101.53,130.47,28.94,319
3331,3332,50.97,58.21,7.24,549
3332,3333,242.37,278.37,36.0,506
3333,3334,253.73,274.02,20.29,945
3334,3335,181.06,210.74,29.68,288
3335,3336,133.75,174.33,40.58,271
3336,3337,219.75,233.18,13.43,969
3337,3338,133.12,180.52,47.4,629
3338,3339,81.19,85.34,4.15,456
3339,3340,237.26,250.85,13.59,299
3340,3341,20.86,24.35,3.49,595
3341,3342,137.42,152.84,15.42,36
3342,3343,186.52,236.46,49.94,902
3343,3344,167.23,213.6,46.37,220
3344,3345,227.12,242.18,15.06,141
3345,3346,109.13,141.8,32.67,698
3346,3347,209.41,249.49,40.08,608
3347,3348,104.9,123.1,18.2,915
3348,3349,110.75,117.95,7.2,264
3349,3350,166.89,189.39,22.5,771
3350,3351,64.09,66.4,2.31,806
3351,3352,94.23,114.81,20.58,306
3352,3353,121.02,144.77,23.75,843
3353,3354,60.67,83.93,23.26,678
3354,3355,187.32,214.29,26.97,210
3355,3356,120.52,156.19,35.67,50
3356,3357,131.79,168.17,36.38,781
3357,3358,273.56,296.0,22.44,57
3358,3359,121.95,172.14,50.19,838
3359,3360,45.85,61.69,15.84,947
3360,3361,132.22,159.79,27.57,945
3361,3362,141.63,142.38,0.75,366
3362,3363,112.71,155.27,42.56,380
3363,3364,114.12,154.26,40.14,245
3364,3365,66.26,89.32,23.06,869
3365,3366,178.36,230.38,52.02,633
3366,3367,186.88,259.92,73.04,712
3367,3368,230.36,254.75,24.39,234
3368,3369,12.92,17.14,4.22,119
3369,3370,256.81,259.26,2.45,379
3370,3371,148.32,165.51,17.19,142
3371,3372,7.67,10.65,2.98,104
3372,3373,99.9,141.7,41.8,961
3373,3374,231.29,255.24,23.95,741
3374,3375,23.38,26.35,2.97,269
3375,3376,208.53,241.35,32.82,557
3376,3377,96.53,109.76,13.23,93
3377,3378,16.93,17.82,0.89,916
3378,3379,47.17,50.45,3.28,786
3379,3380,67.32,90.1,22.78,502
3380,3381,174.62,204.4,29.78,161
3381,3382,73.02,76.85,3.83,223
3382,3383,140.84,151.36,10.52,429
3383,3384,14.89,15.82,0.93,902
3384,3385,186.35,250.21,63.86,213
3385,3386,37.36,39.82,2.46,56
3386,3387,19.43,26.39,6.96,244
3387,3388,83.58,89.92,6.34,109
3388,3389,209.94,236.28,26.34,448
3389,3390,78.9,107.45,28.55,284
3390,3391,220.62,222.52,1.9,319
3391,3392,127.1,135.59,8.49,17
3392,3393,39.1,46.29,7.19,924
3393,3394,117.4,129.65,12.25,868
3394,3395,156.08,200.6,44.52,52
3395,3396,243.91,284.12,40.21,234
3396,3397,140.54,142.33,1.79,289
3397,3398,125.41,178.31,52.9,625
3398,3399,179.52,213.73,34.21,947
3399,3400,19.43,20.97,1.54,671
3400,3401,89.52,125.15,35.63,762
3401,3402,135.99,140.2,4.21,347
3402,3403,137.75,144.5,6.75,700
3403,3404,97.79,99.85,2.06,245
3404,3405,210.92,247.18,36.26,786
3405,3406,97.07,119.7,22.63,302
3406,3407,39.22,45.03,5.81,132
3407,3408,256.58,276.36,19.78,203
3408,3409,113.47,154.12,40.65,72
3409,3410,188.3,192.57,4.27,371
3410,3411,100.39,133.03,32.64,710
3411,3412,29.71,34.14,4.43,732
3412,3413,16.97,20.09,3.12,253
3413,3414,191.64,211.27,19.63,654
3414,3415,32.83,40.66,7.83,983
3415,3416,160.66,195.06,34.4,940
3416,3417,35.09,36.97,1.88,403
3417,3418,23.39,25.8,2.41,483
3418,3419,200.49,205.68,5.19,587
3419,3420,232.48,235.43,2.95,731
3420,3421,119.7,122.34,2.64,373
3421,3422,157.1,185.87,28.77,926
3422,3423,93.73,128.56,34.83,947
3423,3424,89.34,96.15,6.81,878
3424,3425,116.81,162.64,45.83,58
3425,3426,55.33,70.41,15.08,550
3426,3427,194.09,238.06,43.97,880
3427,3428,163.86,214.1,50.24,492
3428,3429,127.73,149.47,21.74,843
3429,3430,154.18,169.27,15.09,548
3430,3431,160.68,212.52,51.84,12
3431,3432,14.82,16.52,1.7,103
3432,3433,40.0,56.92,16.92,872
3433,3434,104.12,136.74,32.62,105
3434,3435,163.31,220.41,57.1,660
3435,3436,43.79,50.52,6.73,801
3436,3437,65.62,89.22,23.6,922
3437,3438,140.6,167.27,26.67,69
3438,3439,189.43,269.04,79.61,488
3439,3440,86.23,106.23,20.0,823
3440,3441,202.17,278.38,76.21,748
3441,3442,228.91,255.13,26.22,481
3442,3443,148.63,154.78,6.15,406
3443,3444,71.09,93.43,22.34,166
3444,3445,89.89,94.83,4.94,616
3445,3446,64.17,86.73,22.56,379
3446,3447,204.33,270.68,66.35,437
3447,3448,50.0,62.42,12.42,959
3448,3449,183.56,228.91,45.35,995
3449,3450,154.42,187.1,32.68,125
3450,3451,82.15,96.63,14.48,673
3451,3452,106.12,114.83,8.71,279
3452,3453,198.69,242.7,44.01,571
3453,3454,179.33,249.96,70.63,724
3454,3455,11.51,14.27,2.76,549
3455,3456,127.44,181.42,53.98,576
3456,3457,176.04,227.37,51.33,185
3457,3458,134.17,153.19,19.02,20
3458,3459,263.14,277.16,14.02,896
3459,3460,59.12,75.63,16.51,83
3460,3461,75.54,94.72,19.18,162
3461,3462,203.54,265.89,62.35,241
3462,3463,174.21,200.38,26.17,714
3463,3464,241.24,283.05,41.81,309
3464,3465,192.08,216.42,24.34,477
3465,3466,265.46,272.35,6.89,844
3466,3467,102.92,123.79,20.87,38
3467,3468,160.94,195.23,34.29,505
3468,3469,186.51,246.24,59.73,13
3469,3470,104.09,116.96,12.87,716
3470,3471,40.2,56.5,16.3,141
3471,3472,173.37,217.3,43.93,818
3472,3473,73.33,93.93,20.6,124
3473,3474,219.36,242.46,23.1,592
3474,3475,53.22,71.98,18.76,583
3475,3476,247.1,251.52,4.42,298
3476,3477,32.37,33.92,1.55,687
3477,3478,82.31,94.66,12.35,640
3478,3479,13.7,16.99,3.29,430
3479,3480,3.81,5.38,1.57,936
3480,3481,20.87,29.14,8.27,783
3481,3482,117.4,156.48,39.08,749
3482,3483,133.69,147.56,13.87,822
3483,3484,5.6,7.1,1.5,217
3484,3485,187.51,205.06,17.55,130
3485,3486,197.13,200.85,3.72,135
3486,3487,232.84,275.53,42.69,578
3487,3488,82.92,88.48,5.56,710
3488,3489,20.6,21.97,1.37,74
3489,3490,56.81,76.41,19.6,429
3490,3491,126.47,151.88,25.41,561
3491,3492,141.33,147.05,5.72,528
3492,3493,149.16,208.32,59.16,349
3493,3494,31.38,32.14,0.76,658
3494,3495,51.9,62.06,10.16,475
3495,3496,144.0,146.23,2.23,639
3496,3497,83.32,118.09,34.77,974
3497,3498,83.96,109.7,25.74,790
3498,3499,173.24,240.51,67.27,727
3499,3500,66.49,83.18,16.69,525
3500,3501,207.52,209.32,1.8,422
3501,3502,26.55,37.05,10.5,886
3502,3503,131.32,185.41,54.09,926
3503,3504,178.18,248.43,70.25,782
3504,3505,199.34,243.66,44.32,277
3505,3506,14.32,19.86,5.54,916
3506,3507,129.96,161.76,31.8,642
3507,3508,208.64,285.54,76.9,414
3508,3509,17.96,24.85,6.89,779
3509,3510,210.17,235.11,24.94,979
3510,3511,69.16,90.45,21.29,335
3511,3512,55.95,76.89,20.94,95
3512,3513,200.71,229.19,28.48,941
3513,3514,117.64,166.65,49.01,912
3514,3515,34.83,39.27,4.44,383
3515,3516,191.45,199.4,7.95,858
3516,3517,31.53,44.73,13.2,655
3517,3518,42.99,57.74,14.75,136
3518,3519,121.67,125.65,3.98,815
3519,3520,157.15,186.92,29.77,227
3520,3521,220.37,264.21,43.84,117
3521,3522,99.24,103.58,4.34,55
3522,3523,85.01,88.11,3.1,455
3523,3524,25.18,26.4,1.22,138
3524,3525,195.04,229.25,34.21,513
3525,3526,60.03,79.24,19.21,891
3526,3527,156.82,173.5,16.68,619
3527,3528,53.67,67.64,13.97,424
3528,3529,67.49,82.27,14.78,310
3529,3530,103.08,134.61,31.53,581
3530,3531,186.63,209.91,23.28,966
3531,3532,130.15,135.49,5.34,848
3532,3533,154.4,211.59,57.19,750
3533,3534,105.67,112.6,6.93,636
3534,3535,227.41,287.67,60.26,274
3535,3536,54.51,61.75,7.24,424
3536,3537,230.54,239.08,8.54,747
3537,3538,49.14,66.34,17.2,708
3538,3539,251.93,299.41,47.48,148
3539,3540,212.55,255.12,42.57,511
3540,3541,184.37,256.66,72.29,458
3541,3542,63.63,84.42,20.79,363
3542,3543,122.95,162.77,39.82,532
3543,3544,150.22,194.79,44.57,696
3544,3545,215.25,246.96,31.71,502
3545,3546,91.73,103.33,11.6,111
3546,3547,50.81,59.44,8.63,621
3547,3548,124.75,164.66,39.91,159
3548,3549,66.73,78.68,11.95,47
3549,3550,156.02,173.57,17.55,956
3550,3551,160.11,177.59,17.48,254
3551,3552,18.0,21.12,3.12,618
3552,3553,184.26,258.7,74.44,820
3553,3554,49.07,50.98,1.91,429
3554,3555,130.96,170.16,39.2,834
3555,3556,16.36,22.05,5.69,683
3556,3557,79.13,99.85,20.72,174
3557,3558,108.75,140.09,31.34,957
3558,3559,31.71,36.01,4.3,568
3559,3560,38.39,42.27,3.88,627
3560,3561,118.85,148.3,29.45,321
3561,3562,25.09,34.37,9.28,15
3562,3563,180.64,234.0,53.36,620
3563,3564,175.8,220.26,44.46,265
3564,3565,141.22,160.82,19.6,21
3565,3566,170.35,205.78,35.43,836
3566,3567,55.4,61.14,5.74,146
3567,3568,200.12,249.4,49.28,19
3568,3569,173.58,200.07,26.49,408
3569,3570,213.68,251.75,38.07,364
3570,3571,152.2,152.81,0.61,543
3571,3572,268.05,276.1,8.05,130
3572,3573,241.94,267.94,26.0,265
3573,3574,155.36,202.69,47.33,563
3574,3575,96.72,107.94,11.22,408
3575,3576,163.3,194.28,30.98,872
3576,3577,140.15,190.65,50.5,431
3577,3578,6.24,7.78,1.54,828
3578,3579,189.51,213.49,23.98,574
3579,3580,19.14,22.09,2.95,972
3580,3581,98.0,135.77,37.77,676
3581,3582,263.58,290.16,26.58,199
3582,3583,134.08,145.01,10.93,12
3583,3584,170.36,186.18,15.82,286
3584,3585,131.69,155.54,23.85,540
3585,3586,5.03,6.25,1.22,754
3586,3587,111.22,146.69,35.47,897
3587,3588,265.59,268.12,2.53,793
3588,3589,134.99,147.59,12.6,106
3589,3590,199.68,257.48,57.8,779
3590,3591,205.61,240.55,34.94,63
3591,3592,133.07,167.7,34.63,725
3592,3593,38.83,40.17,1.34,713
3593,3594,157.64,224.23,66.59,391
3594,3595,43.66,50.55,6.89,375
3595,3596,86.79,117.61,30.82,154
3596,3597,87.64,98.19,10.55,583
3597,3598,211.4,249.06,37.66,928
3598,3599,71.76,96.9,25.14,384
3599,3600,119.42,131.43,12.01,827
3600,3601,29.91,38.21,8.3,289
3601,3602,214.48,292.37,77.89,455
3602,3603,215.9,279.75,63.85,475
3603,3604,220.76,263.76,43.0,914
3604,3605,137.62,180.49,42.87,505
3605,3606,278.96,288.04,9.08,282
3606,3607,154.26,195.05,40.79,832
3607,3608,43.84,53.34,9.5,745
3608,3609,18.67,23.92,5.25,18
3609,3610,263.63,268.63,5.0,325
3610,3611,105.88,122.01,16.13,219
3611,3612,18.14,22.01,3.87,505
3612,3613,247.19,262.76,15.57,909
3613,3614,71.21,71.75,0.54,273
3614,3615,215.07,238.73,23.66,194
3615,3616,217.29,297.45,80.16,752
3616,3617,74.29,94.52,20.23,384
3617,3618,115.5,133.9,18.4,583
3618,3619,102.7,115.71,13.01,655
3619,3620,217.91,257.01,39.1,23
3620,3621,229.89,293.56,63.67,773
3621,3622,153.41,209.26,55.85,20
3622,3623,185.29,218.23,32.94,772
3623,3624,68.19,76.51,8.32,590
3624,3625,194.65,277.57,82.92,209
3625,3626,80.44,88.43,7.99,411
3626,3627,184.68,208.49,23.81,659
3627,3628,132.48,141.57,9.09,993
3628,3629,256.02,294.54,38.52,458
3629,3630,107.52,151.16,43.64,170
3630,3631,24.42,34.28,9.86,201
3631,3632,111.16,135.27,24.11,916
3632,3633,156.39,200.37,43.98,783
3633,3634,99.9,110.75,10.85,691
3634,3635,243.22,294.31,51.09,404
3635,3636,251.61,255.85,4.24,885
3636,3637,37.3,44.05,6.75,47
3637,3638,61.53,62.28,0.75,375
3638,3639,210.37,228.12,17.75,876
3639,3640,175.02,209.4,34.38,60
3640,3641,110.27,141.79,31.52,567
3641,3642,125.93,143.65,17.72,542
3642,3643,206.54,211.81,5.27,804
3643,3644,277.94,279.28,1.34,64
3644,3645,107.77,131.98,24.21,246
3645,3646,287.65,292.63,4.98,23
3646,3647,80.95,81.98,1.03,470
3647,3648,215.8,291.74,75.94,140
3648,3649,228.75,238.73,9.98,959
3649,3650,116.09,130.4,14.31,161
3650,3651,183.54,239.12,55.58,843
3651,3652,264.67,284.4,19.73,762
3652,3653,251.55,284.11,32.56,49
3653,3654,113.44,123.4,9.96,291
3654,3655,206.08,273.06,66.98,783
3655,3656,249.95,278.18,28.23,680
3656,3657,119.21,122.04,2.83,596
3657,3658,26.43,34.91,8.48,792
3658,3659,126.57,139.16,12.59,985
3659,3660,194.37,257.84,63.47,73
3660,3661,226.23,229.55,3.32,354
3661,3662,76.0,85.95,9.95,863
3662,3663,134.84,184.29,49.45,236
3663,3664,70.49,86.51,16.02,947
3664,3665,31.65,33.84,2.19,797
3665,3666,82.62,102.29,19.67,25
3666,3667,193.46,247.76,54.3,904
3667,3668,141.07,156.64,15.57,353
3668,3669,11.77,14.17,2.4,21
3669,3670,220.61,230.33,9.72,37
3670,3671,187.64,191.23,3.59,533
3671,3672,107.43,130.93,23.5,178
3672,3673,140.41,143.91,3.5,713
3673,3674,248.09,267.78,19.69,506
3674,3675,81.25,85.65,4.4,625
3675,3676,239.46,283.54,44.08,525
3676,3677,61.47,62.39,0.92,224
3677,3678,242.87,284.22,41.35,942
3678,3679,216.2,220.15,3.95,379
3679,3680,114.79,124.26,9.47,408
3680,3681,107.19,143.61,36.42,596
3681,3682,69.93,84.89,14.96,852
3682,3683,42.15,46.58,4.43,486
3683,3684,157.31,197.49,40.18,369
3684,3685,116.81,154.99,38.18,874
3685,3686,160.96,197.96,37.0,40
3686,3687,60.94,80.92,19.98,827
3687,3688,225.49,249.79,24.3,854
3688,3689,87.61,93.06,5.45,338
3689,3690,44.54,49.88,5.34,20
3690,3691,75.92,85.89,9.97,962
3691,3692,204.39,260.99,56.6,617
3692,3693,193.95,245.77,51.82,459
3693,3694,38.03,53.66,15.63,971
3694,3695,64.44,86.01,21.57,188
3695,3696,181.3,222.35,41.05,849
3696,3697,70.46,72.52,2.06,60
3697,3698,78.23,81.08,2.85,907
3698,3699,174.45,183.47,9.02,479
3699,3700,99.05,105.4,6.35,993
3700,3701,190.65,229.09,38.44,813
3701,3702,107.22,134.64,27.42,528
3702,3703,185.29,224.79,39.5,621
3703,3704,181.45,252.55,71.1,725
3704,3705,142.04,176.35,34.31,104
3705,3706,156.77,193.74,36.97,625
3706,3707,111.49,151.66,40.17,555
3707,3708,45.01,50.8,5.79,280
3708,3709,43.04,46.22,3.18,249
3709,3710,141.59,198.03,56.44,547
3710,3711,161.5,216.6,55.1,769
3711,3712,61.55,68.02,6.47,336
3712,3713,63.14,84.23,21.09,110
3713,3714,148.17,210.64,62.47,630
3714,3715,196.18,197.62,1.44,978
3715,3716,286.82,289.5,2.68,827
3716,3717,154.09,168.44,14.35,498
3717,3718,172.01,177.11,5.1,292
3718,3719,100.9,138.07,37.17,237
3719,3720,120.14,161.26,41.12,446
3720,3721,77.75,104.24,26.49,503
3721,3722,159.19,226.9,67.71,896
3722,3723,23.96,27.97,4.01,701
3723,3724,51.81,59.77,7.96,851
3724,3725,172.23,182.82,10.59,262
3725,3726,28.51,31.61,3.1,738
3726,3727,178.37,206.62,28.25,39
3727,3728,210.38,224.5,14.12,745
3728,3729,7.48,10.16,2.68,858
3729,3730,38.35,41.67,3.32,314
3730,3731,67.98,91.39,23.41,911
3731,3732,147.36,170.07,22.71,192
3732,3733,10.67,12.71,2.04,162
3733,3734,33.82,35.27,1.45,54
3734,3735,67.09,86.1,19.01,935
3735,3736,90.54,102.08,11.54,366
3736,3737,88.62,106.87,18.25,188
3737,3738,73.83,85.06,11.23,582
3738,3739,96.97,101.02,4.05,615
3739,3740,248.89,250.53,1.64,871
3740,3741,91.67,119.7,28.03,690
3741,3742,112.72,158.92,46.2,206
3742,3743,91.67,111.93,20.26,16
3743,3744,265.14,290.47,25.33,845
3744,3745,166.86,223.62,56.76,604
3745,3746,96.69,128.68,31.99,831
3746,3747,92.36,108.34,15.98,412
3747,3748,77.4,99.81,22.41,650
3748,3749,54.83,59.74,4.91,753
3749,3750,238.82,254.94,16.12,566
3750,3751,17.77,25.12,7.35,643
3751,3752,119.61,151.86,32.25,904
3752,3753,72.13,88.96,16.83,595
3753,3754,117.52,152.84,35.32,585
3754,3755,250.6,274.57,23.97,64
3755,3756,223.16,253.21,30.05,766
3756,3757,37.42,51.23,13.81,373
3757,3758,189.39,250.38,60.99,91
3758,3759,53.23,65.32,12.09,283
3759,3760,35.32,42.84,7.52,392
3760,3761,9.15,9.98,0.83,156
3761,3762,164.63,229.16,64.53,721
3762,3763,140.94,146.95,6.01,609
3763,3764,167.82,190.71,22.89,266
3764,3765,84.84,95.25,10.41,45
3765,3766,205.61,272.75,67.14,612
3766,3767,248.12,297.74,49.62,464
3767,3768,156.32,196.26,39.94,139
3768,3769,254.99,257.48,2.49,407
3769,3770,75.63,96.5,20.87,858
3770,3771,208.01,260.69,52.68,725
3771,3772,105.2,141.93,36.73,458
3772,3773,175.06,240.73,65.67,922
3773,3774,185.0,226.91,41.91,961
3774,3775,169.21,225.25,56.04,464
3775,3776,112.97,149.27,36.3,760
3776,3777,124.4,144.16,19.76,370
3777,3778,189.61,261.77,72.16,746
3778,3779,229.11,233.5,4.39,217
3779,3780,144.79,178.2,33.41,720
3780,3781,107.64,123.74,16.1,390
3781,3782,189.68,252.33,62.65,873
3782,3783,143.07,159.82,16.75,109
3783,3784,25.09,30.1,5.01,247
3784,3785,59.88,68.21,8.33,985
3785,3786,138.56,148.21,9.65,521
3786,3787,22.38,30.32,7.94,547
3787,3788,190.34,211.61,21.27,212
3788,3789,205.35,205.99,0.64,397
3789,3790,118.24,160.66,42.42,616
3790,3791,266.28,285.87,19.59,325
3791,3792,65.67,66.2,0.53,759
3792,3793,58.57,82.42,23.85,50
3793,3794,28.1,35.97,7.87,769
3794,3795,240.28,279.93,39.65,222
3795,3796,25.24,35.77,10.53,61
3796,3797,96.28,130.45,34.17,538
3797,3798,188.41,219.93,31.52,476
3798,3799,120.42,143.83,23.41,644
3799,3800,53.45,57.32,3.87,164
3800,3801,15.51,16.57,1.06,729
3801,3802,40.83,43.4,2.57,326
3802,3803,191.31,195.78,4.47,195
3803,3804,205.84,286.54,80.7,680
3804,3805,103.43,131.47,28.04,115
3805,3806,42.61,45.73,3.12,583
3806,3807,15.39,21.05,5.66,389
3807,3808,165.42,211.12,45.7,134
3808,3809,18.43,25.66,7.23,380
3809,3810,159.69,205.71,46.02,60
3810,3811,53.4,58.0,4.6,800
3811,3812,201.46,252.02,50.56,693
3812,3813,125.24,138.95,13.71,942
3813,3814,187.58,265.39,77.81,860
3814,3815,86.55,115.76,29.21,359
3815,3816,72.64,89.82,17.18,241
3816,3817,73.46,87.43,13.97,901
3817,3818,198.54,253.42,54.88,483
3818,3819,140.09,196.35,56.26,869
3819,3820,200.93,236.06,35.13,578
3820,3821,72.89,81.21,8.32,589
3821,3822,34.0,35.43,1.43,190
3822,3823,162.21,201.24,39.03,55
3823,3824,11.55,14.19,2.64,650
3824,3825,269.07,270.87,1.8,784
3825,3826,114.53,119.67,5.14,867
3826,3827,70.06,81.6,11.54,225
3827,3828,99.12,118.43,19.31,40
3828,3829,242.91,257.17,14.26,807
3829,3830,108.81,109.72,0.91,442
3830,3831,36.87,48.25,11.38,367
3831,3832,157.39,200.35,42.96,990
3832,3833,171.1,190.82,19.72,388
3833,3834,106.67,107.63,0.96,356
3834,3835,136.37,169.84,33.47,189
3835,3836,197.26,261.52,64.26,137
3836,3837,263.16,288.74,25.58,513
3837,3838,271.26,282.31,11.05,404
3838,3839,272.08,274.1,2.02,744
3839,3840,82.37,114.35,31.98,783
3840,3841,21.19,22.04,0.85,319
3841,3842,189.7,256.62,66.92,42
3842,3843,80.0,96.73,16.73,215
3843,3844,7.42,8.3,0.88,736
3844,3845,154.25,182.83,28.58,329
3845,3846,26.7,29.3,2.6,78
3846,3847,230.57,245.35,14.78,645
3847,3848,161.27,208.59,47.32,21
3848,3849,152.12,200.1,47.98,289
3849,3850,26.09,33.35,7.26,355
3850,3851,227.7,233.56,5.86,742
3851,3852,223.8,287.51,63.71,277
3852,3853,131.88,144.36,12.48,493
3853,3854,220.14,240.92,20.78,104
3854,3855,158.93,224.99,66.06,791
3855,3856,127.09,130.0,2.91,110
3856,3857,121.42,136.75,15.33,517
3857,3858,225.27,247.9,22.63,107
3858,3859,222.62,299.49,76.87,219
3859,3860,38.32,44.91,6.59,984
3860,3861,158.31,179.84,21.53,979
3861,3862,176.47,242.79,66.32,261
3862,3863,126.56,151.75,25.19,310
3863,3864,59.65,66.64,6.99,478
3864,3865,37.18,42.64,5.46,507
3865,3866,148.73,150.93,2.2,371
3866,3867,43.38,43.98,0.6,838
3867,3868,210.16,261.59,51.43,546
3868,3869,28.72,37.99,9.27,421
3869,3870,37.34,42.07,4.73,534
3870,3871,250.69,256.36,5.67,634
3871,3872,63.5,80.89,17.39,252
3872,3873,236.62,255.84,19.22,277
3873,3874,158.89,192.8,33.91,405
3874,3875,161.84,207.0,45.16,888
3875,3876,174.81,199.19,24.38,521
3876,3877,4.12,5.45,1.33,370
3877,3878,257.26,288.67,31.41,832
3878,3879,176.22,243.55,67.33,477
3879,3880,72.48,89.85,17.37,353
3880,3881,123.54,135.06,11.52,866
3881,3882,107.75,109.48,1.73,429
3882,3883,231.4,257.81,26.41,786
3883,3884,220.86,273.34,52.48,370
3884,3885,197.84,231.9,34.06,812
3885,3886,276.15,292.51,16.36,177
3886,3887,212.81,266.31,53.5,574
3887,3888,160.95,161.78,0.83,941
3888,3889,71.69,75.22,3.53,636
3889,3890,64.44,65.25,0.81,253
3890,3891,143.1,199.4,56.3,377
3891,3892,134.2,146.63,12.43,539
3892,3893,106.42,131.86,25.44,403
3893,3894,32.75,45.26,12.51,512
3894,3895,12.99,13.73,0.74,398
3895,3896,80.53,84.44,3.91,773
3896,3897,6.89,9.67,2.78,248
3897,3898,37.56,39.8,2.24,931
3898,3899,142.78,149.39,6.61,39
3899,3900,40.51,57.63,17.12,796
3900,3901,88.49,103.66,15.17,810
3901,3902,153.28,192.71,39.43,578
3902,3903,96.07,103.11,7.04,460
3903,3904,245.52,283.57,38.05,599
3904,3905,280.19,284.46,4.27,470
3905,3906,77.34,109.78,32.44,60
3906,3907,30.09,36.01,5.92,90
3907,3908,224.17,267.79,43.62,113
3908,3909,79.47,80.4,0.93,701
3909,3910,190.04,192.29,2.25,455
3910,3911,240.04,242.19,2.15,476
3911,3912,130.48,174.45,43.97,400
3912,3913,156.87,194.08,37.21,676
3913,3914,107.55,143.53,35.98,381
3914,3915,35.0,48.41,13.41,552
3915,3916,202.25,212.02,9.77,40
3916,3917,27.67,29.42,1.75,895
3917,3918,136.33,159.65,23.32,644
3918,3919,151.82,213.21,61.39,344
3919,3920,103.59,132.68,29.09,538
3920,3921,206.01,291.17,85.16,243
3921,3922,110.89,120.04,9.15,767
3922,3923,10.27,13.0,2.73,410
3923,3924,75.14,90.04,14.9,369
3924,3925,175.8,182.77,6.97,816
3925,3926,179.63,191.04,11.41,439
3926,3927,134.79,191.86,57.07,149
3927,3928,95.0,126.53,31.53,112
3928,3929,105.81,112.57,6.76,411
3929,3930,4.35,6.19,1.84,855
3930,3931,93.6,107.88,14.28,389
3931,3932,19.1,22.13,3.03,528
3932,3933,165.53,183.77,18.24,300
3933,3934,11.67,14.95,3.28,264
3934,3935,197.26,230.23,32.97,126
3935,3936,38.98,41.31,2.33,946
3936,3937,163.41,210.8,47.39,751
3937,3938,67.74,96.59,28.85,674
3938,3939,128.93,132.01,3.08,995
3939,3940,259.67,275.92,16.25,390
3940,3941,178.18,204.39,26.21,798
3941,3942,265.56,294.33,28.77,847
3942,3943,88.45,101.37,12.92,505
3943,3944,21.79,30.36,8.57,278
3944,3945,17.74,19.95,2.21,432
3945,3946,48.54,54.2,5.66,659
3946,3947,211.08,271.2,60.12,920
3947,3948,20.68,28.81,8.13,361
3948,3949,189.43,244.56,55.13,621
3949,3950,54.27,60.25,5.98,684
3950,3951,108.94,126.13,17.19,920
3951,3952,44.88,49.39,4.51,112
3952,3953,17.48,20.89,3.41,855
3953,3954,18.32,20.21,1.89,528
3954,3955,43.29,54.09,10.8,345
3955,3956,67.33,79.6,12.27,452
3956,3957,24.55,33.57,9.02,359
3957,3958,192.61,237.52,44.91,898
3958,3959,227.08,258.28,31.2,887
3959,3960,238.47,279.16,40.69,518
3960,3961,50.55,65.14,14.59,218
3961,3962,120.1,124.88,4.78,23
3962,3963,131.16,177.91,46.75,30
3963,3964,22.22,23.51,1.29,318
3964,3965,106.13,112.16,6.03,806
3965,3966,273.67,288.21,14.54,725
3966,3967,127.39,134.96,7.57,633
3967,3968,135.08,172.46,37.38,492
3968,3969,239.3,240.81,1.51,171
3969,3970,7.66,9.69,2.03,404
3970,3971,144.12,172.36,28.24,713
3971,3972,13.5,18.84,5.34,77
3972,3973,183.0,254.84,71.84,262
3973,3974,129.1,149.73,20.63,770
3974,3975,107.87,123.24,15.37,820
3975,3976,24.0,30.46,6.46,650
3976,3977,223.55,227.62,4.07,122
3977,3978,51.33,65.86,14.53,600
3978,3979,202.97,240.8,37.83,776
3979,3980,17.55,23.6,6.05,70
3980,3981,68.97,71.64,2.67,656
3981,3982,55.05,55.8,0.75,680
3982,3983,211.39,233.49,22.1,661
3983,3984,89.31,94.24,4.93,302
3984,3985,287.76,289.26,1.5,872
3985,3986,273.58,292.13,18.55,669
3986,3987,174.03,187.46,13.43,832
3987,3988,153.54,159.29,5.75,52
3988,3989,207.07,260.03,52.96,234
3989,3990,212.53,266.6,54.07,763
3990,3991,274.84,287.08,12.24,334
3991,3992,80.03,110.88,30.85,388
3992,3993,200.98,236.0,35.02,972
3993,3994,164.66,167.5,2.84,863
3994,3995,86.46,101.83,15.37,217
3995,3996,235.4,278.42,43.02,958
3996,3997,86.97,91.12,4.15,528
3997,3998,32.95,39.44,6.49,566
3998,3999,116.0,130.15,14.15,331
3999,4000,43.14,60.99,17.85,211
4000,4001,86.21,86.87,0.66,941
4001,4002,24.66,34.82,10.16,843
4002,4003,169.01,228.7,59.69,18
4003,4004,136.16,138.13,1.97,147
4004,4005,75.15,78.55,3.4,984
4005,4006,59.11,66.27,7.16,400
4006,4007,130.54,151.81,21.27,607
4007,4008,87.03,112.47,25.44,851
4008,4009,58.96,81.57,22.61,155
4009,4010,99.73,127.66,27.93,832
4010,4011,209.69,218.94,9.25,20
4011,4012,53.4,58.68,5.28,851
4012,4013,19.82,21.03,1.21,346
4013,4014,172.87,211.8,38.93,297
4014,4015,134.0,169.13,35.13,956
4015,4016,89.94,123.04,33.1,659
4016,4017,43.11,44.39,1.28,691
4017,4018,35.09,38.06,2.97,141
4018,4019,56.61,59.6,2.99,31
4019,4020,65.23,68.7,3.47,463
4020,4021,233.73,288.4,54.67,767
4021,4022,40.15,51.12,10.97,704
4022,4023,19.4,20.22,0.82,619
4023,4024,158.4,178.97,20.57,410
4024,4025,142.26,171.73,29.47,666
4025,4026,12.86,13.64,0.78,982
4026,4027,29.9,30.57,0.67,456
4027,4028,56.88,79.34,22.46,803
4028,4029,173.1,203.13,30.03,293
4029,4030,138.05,149.63,11.58,714
4030,4031,278.03,298.93,20.9,482
4031,4032,10.36,13.77,3.41,738
4032,4033,204.41,220.62,16.21,365
4033,4034,193.57,257.84,64.27,161
4034,4035,71.72,82.16,10.44,879
4035,4036,233.0,239.76,6.76,866
4036,4037,122.19,154.16,31.97,412
4037,4038,191.66,210.11,18.45,969
4038,4039,48.95,59.61,10.66,547
4039,4040,15.95,18.14,2.19,975
4040,4041,171.68,231.11,59.43,274
4041,4042,200.13,241.52,41.39,548
4042,4043,79.38,81.72,2.34,37
4043,4044,120.89,144.08,23.19,874
4044,4045,34.91,48.7,13.79,230
4045,4046,152.91,196.08,43.17,797
4046,4047,47.14,49.91,2.77,214
4047,4048,198.6,233.69,35.09,679
4048,4049,139.49,159.88,20.39,510
4049,4050,22.21,24.06,1.85,489
4050,4051,230.08,263.11,33.03,346
4051,4052,269.72,281.93,12.21,247
4052,4053,121.51,147.31,25.8,113
4053,4054,20.87,21.57,0.7,89
4054,4055,190.6,196.91,6.31,886
4055,4056,136.93,181.42,44.49,307
4056,4057,185.57,264.33,78.76,153
4057,4058,129.25,155.75,26.5,66
4058,4059,49.04,52.26,3.22,224
4059,4060,111.05,143.34,32.29,479
4060,4061,79.98,104.67,24.69,250
4061,4062,5.08,6.44,1.36,686
4062,4063,253.89,274.06,20.17,381
4063,4064,25.88,27.46,1.58,15
4064,4065,151.18,186.0,34.82,405
4065,4066,215.59,279.76,64.17,316
4066,4067,160.93,189.07,28.14,32
4067,4068,36.82,44.56,7.74,839
4068,4069,116.26,149.65,33.39,910
4069,4070,91.67,92.54,0.87,464
4070,4071,13.76,16.01,2.25,678
4071,4072,151.44,166.03,14.59,659
4072,4073,178.16,187.3,9.14,317
4073,4074,123.88,153.44,29.56,749
4074,4075,126.67,149.37,22.7,708
4075,4076,123.03,137.61,14.58,82
4076,4077,91.79,100.72,8.93,997
4077,4078,144.83,151.89,7.06,50
4078,4079,91.01,105.73,14.72,990
4079,4080,221.16,290.91,69.75,114
4080,4081,12.77,15.31,2.54,524
4081,4082,221.55,223.33,1.78,518
4082,4083,212.75,273.13,60.38,466
4083,4084,127.62,151.44,23.82,952
4084,4085,174.85,179.19,4.34,272
4085,4086,259.18,294.03,34.85,908
4086,4087,88.53,118.87,30.34,464
4087,4088,24.01,27.52,3.51,549
4088,4089,102.81,140.49,37.68,537
4089,4090,226.6,296.72,70.12,416
4090,4091,126.89,166.96,40.07,141
4091,4092,199.01,243.94,44.93,928
4092,4093,159.76,204.97,45.21,665
4093,4094,117.81,149.45,31.64,686
4094,4095,31.94,44.19,12.25,655
4095,4096,160.14,200.98,40.84,880
4096,4097,66.34,86.19,19.85,796
4097,4098,128.44,130.77,2.33,988
4098,4099,144.01,156.84,12.83,540
4099,4100,254.2,269.53,15.33,659
4100,4101,182.96,204.04,21.08,441
4101,4102,147.89,196.78,48.89,770
4102,4103,200.4,255.92,55.52,188
4103,4104,82.2,97.71,15.51,388
4104,4105,197.13,237.46,40.33,832
4105,4106,146.56,202.6,56.04,810
4106,4107,237.82,280.27,42.45,452
4107,4108,79.28,111.13,31.85,576
4108,4109,247.43,286.78,39.35,204
4109,4110,169.21,179.93,10.72,414
4110,4111,31.99,38.77,6.78,114
4111,4112,17.21,23.68,6.47,825
4112,4113,196.85,233.6,36.75,927
4113,4114,205.72,253.03,47.31,177
4114,4115,31.47,44.06,12.59,57
4115,4116,193.05,209.95,16.9,707
4116,4117,84.9,118.94,34.04,239
4117,4118,67.5,89.5,22.0,170
4118,4119,90.19,112.3,22.11,218
4119,4120,13.22,18.37,5.15,362
4120,4121,182.95,208.24,25.29,920
4121,4122,276.9,298.43,21.53,143
4122,4123,222.08,227.48,5.4,304
4123,4124,207.71,228.91,21.2,365
4124,4125,169.51,185.43,15.92,300
4125,4126,256.88,297.23,40.35,392
4126,4127,223.13,274.63,51.5,917
4127,4128,15.12,18.34,3.22,600
4128,4129,9.61,12.62,3.01,114
4129,4130,89.57,125.63,36.06,454
4130,4131,18.79,21.01,2.22,584
4131,4132,36.71,42.5,5.79,595
4132,4133,8.05,10.1,2.05,906
4133,4134,185.65,213.55,27.9,638
4134,4135,86.03,121.18,35.15,843
4135,4136,21.56,26.85,5.29,375
4136,4137,198.07,282.64,84.57,199
4137,4138,30.55,34.74,4.19,775
4138,4139,49.46,61.26,11.8,206
4139,4140,80.1,108.82,28.72,386
4140,4141,119.05,147.36,28.31,338
4141,4142,251.49,261.63,10.14,389
4142,4143,231.46,278.07,46.61,385
4143,4144,160.5,198.21,37.71,88
4144,4145,97.86,124.81,26.95,204
4145,4146,121.14,135.02,13.88,716
4146,4147,139.33,174.47,35.14,983
4147,4148,169.65,183.32,13.67,221
4148,4149,242.91,291.92,49.01,582
4149,4150,31.38,32.78,1.4,637
4150,4151,263.74,274.6,10.86,884
4151,4152,184.22,217.77,33.55,278
4152,4153,134.21,158.35,24.14,635
4153,4154,149.14,182.52,33.38,400
4154,4155,165.01,192.18,27.17,581
4155,4156,58.24,64.49,6.25,663
4156,4157,108.97,144.96,35.99,721
4157,4158,164.28,178.76,14.48,702
4158,4159,212.52,277.35,64.83,305
4159,4160,202.79,209.41,6.62,931
4160,4161,33.43,46.98,13.55,435
4161,4162,84.46,90.74,6.28,967
4162,4163,180.81,238.7,57.89,714
4163,4164,232.49,270.6,38.11,577
4164,4165,122.37,166.75,44.38,578
4165,4166,28.28,32.04,3.76,336
4166,4167,271.55,287.02,15.47,109
4167,4168,178.6,238.27,59.67,151
4168,4169,199.83,246.84,47.01,930
4169,4170,260.04,264.34,4.3,548
4170,4171,152.75,191.89,39.14,202
4171,4172,62.14,78.67,16.53,558
4172,4173,115.6,125.4,9.8,381
4173,4174,70.54,71.39,0.85,292
4174,4175,187.08,196.32,9.24,463
4175,4176,134.92,149.87,14.95,84
4176,4177,37.96,39.33,1.37,652
4177,4178,54.52,59.29,4.77,703
4178,4179,29.53,41.28,11.75,769
4179,4180,223.42,244.24,20.82,645
4180,4181,50.73,57.79,7.06,228
4181,4182,65.68,74.4,8.72,491
4182,4183,204.59,224.43,19.84,422
4183,4184,127.62,172.6,44.98,242
4184,4185,290.01,295.01,5.0,906
4185,4186,52.37,71.83,19.46,766
4186,4187,18.15,20.84,2.69,490
4187,4188,267.0,280.72,13.72,644
4188,4189,78.23,107.79,29.56,920
4189,4190,54.7,74.55,19.85,312
4190,4191,137.36,172.78,35.42,819
4191,4192,63.96,70.9,6.94,950
4192,4193,127.34,137.25,9.91,237
4193,4194,28.56,40.13,11.57,92
4194,4195,99.83,118.32,18.49,500
4195,4196,146.62,208.16,61.54,220
4196,4197,151.44,190.34,38.9,269
4197,4198,24.77,28.66,3.89,134
4198,4199,27.67,30.0,2.33,87
4199,4200,138.46,163.5,25.04,561
4200,4201,44.75,61.24,16.49,793
4201,4202,161.7,175.74,14.04,816
4202,4203,143.35,197.81,54.46,230
4203,4204,187.47,229.67,42.2,22
4204,4205,212.31,269.92,57.61,898
4205,4206,143.32,175.4,32.08,849
4206,4207,83.08,107.79,24.71,531
4207,4208,161.81,174.81,13.0,789
4208,4209,56.06,59.79,3.73,578
4209,4210,65.39,74.4,9.01,642
4210,4211,114.85,141.85,27.0,614
4211,4212,168.42,190.25,21.83,957
4212,4213,198.65,202.06,3.41,574
4213,4214,159.76,166.9,7.14,551
4214,4215,129.49,132.78,3.29,60
4215,4216,133.7,171.27,37.57,820
4216,4217,32.56,35.14,2.58,753
4217,4218,18.1,20.6,2.5,440
4218,4219,12.6,16.28,3.68,241
4219,4220,55.34,65.46,10.12,977
4220,4221,38.74,46.28,7.54,682
4221,4222,220.07,288.63,68.56,147
4222,4223,120.09,128.81,8.72,718
4223,4224,37.94,42.93,4.99,735
4224,4225,143.98,157.1,13.12,345
4225,4226,265.86,282.85,16.99,777
4226,4227,89.23,116.65,27.42,693
4227,4228,36.03,49.89,13.86,396
4228,4229,49.08,64.59,15.51,510
4229,4230,202.86,207.5,4.64,19
4230,4231,247.41,288.43,41.02,154
4231,4232,183.75,196.14,12.39,463
4232,4233,57.18,62.47,5.29,531
4233,4234,178.21,243.8,65.59,216
4234,4235,138.03,169.4,31.37,232
4235,4236,208.59,225.2,16.61,465
4236,4237,181.77,248.19,66.42,69
4237,4238,205.81,251.83,46.02,167
4238,4239,4.61,6.55,1.94,220
4239,4240,242.05,258.3,16.25,474
4240,4241,94.07,132.9,38.83,60
4241,4242,7.61,9.06,1.45,957
4242,4243,34.31,42.9,8.59,283
4243,4244,155.67,164.93,9.26,696
4244,4245,261.19,280.15,18.96,348
4245,4246,25.52,32.99,7.47,79
4246,4247,157.75,199.81,42.06,844
4247,4248,27.41,31.9,4.49,194
4248,4249,196.37,230.14,33.77,225
4249,4250,69.89,95.22,25.33,755
4250,4251,17.42,20.03,2.61,469
4251,4252,69.34,83.39,14.05,868
4252,4253,83.92,93.66,9.74,289
4253,4254,187.36,257.38,70.02,909
4254,4255,32.5,34.32,1.82,571
4255,4256,32.35,46.19,13.84,507
4256,4257,232.92,263.81,30.89,578
4257,4258,176.92,210.03,33.11,985
4258,4259,269.63,291.04,21.41,399
4259,4260,43.64,47.66,4.02,382
4260,4261,104.43,117.27,12.84,289
4261,4262,196.96,217.21,20.25,707
4262,4263,40.08,41.69,1.61,45
4263,4264,7.65,10.18,2.53,743
4264,4265,157.84,186.46,28.62,615
4265,4266,109.12,140.35,31.23,164
4266,4267,153.08,169.05,15.97,709
4267,4268,151.26,192.15,40.89,577
4268,4269,128.9,159.94,31.04,664
4269,4270,130.4,149.25,18.85,349
4270,4271,23.84,30.72,6.88,293
4271,4272,122.94,124.94,2.0,588
4272,4273,100.97,110.4,9.43,280
4273,4274,116.16,118.72,2.56,536
4274,4275,193.69,224.34,30.65,366
4275,4276,90.37,101.12,10.75,789
4276,4277,23.97,25.7,1.73,523
4277,4278,110.98,142.18,31.2,679
4278,4279,102.16,129.53,27.37,922
4279,4280,127.96,178.02,50.06,221
4280,4281,168.41,178.43,10.02,448
4281,4282,63.97,71.01,7.04,776
4282,4283,239.51,264.77,25.26,417
4283,4284,228.28,268.24,39.96,296
4284,4285,54.91,62.46,7.55,497
4285,4286,160.43,222.24,61.81,67
4286,4287,221.87,276.81,54.94,857
4287,4288,164.14,216.05,51.91,677
4288,4289,278.39,285.34,6.95,824
4289,4290,204.67,274.56,69.89,335
4290,4291,221.98,257.24,35.26,898
4291,4292,182.39,214.59,32.2,512
4292,4293,228.34,264.46,36.12,831
4293,4294,108.38,116.33,7.95,361
4294,4295,219.19,219.73,0.54,142
4295,4296,56.9,59.7,2.8,957
4296,4297,31.11,41.57,10.46,294
4297,4298,13.54,19.24,5.7,421
4298,4299,106.89,138.62,31.73,647
4299,4300,44.06,62.5,18.44,736
4300,4301,83.24,98.21,14.97,629
4301,4302,204.66,215.5,10.84,761
4302,4303,165.6,215.94,50.34,280
4303,4304,207.36,273.8,66.44,162
4304,4305,76.0,106.66,30.66,935
4305,4306,194.49,202.97,8.48,355
4306,4307,96.48,129.84,33.36,777
4307,4308,255.58,286.75,31.17,445
4308,4309,227.12,243.43,16.31,410
4309,4310,118.49,155.74,37.25,564
4310,4311,128.57,182.68,54.11,334
4311,4312,108.13,120.05,11.92,81
4312,4313,27.04,30.52,3.48,92
4313,4314,180.94,193.6,12.66,545
4314,4315,108.6,127.08,18.48,885
4315,4316,47.18,51.55,4.37,569
4316,4317,226.94,269.73,42.79,762
4317,4318,207.56,259.63,52.07,234
4318,4319,187.97,193.06,5.09,595
4319,4320,80.9,81.78,0.88,199
4320,4321,134.18,142.8,8.62,455
4321,4322,117.64,119.72,2.08,766
4322,4323,8.13,8.74,0.61,960
4323,4324,61.19,69.82,8.63,555
4324,4325,160.9,194.0,33.1,527
4325,4326,79.71,83.82,4.11,415
4326,4327,218.08,244.05,25.97,77
4327,4328,110.23,144.74,34.51,992
4328,4329,181.21,253.71,72.5,426
4329,4330,221.07,232.98,11.91,638
4330,4331,215.81,288.45,72.64,272
4331,4332,46.98,63.56,16.58,841
4332,4333,164.53,196.79,32.26,323
4333,4334,28.33,38.73,10.4,666
4334,4335,189.63,256.32,66.69,190
4335,4336,235.67,239.56,3.89,344
4336,4337,127.59,164.95,37.36,414
4337,4338,192.93,242.42,49.49,820
4338,4339,107.34,113.65,6.31,624
4339,4340,191.34,233.14,41.8,19
4340,4341,81.34,88.35,7.01,58
4341,4342,29.63,33.16,3.53,595
4342,4343,59.41,76.09,16.68,107
4343,4344,11.02,15.4,4.38,245
4344,4345,68.26,87.1,18.84,708
4345,4346,146.19,177.09,30.9,195
4346,4347,145.58,203.14,57.56,300
4347,4348,248.73,277.15,28.42,17
4348,4349,215.82,258.94,43.12,293
4349,4350,160.25,172.02,11.77,101
4350,4351,89.77,101.82,12.05,507
4351,4352,44.35,47.74,3.39,840
4352,4353,163.96,166.57,2.61,313
4353,4354,98.98,113.27,14.29,991
4354,4355,247.64,277.57,29.93,689
4355,4356,228.04,299.33,71.29,61
4356,4357,145.09,176.97,31.88,787
4357,4358,40.3,55.65,15.35,389
4358,4359,107.54,137.05,29.51,700
4359,4360,118.4,157.77,39.37,381
4360,4361,107.6,124.08,16.48,707
4361,4362,50.69,70.19,19.5,184
4362,4363,161.06,183.63,22.57,802
4363,4364,13.44,14.22,0.78,436
4364,4365,23.65,31.74,8.09,579
4365,4366,41.48,42.19,0.71,889
4366,4367,142.36,161.65,19.29,908
4367,4368,24.26,26.2,1.94,841
4368,4369,161.8,187.11,25.31,543
4369,4370,127.94,150.97,23.03,241
4370,4371,245.79,271.01,25.22,494
4371,4372,242.41,261.56,19.15,976
4372,4373,95.39,111.21,15.82,265
4373,4374,205.43,268.12,62.69,682
4374,4375,132.26,142.33,10.07,164
4375,4376,193.94,238.53,44.59,659
4376,4377,196.15,245.07,48.92,264
4377,4378,204.71,215.22,10.51,666
4378,4379,52.05,61.27,9.22,358
4379,4380,224.24,291.88,67.64,939
4380,4381,85.72,101.51,15.79,276
4381,4382,114.97,140.85,25.88,389
4382,4383,231.5,274.51,43.01,821
4383,4384,136.05,169.48,33.43,949
4384,4385,176.72,195.16,18.44,140
4385,4386,162.95,223.39,60.44,566
4386,4387,6.21,7.25,1.04,255
4387,4388,55.77,62.0,6.23,797
4388,4389,171.94,193.49,21.55,910
4389,4390,175.65,211.43,35.78,784
4390,4391,45.52,61.61,16.09,544
4391,4392,211.82,216.01,4.19,901
4392,4393,32.39,33.11,0.72,113
4393,4394,93.15,98.86,5.71,644
4394,4395,159.25,175.9,16.65,883
4395,4396,203.65,280.63,76.98,880
4396,4397,88.08,111.21,23.13,773
4397,4398,206.1,285.1,79.0,418
4398,4399,32.9,46.02,13.12,650
4399,4400,135.41,168.97,33.56,939
4400,4401,34.68,38.19,3.51,659
4401,4402,27.86,37.69,9.83,177
4402,4403,220.69,284.51,63.82,824
4403,4404,64.08,73.57,9.49,933
4404,4405,224.47,261.48,37.01,836
4405,4406,77.25,82.59,5.34,201
4406,4407,26.7,32.17,5.47,587
4407,4408,127.98,174.33,46.35,185
4408,4409,177.59,185.63,8.04,727
4409,4410,190.97,208.89,17.92,190
4410,4411,150.52,200.24,49.72,173
4411,4412,203.53,258.81,55.28,715
4412,4413,99.31,119.73,20.42,734
4413,4414,146.73,179.45,32.72,277
4414,4415,186.23,191.07,4.84,818
4415,4416,74.69,90.71,16.02,404
4416,4417,35.79,49.24,13.45,659
4417,4418,252.19,274.45,22.26,56
4418,4419,240.03,292.21,52.18,564
4419,4420,40.82,46.55,5.73,707
4420,4421,124.75,141.81,17.06,961
4421,4422,86.37,90.02,3.65,777
4422,4423,41.77,46.4,4.63,871
4423,4424,125.05,169.93,44.88,113
4424,4425,74.3,100.67,26.37,688
4425,4426,77.06,81.58,4.52,332
4426,4427,102.89,115.55,12.66,803
4427,4428,246.0,282.12,36.12,507
4428,4429,101.72,116.29,14.57,621
4429,4430,161.18,190.77,29.59,680
4430,4431,169.44,171.58,2.14,317
4431,4432,138.61,173.04,34.43,425
4432,4433,256.17,263.9,7.73,189
4433,4434,17.76,20.18,2.42,993
4434,4435,114.21,146.45,32.24,935
4435,4436,126.28,139.51,13.23,650
4436,4437,25.59,28.6,3.01,511
4437,4438,109.0,122.89,13.89,203
4438,4439,200.54,261.16,60.62,723
4439,4440,37.71,42.85,5.14,377
4440,4441,145.34,149.54,4.2,819
4441,4442,159.62,167.13,7.51,575
4442,4443,221.87,286.94,65.07,443
4443,4444,33.74,37.32,3.58,402
4444,4445,231.76,297.82,66.06,445
4445,4446,66.44,75.43,8.99,346
4446,4447,155.15,198.72,43.57,874
4447,4448,191.68,247.08,55.4,746
4448,4449,235.75,284.63,48.88,966
4449,4450,41.83,54.36,12.53,362
4450,4451,72.87,86.85,13.98,428
4451,4452,81.84,86.01,4.17,979
4452,4453,249.37,296.42,47.05,830
4453,4454,153.64,170.24,16.6,145
4454,4455,169.77,201.98,32.21,967
4455,4456,198.95,212.55,13.6,870
4456,4457,160.81,207.61,46.8,943
4457,4458,123.4,169.33,45.93,420
4458,4459,217.29,280.63,63.34,200
4459,4460,112.6,158.52,45.92,543
4460,4461,99.41,138.78,39.37,82
4461,4462,50.46,67.23,16.77,577
4462,4463,225.1,265.53,40.43,215
4463,4464,188.17,217.55,29.38,110
4464,4465,222.1,264.64,42.54,448
4465,4466,144.35,187.82,43.47,829
4466,4467,258.7,268.29,9.59,645
4467,4468,86.12,100.6,14.48,797
4468,4469,48.17,60.89,12.72,577
4469,4470,226.2,274.91,48.71,460
4470,4471,134.41,152.57,18.16,397
4471,4472,180.21,255.36,75.15,275
4472,4473,225.0,285.67,60.67,762
4473,4474,160.27,176.55,16.28,337
4474,4475,209.6,239.47,29.87,274
4475,4476,83.22,116.0,32.78,384
4476,4477,191.86,211.5,19.64,907
4477,4478,123.88,125.08,1.2,895
4478,4479,108.71,155.2,46.49,620
4479,4480,169.41,212.08,42.67,685
4480,4481,171.6,239.8,68.2,439
4481,4482,169.09,211.84,42.75,180
4482,4483,202.59,210.27,7.68,789
4483,4484,69.7,91.06,21.36,537
4484,4485,182.05,192.91,10.86,127
4485,4486,57.27,64.86,7.59,500
4486,4487,94.11,112.47,18.36,113
4487,4488,237.29,259.74,22.45,355
4488,4489,133.36,187.21,53.85,749
4489,4490,142.01,177.12,35.11,753
4490,4491,27.74,28.73,0.99,780
4491,4492,226.04,274.1,48.06,806
4492,4493,228.89,258.48,29.59,218
4493,4494,272.47,295.78,23.31,320
4494,4495,11.74,15.29,3.55,590
4495,4496,220.39,244.83,24.44,593
4496,4497,115.51,154.47,38.96,758
4497,4498,164.27,182.12,17.85,14
4498,4499,222.24,235.03,12.79,537
4499,4500,82.42,96.43,14.01,834
4500,4501,157.1,193.14,36.04,244
4501,4502,57.14,79.5,22.36,766
4502,4503,22.27,29.28,7.01,901
4503,4504,97.43,121.38,23.95,993
4504,4505,187.26,224.35,37.09,113
4505,4506,208.77,286.67,77.9,262
4506,4507,79.59,97.49,17.9,33
4507,4508,97.18,135.6,38.42,255
4508,4509,186.83,202.6,15.77,669
4509,4510,207.15,261.99,54.84,679
4510,4511,17.64,21.49,3.85,534
4511,4512,105.17,119.96,14.79,630
4512,4513,213.1,262.0,48.9,79
4513,4514,112.23,140.28,28.05,511
4514,4515,44.66,60.52,15.86,26
4515,4516,83.67,89.66,5.99,394
4516,4517,16.78,22.49,5.71,965
4517,4518,52.62,70.64,18.02,403
4518,4519,193.41,249.48,56.07,834
4519,4520,53.14,62.81,9.67,510
4520,4521,173.19,174.1,0.91,796
4521,4522,90.02,124.08,34.06,382
4522,4523,124.75,127.71,2.96,297
4523,4524,28.56,30.71,2.15,277
4524,4525,140.65,145.6,4.95,82
4525,4526,255.18,295.52,40.34,894
4526,4527,74.89,83.31,8.42,629
4527,4528,186.81,245.74,58.93,649
4528,4529,174.31,225.95,51.64,702
4529,4530,199.72,221.7,21.98,186
4530,4531,57.36,70.79,13.43,57
4531,4532,75.85,86.46,10.61,523
4532,4533,58.87,72.8,13.93,384
4533,4534,208.31,226.63,18.32,646
4534,4535,186.21,208.75,22.54,975
4535,4536,179.42,203.78,24.36,220
4536,4537,38.91,41.8,2.89,343
4537,4538,243.55,288.41,44.86,50
4538,4539,133.29,152.44,19.15,799
4539,4540,165.89,230.99,65.1,963
4540,4541,134.91,181.2,46.29,87
4541,4542,47.26,56.68,9.42,797
4542,4543,67.53,72.72,5.19,782
4543,4544,78.5,93.22,14.72,516
4544,4545,218.01,245.02,27.01,344
4545,4546,74.2,85.8,11.6,39
4546,4547,99.29,137.6,38.31,960
4547,4548,131.42,166.67,35.25,85
4548,4549,132.29,155.97,23.68,522
4549,4550,46.56,49.49,2.93,809
4550,4551,276.42,295.29,18.87,548
4551,4552,19.29,26.05,6.76,842
4552,4553,56.21,75.34,19.13,953
4553,4554,152.64,196.9,44.26,199
4554,4555,220.29,222.14,1.85,225
4555,4556,178.95,192.86,13.91,186
4556,4557,14.01,19.33,5.32,954
4557,4558,28.99,31.9,2.91,944
4558,4559,139.42,173.55,34.13,518
4559,4560,219.76,235.33,15.57,295
4560,4561,23.42,26.76,3.34,982
4561,4562,178.38,219.34,40.96,258
4562,4563,62.41,85.57,23.16,347
4563,4564,147.02,201.74,54.72,316
4564,4565,124.72,177.14,52.42,64
4565,4566,70.92,100.12,29.2,797
4566,4567,268.34,295.33,26.99,899
4567,4568,223.96,281.97,58.01,773
4568,4569,172.29,216.41,44.12,798
4569,4570,247.53,299.58,52.05,407
4570,4571,13.74,14.84,1.1,175
4571,4572,208.66,289.35,80.69,826
4572,4573,8.98,11.39,2.41,590
4573,4574,83.02,98.39,15.37,647
4574,4575,82.56,92.61,10.05,532
4575,4576,215.78,229.87,14.09,262
4576,4577,45.01,46.31,1.3,703
4577,4578,191.52,231.84,40.32,165
4578,4579,213.87,227.94,14.07,275
4579,4580,51.35,55.54,4.19,533
4580,4581,172.5,231.48,58.98,244
4581,4582,228.66,300.0,71.34,487
4582,4583,258.85,296.22,37.37,490
4583,4584,269.06,297.54,28.48,53
4584,4585,9.27,10.98,1.71,63
4585,4586,272.56,294.11,21.55,338
4586,4587,90.11,100.54,10.43,582
4587,4588,75.85,107.12,31.27,763
4588,4589,206.45,244.97,38.52,573
4589,4590,133.12,144.37,11.25,200
4590,4591,239.05,265.93,26.88,57
4591,4592,13.12,15.48,2.36,327
4592,4593,148.69,160.0,11.31,605
4593,4594,280.87,285.19,4.32,212
4594,4595,252.75,255.31,2.56,491
4595,4596,215.99,246.75,30.76,389
4596,4597,92.62,97.24,4.62,242
4597,4598,171.0,172.07,1.07,694
4598,4599,186.85,220.74,33.89,609
4599,4600,213.17,275.14,61.97,469
4600,4601,210.46,252.26,41.8,318
4601,4602,127.92,158.06,30.14,606
4602,4603,72.73,102.75,30.02,370
4603,4604,264.64,282.21,17.57,974
4604,4605,261.02,279.86,18.84,962
4605,4606,221.27,297.4,76.13,649
4606,4607,105.07,110.79,5.72,617
4607,4608,159.55,217.09,57.54,120
4608,4609,112.14,123.65,11.51,80
4609,4610,140.04,181.71,41.67,981
4610,4611,175.9,236.26,60.36,110
4611,4612,19.96,21.78,1.82,744
4612,4613,56.89,78.09,21.2,84
4613,4614,48.44,62.39,13.95,320
4614,4615,9.56,13.07,3.51,642
4615,4616,117.68,134.67,16.99,937
4616,4617,125.55,129.45,3.9,896
4617,4618,244.39,299.03,54.64,58
4618,4619,132.97,165.24,32.27,959
4619,4620,194.28,231.12,36.84,651
4620,4621,23.29,26.26,2.97,715
4621,4622,160.12,216.47,56.35,337
4622,4623,19.25,27.32,8.07,808
4623,4624,60.73,66.2,5.47,889
4624,4625,29.39,40.29,10.9,34
4625,4626,116.7,153.88,37.18,375
4626,4627,106.54,134.9,28.36,100
4627,4628,193.8,239.43,45.63,313
4628,4629,17.08,20.77,3.69,523
4629,4630,8.15,10.73,2.58,457
4630,4631,217.44,231.29,13.85,958
4631,4632,43.23,46.75,3.52,534
4632,4633,75.24,101.54,26.3,623
4633,4634,150.89,202.39,51.5,688
4634,4635,143.06,179.27,36.21,434
4635,4636,22.65,28.19,5.54,785
4636,4637,209.04,248.64,39.6,830
4637,4638,245.65,293.42,47.77,328
4638,4639,8.45,9.88,1.43,671
4639,4640,185.91,239.57,53.66,353
4640,4641,30.0,35.29,5.29,582
4641,4642,227.0,299.42,72.42,436
4642,4643,200.11,228.22,28.11,225
4643,4644,29.13,31.78,2.65,882
4644,4645,132.49,154.35,21.86,475
4645,4646,4.21,5.1,0.89,629
4646,4647,162.78,193.29,30.51,718
4647,4648,91.81,95.81,4.0,66
4648,4649,23.43,30.15,6.72,432
4649,4650,59.77,62.96,3.19,30
4650,4651,169.09,211.75,42.66,741
4651,4652,80.2,87.62,7.42,433
4652,4653,27.71,36.69,8.98,467
4653,4654,193.85,251.97,58.12,104
4654,4655,115.4,152.59,37.19,10
4655,4656,152.41,200.59,48.18,370
4656,4657,126.67,171.19,44.52,28
4657,4658,200.16,217.22,17.06,484
4658,4659,229.5,247.06,17.56,684
4659,4660,33.09,37.33,4.24,29
4660,4661,134.66,161.72,27.06,655
4661,4662,18.69,23.18,4.49,148
4662,4663,211.62,227.21,15.59,448
4663,4664,13.19,13.94,0.75,572
4664,4665,22.87,25.17,2.3,791
4665,4666,215.92,291.65,75.73,640
4666,4667,100.51,102.58,2.07,511
4667,4668,35.22,38.34,3.12,304
4668,4669,140.89,197.52,56.63,517
4669,4670,133.65,172.35,38.7,262
4670,4671,156.6,203.69,47.09,894
4671,4672,132.47,184.53,52.06,64
4672,4673,75.1,78.69,3.59,901
4673,4674,254.72,269.26,14.54,369
4674,4675,217.42,297.68,80.26,79
4675,4676,173.68,228.71,55.03,959
4676,4677,116.52,149.9,33.38,36
4677,4678,127.0,138.13,11.13,527
4678,4679,77.62,82.38,4.76,763
4679,4680,269.21,289.52,20.31,941
4680,4681,102.72,118.0,15.28,352
4681,4682,194.89,217.86,22.97,625
4682,4683,56.99,72.43,15.44,759
4683,4684,50.49,64.41,13.92,777
4684,4685,244.7,295.94,51.24,741
4685,4686,71.04,78.02,6.98,62
4686,4687,87.55,104.58,17.03,820
4687,4688,131.04,180.96,49.92,169
4688,4689,41.86,58.09,16.23,63
4689,4690,191.86,265.47,73.61,905
4690,4691,149.86,211.22,61.36,861
4691,4692,17.19,21.89,4.7,728
4692,4693,177.76,237.53,59.77,140
4693,4694,54.62,68.34,13.72,672
4694,4695,113.51,156.98,43.47,509
4695,4696,150.1,208.16,58.06,908
4696,4697,48.27,55.04,6.77,344
4697,4698,54.14,66.71,12.57,313
4698,4699,231.37,277.93,46.56,797
4699,4700,166.89,179.99,13.1,978
4700,4701,175.04,207.74,32.7,98
4701,4702,196.76,246.36,49.6,357
4702,4703,25.96,30.91,4.95,724
4703,4704,207.61,212.61,5.0,188
4704,4705,103.97,126.51,22.54,594
4705,4706,120.44,125.54,5.1,675
4706,4707,237.31,269.03,31.72,715
4707,4708,11.07,14.1,3.03,806
4708,4709,117.76,132.21,14.45,212
4709,4710,218.4,268.89,50.49,796
4710,4711,14.15,15.02,0.87,583
4711,4712,191.13,233.85,42.72,621
4712,4713,177.48,217.31,39.83,198
4713,4714,141.88,187.02,45.14,57
4714,4715,248.35,249.11,0.76,827
4715,4716,54.98,78.52,23.54,898
4716,4717,65.16,74.32,9.16,200
4717,4718,129.5,165.53,36.03,663
4718,4719,88.0,125.07,37.07,825
4719,4720,253.78,289.72,35.94,620
4720,4721,47.17,56.56,9.39,601
4721,4722,223.98,268.03,44.05,965
4722,4723,42.58,47.47,4.89,706
4723,4724,80.89,93.73,12.84,761
4724,4725,219.75,286.23,66.48,945
4725,4726,71.07,74.77,3.7,487
4726,4727,169.91,188.82,18.91,644
4727,4728,19.26,22.8,3.54,77
4728,4729,185.03,236.78,51.75,875
4729,4730,144.59,200.64,56.05,517
4730,4731,151.93,203.65,51.72,162
4731,4732,161.58,201.12,39.54,224
4732,4733,49.41,57.64,8.23,689
4733,4734,186.3,204.75,18.45,43
4734,4735,95.44,129.87,34.43,863
4735,4736,110.27,154.54,44.27,377
4736,4737,65.09,84.98,19.89,701
4737,4738,176.6,245.95,69.35,148
4738,4739,175.81,220.32,44.51,818
4739,4740,194.33,215.31,20.98,939
4740,4741,28.77,30.2,1.43,172
4741,4742,186.35,206.44,20.09,167
4742,4743,62.01,68.87,6.86,473
4743,4744,7.0,7.78,0.78,921
4744,4745,4.36,5.55,1.19,492
4745,4746,98.01,120.76,22.75,392
4746,4747,115.8,130.58,14.78,595
4747,4748,223.92,281.71,57.79,929
4748,4749,228.54,271.64,43.1,500
4749,4750,204.58,237.01,32.43,100
4750,4751,111.72,130.75,19.03,941
4751,4752,222.5,225.25,2.75,907
4752,4753,127.08,142.73,15.65,551
4753,4754,132.13,177.96,45.83,828
4754,4755,54.31,60.73,6.42,27
4755,4756,146.43,178.14,31.71,44
4756,4757,199.91,250.66,50.75,477
4757,4758,21.35,27.31,5.96,631
4758,4759,177.62,196.06,18.44,845
4759,4760,40.64,53.18,12.54,876
4760,4761,156.76,180.85,24.09,681
4761,4762,174.16,187.13,12.97,44
4762,4763,153.16,154.46,1.3,984
4763,4764,179.47,227.33,47.86,561
4764,4765,65.57,76.4,10.83,131
4765,4766,41.38,53.96,12.58,440
4766,4767,69.05,71.45,2.4,253
4767,4768,44.99,49.1,4.11,243
4768,4769,262.69,290.11,27.42,158
4769,4770,175.12,198.94,23.82,770
4770,4771,161.08,211.5,50.42,980
4771,4772,91.89,105.51,13.62,608
4772,4773,204.67,275.27,70.6,110
4773,4774,150.18,159.56,9.38,43
4774,4775,197.94,221.6,23.66,355
4775,4776,21.13,22.23,1.1,857
4776,4777,24.3,33.16,8.86,409
4777,4778,8.98,11.07,2.09,962
4778,4779,60.14,77.73,17.59,846
4779,4780,98.96,127.04,28.08,541
4780,4781,23.18,26.96,3.78,534
4781,4782,102.18,115.21,13.03,262
4782,4783,130.77,159.98,29.21,795
4783,4784,217.06,239.93,22.87,742
4784,4785,207.6,234.85,27.25,700
4785,4786,231.73,299.26,67.53,899
4786,4787,118.71,124.46,5.75,424
4787,4788,172.81,206.85,34.04,415
4788,4789,76.09,99.85,23.76,916
4789,4790,96.02,100.04,4.02,272
4790,4791,136.13,152.57,16.44,61
4791,4792,214.14,242.15,28.01,384
4792,4793,181.03,229.93,48.9,267
4793,4794,118.59,156.05,37.46,809
4794,4795,242.66,269.68,27.02,341
4795,4796,165.95,193.95,28.0,43
4796,4797,149.78,186.59,36.81,655
4797,4798,4.19,5.86,1.67,220
4798,4799,209.68,274.61,64.93,604
4799,4800,201.01,252.8,51.79,755
4800,4801,5.49,7.79,2.3,772
4801,4802,238.21,257.47,19.26,885
4802,4803,53.31,58.84,5.53,337
4803,4804,59.5,84.8,25.3,700
4804,4805,179.05,225.21,46.16,696
4805,4806,155.69,220.27,64.58,491
4806,4807,252.7,258.23,5.53,614
4807,4808,135.88,162.51,26.63,807
4808,4809,155.71,159.81,4.1,745
4809,4810,183.23,186.39,3.16,230
4810,4811,32.11,40.75,8.64,590
4811,4812,203.2,227.39,24.19,727
4812,4813,163.68,219.99,56.31,310
4813,4814,85.64,98.21,12.57,12
4814,4815,70.51,92.39,21.88,924
4815,4816,224.94,257.93,32.99,619
4816,4817,198.92,233.66,34.74,589
4817,4818,77.47,108.52,31.05,840
4818,4819,129.51,161.29,31.78,233
4819,4820,233.86,267.64,33.78,170
4820,4821,235.13,287.82,52.69,739
4821,4822,57.96,61.83,3.87,962
4822,4823,153.23,168.04,14.81,700
4823,4824,53.51,69.11,15.6,376
4824,4825,273.49,297.93,24.44,501
4825,4826,65.55,85.43,19.88,353
4826,4827,235.76,270.9,35.14,215
4827,4828,84.6,86.53,1.93,775
4828,4829,124.32,156.42,32.1,922
4829,4830,33.87,46.88,13.01,993
4830,4831,73.72,77.39,3.67,895
4831,4832,217.47,260.05,42.58,255
4832,4833,71.92,91.77,19.85,407
4833,4834,145.34,165.94,20.6,635
4834,4835,167.66,204.26,36.6,158
4835,4836,175.97,203.6,27.63,71
4836,4837,17.45,18.68,1.23,759
4837,4838,109.78,143.77,33.99,274
4838,4839,25.31,29.32,4.01,35
4839,4840,97.33,112.92,15.59,367
4840,4841,202.74,212.49,9.75,66
4841,4842,6.43,7.86,1.43,328
4842,4843,147.9,194.28,46.38,316
4843,4844,188.71,206.24,17.53,713
4844,4845,66.75,85.78,19.03,430
4845,4846,4.77,5.56,0.79,541
4846,4847,107.61,139.57,31.96,488
4847,4848,202.81,241.9,39.09,1000
4848,4849,237.48,290.04,52.56,173
4849,4850,205.78,254.7,48.92,466
4850,4851,219.17,295.13,75.96,841
4851,4852,30.5,39.74,9.24,102
4852,4853,52.05,64.31,12.26,33
4853,4854,3.61,5.14,1.53,331
4854,4855,89.17,96.77,7.6,782
4855,4856,117.67,142.94,25.27,987
4856,4857,227.37,247.72,20.35,804
4857,4858,156.53,214.88,58.35,370
4858,4859,133.66,155.61,21.95,75
4859,4860,103.29,143.71,40.42,295
4860,4861,33.61,34.99,1.38,528
4861,4862,31.13,35.53,4.4,286
4862,4863,161.6,213.04,51.44,265
4863,4864,103.19,146.36,43.17,764
4864,4865,215.81,244.13,28.32,353
4865,4866,17.76,24.85,7.09,197
4866,4867,213.89,281.09,67.2,606
4867,4868,106.74,118.58,11.84,422
4868,4869,187.3,200.27,12.97,996
4869,4870,196.97,200.93,3.96,161
4870,4871,245.95,254.92,8.97,658
4871,4872,157.99,169.57,11.58,887
4872,4873,10.5,12.01,1.51,205
4873,4874,247.35,280.22,32.87,353
4874,4875,199.52,255.43,55.91,187
4875,4876,181.06,214.72,33.66,928
4876,4877,136.24,145.56,9.32,883
4877,4878,16.45,17.54,1.09,622
4878,4879,101.07,131.32,30.25,253
4879,4880,206.53,215.94,9.41,994
4880,4881,110.78,116.3,5.52,299
4881,4882,173.58,199.56,25.98,583
4882,4883,140.55,161.93,21.38,97
4883,4884,48.42,68.65,20.23,232
4884,4885,43.36,61.02,17.66,349
4885,4886,239.74,292.9,53.16,955
4886,4887,168.18,193.46,25.28,233
4887,4888,111.55,148.7,37.15,975
4888,4889,130.52,166.44,35.92,756
4889,4890,13.82,15.34,1.52,956
4890,4891,134.21,171.65,37.44,442
4891,4892,82.27,87.13,4.86,516
4892,4893,66.74,79.3,12.56,325
4893,4894,7.27,10.11,2.84,495
4894,4895,55.52,62.47,6.95,41
4895,4896,21.69,30.89,9.2,933
4896,4897,74.17,99.72,25.55,758
4897,4898,49.09,52.33,3.24,335
4898,4899,201.8,255.61,53.81,47
4899,4900,157.9,202.44,44.54,306
4900,4901,180.73,203.15,22.42,962
4901,4902,133.36,187.43,54.07,800
4902,4903,40.63,45.77,5.14,70
4903,4904,133.74,143.67,9.93,519
4904,4905,131.1,173.4,42.3,112
4905,4906,141.45,155.61,14.16,452
4906,4907,189.96,202.21,12.25,214
4907,4908,228.05,228.76,0.71,561
4908,4909,49.4,56.81,7.41,574
4909,4910,229.44,256.21,26.77,865
4910,4911,84.07,98.1,14.03,87
4911,4912,253.29,283.02,29.73,399
4912,4913,137.11,169.39,32.28,333
4913,4914,55.99,77.65,21.66,859
4914,4915,165.91,210.78,44.87,481
4915,4916,144.48,202.33,57.85,842
4916,4917,5.96,7.07,1.11,46
4917,4918,116.58,139.06,22.48,406
4918,4919,124.65,128.08,3.43,42
4919,4920,222.46,273.82,51.36,924
4920,4921,211.36,286.66,75.3,403
4921,4922,167.08,194.69,27.61,256
4922,4923,25.74,27.56,1.82,82
4923,4924,249.82,257.21,7.39,801
4924,4925,12.97,13.96,0.99,171
4925,4926,228.56,235.78,7.22,721
4926,4927,9.54,11.74,2.2,194
4927,4928,211.54,296.21,84.67,85
4928,4929,17.25,21.4,4.15,983
4929,4930,162.61,179.98,17.37,584
4930,4931,194.58,251.61,57.03,977
4931,4932,60.34,63.16,2.82,562
4932,4933,181.16,233.89,52.73,455
4933,4934,234.31,286.96,52.65,856
4934,4935,58.17,74.99,16.82,939
4935,4936,215.64,235.75,20.11,694
4936,4937,112.04,119.42,7.38,165
4937,4938,71.3,86.6,15.3,614
4938,4939,98.2,102.19,3.99,298
4939,4940,117.94,148.28,30.34,274
4940,4941,156.93,221.98,65.05,84
4941,4942,110.44,123.9,13.46,149
4942,4943,162.44,188.39,25.95,308
4943,4944,71.56,92.48,20.92,16
4944,4945,186.42,231.95,45.53,347
4945,4946,100.73,107.6,6.87,1000
4946,4947,206.39,255.95,49.56,682
4947,4948,135.18,146.5,11.32,986
4948,4949,212.23,258.16,45.93,192
4949,4950,79.23,103.54,24.31,499
4950,4951,202.37,243.58,41.21,916
4951,4952,208.8,255.62,46.82,109
4952,4953,234.15,266.89,32.74,259
4953,4954,26.5,33.16,6.66,900
4954,4955,229.09,297.4,68.31,223
4955,4956,164.16,183.64,19.48,825
4956,4957,290.8,297.5,6.7,361
4957,4958,128.77,151.11,22.34,869
4958,4959,134.02,147.86,13.84,576
4959,4960,116.13,118.99,2.86,320
4960,4961,65.94,92.07,26.13,121
4961,4962,173.11,228.14,55.03,713
4962,4963,211.46,221.18,9.72,706
4963,4964,32.63,41.21,8.58,983
4964,4965,205.7,209.04,3.34,264
4965,4966,4.69,6.0,1.31,44
4966,4967,4.28,5.25,0.97,125
4967,4968,167.64,180.52,12.88,761
4968,4969,174.97,198.79,23.82,473
4969,4970,205.05,280.31,75.26,480
4970,4971,125.03,140.61,15.58,449
4971,4972,69.03,71.6,2.57,553
4972,4973,285.03,293.73,8.7,782
4973,4974,223.39,241.6,18.21,504
4974,4975,153.6,172.27,18.67,156
4975,4976,93.28,127.55,34.27,908
4976,4977,27.57,34.08,6.51,580
4977,4978,245.89,295.07,49.18,276
4978,4979,230.92,269.11,38.19,11
4979,4980,240.64,271.03,30.39,882
4980,4981,180.85,182.47,1.62,52
4981,4982,188.36,245.87,57.51,225
4982,4983,212.11,243.28,31.17,630
4983,4984,13.36,16.16,2.8,441
4984,4985,238.98,258.73,19.75,344
4985,4986,145.55,151.34,5.79,442
4986,4987,21.04,23.85,2.81,602
4987,4988,134.23,158.06,23.83,559
4988,4989,186.96,191.51,4.55,874
4989,4990,213.3,260.68,47.38,884
4990,4991,105.75,116.71,10.96,249
4991,4992,48.7,55.41,6.71,686
4992,4993,88.27,101.29,13.02,791
4993,4994,218.41,265.93,47.52,68
4994,4995,138.09,139.86,1.77,253
4995,4996,167.24,219.3,52.06,921
4996,4997,173.05,229.18,56.13,249
4997,4998,225.54,245.05,19.51,55
4998,4999,187.19,257.96,70.77,30
4999,5000,9.1,10.92,1.82,726
5000,5001,176.55,179.22,2.67,816
5001,5002,71.87,86.51,14.64,764
5002,5003,85.54,104.81,19.27,23
5003,5004,194.6,197.47,2.87,370
5004,5005,132.45,149.81,17.36,837
5005,5006,108.77,118.24,9.47,204
5006,5007,175.15,182.88,7.73,505
5007,5008,12.81,15.37,2.56,705
5008,5009,176.37,207.99,31.62,197
5009,5010,129.33,161.52,32.19,607
5010,5011,266.7,281.76,15.06,85
5011,5012,82.14,102.9,20.76,340
5012,5013,74.76,102.48,27.72,507
5013,5014,39.04,54.34,15.3,532
5014,5015,131.31,183.88,52.57,148
5015,5016,145.74,172.65,26.91,127
5016,5017,194.69,260.25,65.56,238
5017,5018,128.75,135.87,7.12,766
5018,5019,26.17,32.0,5.83,137
5019,5020,183.44,201.7,18.26,568
5020,5021,79.67,95.45,15.78,675
5021,5022,72.48,97.2,24.72,92
5022,5023,194.94,257.52,62.58,11
5023,5024,106.59,113.11,6.52,567
5024,5025,188.25,257.88,69.63,208
5025,5026,260.48,297.46,36.98,972
5026,5027,119.4,140.73,21.33,360
5027,5028,292.8,295.13,2.33,314
5028,5029,171.56,179.28,7.72,621
5029,5030,260.68,292.96,32.28,706
5030,5031,85.14,104.1,18.96,189
5031,5032,7.14,9.44,2.3,164
5032,5033,82.6,106.17,23.57,276
5033,5034,206.28,227.53,21.25,406
5034,5035,157.48,193.74,36.26,609
5035,5036,117.84,159.57,41.73,647
5036,5037,127.78,178.23,50.45,528
5037,5038,133.94,155.46,21.52,76
5038,5039,11.69,12.68,0.99,79
5039,5040,182.39,199.75,17.36,677
5040,5041,114.54,150.17,35.63,378
5041,5042,170.62,175.8,5.18,727
5042,5043,181.12,220.75,39.63,546
5043,5044,54.05,69.4,15.35,1000
5044,5045,155.35,213.49,58.14,777
5045,5046,62.76,68.15,5.39,259
5046,5047,275.87,277.68,1.81,277
5047,5048,92.46,116.31,23.85,269
5048,5049,226.71,297.52,70.81,660
5049,5050,17.75,18.4,0.65,193
5050,5051,107.34,119.29,11.95,959
5051,5052,111.73,134.7,22.97,658
5052,5053,63.85,74.53,10.68,446
5053,5054,141.02,198.52,57.5,341
5054,5055,194.82,241.88,47.06,942
5055,5056,200.15,240.47,40.32,340
5056,5057,81.7,82.84,1.14,648
5057,5058,69.18,77.6,8.42,981
5058,5059,252.72,289.53,36.81,136
5059,5060,91.81,98.34,6.53,278
5060,5061,117.28,164.53,47.25,554
5061,5062,28.13,36.13,8.0,797
5062,5063,133.35,136.74,3.39,754
5063,5064,32.06,43.46,11.4,924
5064,5065,138.9,185.7,46.8,952
5065,5066,227.12,282.65,55.53,360
5066,5067,150.94,167.72,16.78,831
5067,5068,60.99,66.76,5.77,393
5068,5069,36.88,40.94,4.06,605
5069,5070,113.95,131.61,17.66,672
5070,5071,153.46,204.77,51.31,23
5071,5072,213.63,235.61,21.98,285
5072,5073,139.02,151.51,12.49,60
5073,5074,33.59,47.04,13.45,650
5074,5075,149.37,198.56,49.19,259
5075,5076,45.53,58.67,13.14,873
5076,5077,145.68,156.3,10.62,770
5077,5078,159.75,198.99,39.24,420
5078,5079,61.13,76.59,15.46,972
5079,5080,90.36,107.56,17.2,121
5080,5081,19.43,23.54,4.11,770
5081,5082,198.14,221.5,23.36,643
5082,5083,240.32,243.99,3.67,568
5083,5084,177.6,247.6,70.0,292
5084,5085,116.25,138.59,22.34,768
5085,5086,152.33,195.72,43.39,506
5086,5087,255.73,267.55,11.82,25
5087,5088,48.92,65.04,16.12,594
5088,5089,197.22,252.56,55.34,488
5089,5090,82.18,102.87,20.69,181
5090,5091,51.83,69.34,17.51,158
5091,5092,30.11,32.28,2.17,360
5092,5093,146.43,169.55,23.12,699
5093,5094,185.94,222.98,37.04,209
5094,5095,16.82,22.3,5.48,677
5095,5096,90.15,94.53,4.38,805
5096,5097,172.02,198.61,26.59,108
5097,5098,144.42,202.51,58.09,11
5098,5099,60.37,66.58,6.21,629
5099,5100,40.45,48.76,8.31,818
5100,5101,200.0,267.04,67.04,343
5101,5102,224.24,293.36,69.12,568
5102,5103,167.16,201.33,34.17,309
5103,5104,201.64,224.87,23.23,111
5104,5105,274.48,276.07,1.59,895
5105,5106,92.5,121.47,28.97,603
5106,5107,63.05,64.71,1.66,177
5107,5108,183.96,197.52,13.56,497
5108,5109,159.77,170.67,10.9,799
5109,5110,54.27,74.55,20.28,760
5110,5111,176.97,182.79,5.82,791
5111,5112,113.36,137.62,24.26,118
5112,5113,98.81,102.5,3.69,162
5113,5114,251.4,277.35,25.95,651
5114,5115,103.48,131.58,28.1,141
5115,5116,48.94,61.95,13.01,365
5116,5117,180.36,186.07,5.71,572
5117,5118,120.68,151.71,31.03,256
5118,5119,71.03,78.55,7.52,195
5119,5120,168.01,223.81,55.8,861
5120,5121,232.49,274.43,41.94,68
5121,5122,54.15,61.42,7.27,858
5122,5123,97.26,134.39,37.13,162
5123,5124,167.68,234.55,66.87,262
5124,5125,221.28,289.97,68.69,638
5125,5126,62.93,82.1,19.17,707
5126,5127,46.93,47.52,0.59,740
5127,5128,136.98,192.84,55.86,298
5128,5129,273.35,294.53,21.18,654
5129,5130,159.72,227.19,67.47,326
5130,5131,210.72,289.31,78.59,695
5131,5132,198.21,221.38,23.17,879
5132,5133,245.17,259.69,14.52,741
5133,5134,123.41,172.87,49.46,241
5134,5135,49.01,63.81,14.8,110
5135,5136,62.13,66.27,4.14,239
5136,5137,186.78,196.94,10.16,71
5137,5138,154.47,217.11,62.64,588
5138,5139,116.54,135.69,19.15,281
5139,5140,178.48,254.17,75.69,130
5140,5141,37.9,42.92,5.02,698
5141,5142,11.03,14.4,3.37,806
5142,5143,128.87,130.61,1.74,64
5143,5144,56.04,72.71,16.67,821
5144,5145,143.56,187.09,43.53,673
5145,5146,227.12,271.41,44.29,143
5146,5147,206.96,271.57,64.61,522
5147,5148,48.22,54.74,6.52,985
5148,5149,174.25,199.15,24.9,699
5149,5150,205.1,223.34,18.24,118
5150,5151,245.89,251.36,5.47,132
5151,5152,64.11,91.45,27.34,812
5152,5153,84.04,109.44,25.4,1000
5153,5154,220.7,247.6,26.9,64
5154,5155,40.55,48.88,8.33,34
5155,5156,40.33,54.83,14.5,773
5156,5157,47.69,62.8,15.11,252
5157,5158,245.67,264.33,18.66,677
5158,5159,8.91,10.16,1.25,880
5159,5160,134.98,184.46,49.48,281
5160,5161,258.71,268.92,10.21,858
5161,5162,150.55,166.19,15.64,403
5162,5163,237.58,264.91,27.33,929
5163,5164,48.08,50.96,2.88,940
5164,5165,245.11,297.86,52.75,155
5165,5166,231.82,232.41,0.59,157
5166,5167,143.54,182.82,39.28,982
5167,5168,60.88,64.67,3.79,330
5168,5169,205.55,284.69,79.14,800
5169,5170,74.64,105.35,30.71,431
5170,5171,111.45,127.24,15.79,697
5171,5172,161.25,198.65,37.4,508
5172,5173,157.63,180.18,22.55,442
5173,5174,42.84,49.76,6.92,851
5174,5175,171.89,242.56,70.67,830
5175,5176,173.11,194.58,21.47,123
5176,5177,209.47,298.08,88.61,728
5177,5178,7.19,9.15,1.96,842
5178,5179,36.89,39.77,2.88,740
5179,5180,114.18,145.41,31.23,66
5180,5181,122.52,169.13,46.61,743
5181,5182,25.98,34.39,8.41,390
5182,5183,143.86,157.07,13.21,787
5183,5184,195.99,203.85,7.86,454
5184,5185,121.96,127.29,5.33,172
5185,5186,91.99,123.89,31.9,958
5186,5187,10.16,11.75,1.59,174
5187,5188,47.91,57.67,9.76,192
5188,5189,52.8,66.28,13.48,463
5189,5190,78.58,79.25,0.67,478
5190,5191,35.76,39.3,3.54,581
5191,5192,63.17,73.81,10.64,98
5192,5193,204.45,270.25,65.8,841
5193,5194,178.86,182.94,4.08,470
5194,5195,206.84,293.36,86.52,973
5195,5196,202.34,266.97,64.63,236
5196,5197,212.55,215.7,3.15,843
5197,5198,53.4,70.35,16.95,734
5198,5199,118.43,136.82,18.39,442
5199,5200,62.06,67.98,5.92,856
5200,5201,236.22,275.36,39.14,525
5201,5202,115.8,122.05,6.25,771
5202,5203,199.37,208.2,8.83,59
5203,5204,61.09,75.1,14.01,677
5204,5205,174.27,179.13,4.86,716
5205,5206,36.36,43.57,7.21,725
5206,5207,116.75,158.37,41.62,76
5207,5208,84.12,103.18,19.06,868
5208,5209,290.6,292.14,1.54,983
5209,5210,35.03,36.54,1.51,263
5210,5211,15.2,18.36,3.16,142
5211,5212,144.36,150.1,5.74,104
5212,5213,152.59,202.09,49.5,278
5213,5214,110.39,126.36,15.97,68
5214,5215,135.08,179.75,44.67,868
5215,5216,38.99,53.6,14.61,357
5216,5217,4.54,5.83,1.29,123
5217,5218,147.55,179.54,31.99,65
5218,5219,65.49,83.9,18.41,191
5219,5220,224.57,258.29,33.72,849
5220,5221,176.54,230.17,53.63,171
5221,5222,91.51,121.07,29.56,41
5222,5223,44.88,53.56,8.68,781
5223,5224,144.04,187.35,43.31,762
5224,5225,147.57,176.61,29.04,799
5225,5226,239.72,277.67,37.95,872
5226,5227,109.44,122.59,13.15,549
5227,5228,30.24,31.34,1.1,613
5228,5229,165.26,201.3,36.04,691
5229,5230,205.39,257.28,51.89,925
5230,5231,158.73,159.84,1.11,277
5231,5232,206.06,249.62,43.56,921
5232,5233,15.37,16.26,0.89,770
5233,5234,61.25,75.45,14.2,578
5234,5235,42.4,53.02,10.62,278
5235,5236,145.67,204.82,59.15,872
5236,5237,173.08,214.85,41.77,920
5237,5238,65.6,83.65,18.05,909
5238,5239,161.12,190.19,29.07,790
5239,5240,11.94,15.47,3.53,130
5240,5241,124.29,155.02,30.73,980
5241,5242,219.5,288.1,68.6,796
5242,5243,167.38,226.51,59.13,652
5243,5244,57.53,72.46,14.93,548
5244,5245,30.98,35.6,4.62,82
5245,5246,183.78,245.82,62.04,455
5246,5247,83.9,109.07,25.17,342
5247,5248,247.56,265.05,17.49,699
5248,5249,9.86,12.06,2.2,378
5249,5250,26.16,34.2,8.04,664
5250,5251,22.05,22.58,0.53,214
5251,5252,81.72,95.48,13.76,678
5252,5253,247.41,284.29,36.88,235
5253,5254,227.0,286.64,59.64,840
5254,5255,81.98,111.15,29.17,577
5255,5256,146.28,171.85,25.57,812
5256,5257,25.24,26.67,1.43,12
5257,5258,111.71,112.34,0.63,352
5258,5259,81.47,115.57,34.1,395
5259,5260,121.34,141.14,19.8,173
5260,5261,54.49,55.35,0.86,410
5261,5262,62.8,64.59,1.79,96
5262,5263,212.64,274.03,61.39,916
5263,5264,142.01,158.48,16.47,156
5264,5265,86.38,95.6,9.22,361
5265,5266,148.14,205.07,56.93,162
5266,5267,105.37,147.44,42.07,618
5267,5268,212.79,237.87,25.08,550
5268,5269,184.85,202.14,17.29,514
5269,5270,116.87,128.48,11.61,52
5270,5271,140.85,196.4,55.55,628
5271,5272,57.92,59.37,1.45,589
5272,5273,154.89,193.92,39.03,57
5273,5274,197.22,264.26,67.04,611
5274,5275,4.62,5.5,0.88,648
5275,5276,130.61,148.08,17.47,774
5276,5277,68.23,77.82,9.59,707
5277,5278,186.49,234.06,47.57,454
5278,5279,137.61,154.29,16.68,250
5279,5280,141.99,189.4,47.41,558
5280,5281,247.62,289.44,41.82,566
5281,5282,76.01,85.9,9.89,568
5282,5283,94.74,114.3,19.56,917
5283,5284,11.52,14.82,3.3,340
5284,5285,66.84,95.31,28.47,177
5285,5286,229.93,295.28,65.35,815
5286,5287,279.89,283.03,3.14,570
5287,5288,70.27,74.62,4.35,506
5288,5289,105.18,130.24,25.06,531
5289,5290,47.38,59.75,12.37,976
5290,5291,270.12,282.72,12.6,884
5291,5292,101.02,128.65,27.63,712
5292,5293,166.23,232.63,66.4,580
5293,5294,204.48,235.0,30.52,568
5294,5295,238.17,258.47,20.3,968
5295,5296,84.49,110.54,26.05,541
5296,5297,12.96,13.55,0.59,385
5297,5298,169.86,240.87,71.01,370
5298,5299,223.6,256.47,32.87,282
5299,5300,15.23,15.98,0.75,157
5300,5301,281.24,297.55,16.31,694
5301,5302,61.79,65.79,4.0,927
5302,5303,194.66,233.64,38.98,593
5303,5304,104.65,139.0,34.35,686
5304,5305,121.68,151.3,29.62,325
5305,5306,156.5,179.36,22.86,466
5306,5307,167.89,217.71,49.82,252
5307,5308,19.53,22.58,3.05,29
5308,5309,107.56,113.83,6.27,831
5309,5310,63.94,78.64,14.7,135
5310,5311,22.03,28.73,6.7,987
5311,5312,121.71,135.81,14.1,340
5312,5313,161.36,214.17,52.81,673
5313,5314,154.39,185.43,31.04,382
5314,5315,218.16,261.96,43.8,734
5315,5316,201.65,207.31,5.66,763
5316,5317,203.04,256.53,53.49,789
5317,5318,153.68,168.27,14.59,360
5318,5319,136.57,180.41,43.84,671
5319,5320,34.66,36.7,2.04,176
5320,5321,194.71,204.44,9.73,140
5321,5322,168.02,230.71,62.69,995
5322,5323,56.66,65.02,8.36,824
5323,5324,33.08,37.42,4.34,285
5324,5325,137.34,144.61,7.27,421
5325,5326,103.45,123.03,19.58,200
5326,5327,76.63,78.33,1.7,464
5327,5328,269.6,274.1,4.5,930
5328,5329,182.73,186.87,4.14,899
5329,5330,4.98,6.05,1.07,534
5330,5331,4.82,6.21,1.39,358
5331,5332,100.4,124.85,24.45,295
5332,5333,243.51,249.05,5.54,691
5333,5334,14.48,16.59,2.11,467
5334,5335,14.28,15.68,1.4,318
5335,5336,64.79,83.99,19.2,732
5336,5337,74.6,78.93,4.33,836
5337,5338,36.98,42.06,5.08,478
5338,5339,6.85,9.02,2.17,937
5339,5340,112.78,134.96,22.18,714
5340,5341,29.45,36.0,6.55,142
5341,5342,176.55,238.31,61.76,925
5342,5343,78.07,81.81,3.74,872
5343,5344,192.5,205.69,13.19,404
5344,5345,165.03,188.47,23.44,62
5345,5346,42.04,53.7,11.66,555
5346,5347,244.28,256.38,12.1,901
5347,5348,139.7,184.5,44.8,857
5348,5349,40.92,47.72,6.8,475
5349,5350,120.08,150.68,30.6,631
5350,5351,195.17,218.9,23.73,540
5351,5352,146.43,204.27,57.84,702
5352,5353,257.23,272.74,15.51,455
5353,5354,139.29,152.81,13.52,269
5354,5355,176.6,224.94,48.34,125
5355,5356,102.59,104.03,1.44,809
5356,5357,174.9,218.54,43.64,631
5357,5358,126.34,143.77,17.43,1000
5358,5359,59.79,73.18,13.39,685
5359,5360,188.5,265.03,76.53,37
5360,5361,285.92,299.71,13.79,577
5361,5362,19.61,26.88,7.27,597
5362,5363,239.72,285.78,46.06,397
5363,5364,111.81,137.13,25.32,622
5364,5365,28.23,39.41,11.18,432
5365,5366,255.05,291.19,36.14,626
5366,5367,97.72,106.49,8.77,245
5367,5368,218.1,278.13,60.03,513
5368,5369,45.05,47.73,2.68,719
5369,5370,90.69,93.91,3.22,265
5370,5371,179.45,249.27,69.82,983
5371,5372,111.97,128.19,16.22,298
5372,5373,100.64,108.38,7.74,338
5373,5374,272.28,284.28,12.0,165
5374,5375,110.19,117.84,7.65,916
5375,5376,106.47,125.39,18.92,415
5376,5377,98.39,106.11,7.72,802
5377,5378,162.72,184.91,22.19,259
5378,5379,192.91,255.74,62.83,558
5379,5380,246.53,262.9,16.37,537
5380,5381,18.24,19.46,1.22,143
5381,5382,7.53,8.96,1.43,856
5382,5383,79.02,88.3,9.28,621
5383,5384,23.62,26.86,3.24,785
5384,5385,264.89,284.69,19.8,767
5385,5386,213.17,217.24,4.07,345
5386,5387,8.51,10.31,1.8,975
5387,5388,6.39,7.41,1.02,271
5388,5389,18.98,26.78,7.8,228
5389,5390,92.93,116.03,23.1,320
5390,5391,220.75,257.83,37.08,337
5391,5392,211.58,232.31,20.73,832
5392,5393,72.67,94.21,21.54,588
5393,5394,156.28,174.06,17.78,219
5394,5395,201.55,224.71,23.16,882
5395,5396,161.39,191.43,30.04,213
5396,5397,170.96,235.63,64.67,513
5397,5398,256.83,278.01,21.18,291
5398,5399,223.65,286.6,62.95,341
5399,5400,257.69,284.64,26.95,665
5400,5401,50.24,57.32,7.08,704
5401,5402,6.21,7.76,1.55,425
5402,5403,72.77,91.28,18.51,365
5403,5404,120.81,131.45,10.64,349
5404,5405,149.34,159.45,10.11,13
5405,5406,111.36,138.81,27.45,810
5406,5407,32.36,44.07,11.71,180
5407,5408,47.24,54.3,7.06,825
5408,5409,218.84,238.49,19.65,675
5409,5410,190.09,204.69,14.6,74
5410,5411,42.09,48.74,6.65,981
5411,5412,236.54,244.87,8.33,999
5412,5413,30.73,34.91,4.18,541
5413,5414,119.17,168.57,49.4,723
5414,5415,38.5,42.85,4.35,130
5415,5416,218.09,246.23,28.14,762
5416,5417,101.26,104.4,3.14,570
5417,5418,24.85,27.12,2.27,401
5418,5419,113.09,158.87,45.78,818
5419,5420,135.82,154.45,18.63,688
5420,5421,231.81,234.35,2.54,542
5421,5422,81.57,90.85,9.28,942
5422,5423,114.07,138.18,24.11,455
5423,5424,202.05,281.02,78.97,816
5424,5425,55.72,78.49,22.77,243
5425,5426,184.04,238.31,54.27,707
5426,5427,5.35,6.66,1.31,368
5427,5428,269.99,292.1,22.11,642
5428,5429,229.47,295.03,65.56,87
5429,5430,168.87,229.08,60.21,278
5430,5431,213.97,274.35,60.38,493
5431,5432,112.87,125.09,12.22,528
5432,5433,207.22,262.24,55.02,378
5433,5434,233.89,240.33,6.44,397
5434,5435,114.35,130.57,16.22,770
5435,5436,45.66,52.81,7.15,544
5436,5437,237.59,238.84,1.25,52
5437,5438,226.43,292.84,66.41,465
5438,5439,157.89,219.91,62.02,391
5439,5440,87.45,108.2,20.75,241
5440,5441,257.28,282.63,25.35,106
5441,5442,182.32,215.38,33.06,167
5442,5443,7.97,10.09,2.12,956
5443,5444,128.63,140.56,11.93,159
5444,5445,96.65,107.99,11.34,451
5445,5446,66.08,74.25,8.17,920
5446,5447,239.4,284.58,45.18,951
5447,5448,103.46,106.76,3.3,797
5448,5449,132.62,183.47,50.85,607
5449,5450,67.59,73.19,5.6,216
5450,5451,140.48,153.95,13.47,296
5451,5452,66.06,83.45,17.39,728
5452,5453,9.63,13.13,3.5,386
5453,5454,43.41,52.09,8.68,858
5454,5455,21.79,22.63,0.84,52
5455,5456,241.96,268.71,26.75,894
5456,5457,82.08,114.61,32.53,571
5457,5458,188.71,233.48,44.77,816
5458,5459,110.5,120.1,9.6,530
5459,5460,231.07,245.69,14.62,898
5460,5461,137.28,144.1,6.82,616
5461,5462,285.21,297.52,12.31,72
5462,5463,85.05,97.55,12.5,955
5463,5464,221.89,277.8,55.91,209
5464,5465,23.96,27.85,3.89,999
5465,5466,143.32,152.28,8.96,201
5466,5467,143.06,195.23,52.17,229
5467,5468,145.11,201.34,56.23,268
5468,5469,272.31,299.88,27.57,299
5469,5470,52.75,56.93,4.18,112
5470,5471,191.23,240.81,49.58,585
5471,5472,209.1,254.0,44.9,968
5472,5473,283.84,297.79,13.95,932
5473,5474,63.54,90.16,26.62,817
5474,5475,234.35,282.37,48.02,670
5475,5476,82.2,116.96,34.76,444
5476,5477,115.61,163.74,48.13,802
5477,5478,11.6,14.07,2.47,888
5478,5479,220.05,287.53,67.48,661
5479,5480,138.03,144.94,6.91,375
5480,5481,221.29,299.77,78.48,120
5481,5482,8.49,11.72,3.23,542
5482,5483,214.3,259.45,45.15,558
5483,5484,173.05,176.57,3.52,646
5484,5485,128.02,179.37,51.35,981
5485,5486,170.27,197.38,27.11,402
5486,5487,12.53,13.11,0.58,819
5487,5488,46.94,63.3,16.36,898
5488,5489,195.39,263.35,67.96,507
5489,5490,150.43,163.6,13.17,859
5490,5491,22.0,27.69,5.69,389
5491,5492,162.67,201.37,38.7,448
5492,5493,71.96,80.13,8.17,801
5493,5494,40.41,51.63,11.22,868
5494,5495,13.51,16.69,3.18,298
5495,5496,118.19,124.17,5.98,100
5496,5497,128.07,143.94,15.87,214
5497,5498,132.61,144.36,11.75,420
5498,5499,38.86,53.9,15.04,46
5499,5500,266.68,273.07,6.39,306
5500,5501,19.7,21.1,1.4,670
5501,5502,53.49,68.81,15.32,718
5502,5503,115.19,134.79,19.6,240
5503,5504,205.27,220.59,15.32,632
5504,5505,203.74,259.77,56.03,863
5505,5506,136.46,155.75,19.29,218
5506,5507,25.82,30.69,4.87,499
5507,5508,220.65,248.42,27.77,330
5508,5509,14.88,18.37,3.49,441
5509,5510,89.7,94.25,4.55,922
5510,5511,67.18,83.16,15.98,710
5511,5512,57.53,79.23,21.7,49
5512,5513,79.92,93.12,13.2,469
5513,5514,6.67,9.04,2.37,631
5514,5515,21.92,22.42,0.5,967
5515,5516,49.2,54.79,5.59,867
5516,5517,138.34,153.48,15.14,992
5517,5518,19.66,24.91,5.25,49
5518,5519,46.5,49.89,3.39,514
5519,5520,175.31,216.4,41.09,607
5520,5521,93.61,105.1,11.49,101
5521,5522,66.12,91.25,25.13,198
5522,5523,9.97,11.73,1.76,688
5523,5524,129.77,135.3,5.53,657
5524,5525,125.53,134.35,8.82,912
5525,5526,10.52,14.16,3.64,211
5526,5527,17.61,21.31,3.7,253
5527,5528,31.98,37.89,5.91,672
5528,5529,195.18,251.45,56.27,707
5529,5530,110.89,139.52,28.63,294
5530,5531,24.02,28.39,4.37,667
5531,5532,181.53,221.15,39.62,542
5532,5533,103.44,104.13,0.69,361
5533,5534,102.25,118.21,15.96,505
5534,5535,92.44,97.33,4.89,92
5535,5536,132.2,138.35,6.15,617
5536,5537,154.69,169.06,14.37,578
5537,5538,179.59,189.66,10.07,442
5538,5539,171.86,206.68,34.82,386
5539,5540,19.39,20.15,0.76,66
5540,5541,162.5,192.86,30.36,774
5541,5542,260.81,298.58,37.77,182
5542,5543,134.27,186.36,52.09,895
5543,5544,65.56,66.27,0.71,934
5544,5545,144.43,185.57,41.14,608
5545,5546,58.76,66.6,7.84,738
5546,5547,11.83,12.37,0.54,785
5547,5548,5.27,5.78,0.51,805
5548,5549,191.53,243.26,51.73,98
5549,5550,67.52,86.58,19.06,48
5550,5551,135.48,139.92,4.44,22
5551,5552,234.44,250.34,15.9,753
5552,5553,246.74,291.25,44.51,481
5553,5554,101.7,131.71,30.01,989
5554,5555,84.45,100.42,15.97,880
5555,5556,132.4,140.45,8.05,713
5556,5557,72.14,76.44,4.3,655
5557,5558,127.92,132.44,4.52,430
5558,5559,30.98,35.25,4.27,421
5559,5560,212.26,265.25,52.99,428
5560,5561,35.55,50.16,14.61,263
5561,5562,196.4,207.78,11.38,573
5562,5563,68.92,96.62,27.7,965
5563,5564,180.49,256.04,75.55,376
5564,5565,241.41,248.75,7.34,768
5565,5566,30.79,42.83,12.04,351
5566,5567,56.24,68.78,12.54,229
5567,5568,47.65,55.8,8.15,734
5568,5569,78.9,107.76,28.86,769
5569,5570,31.25,34.69,3.44,153
5570,5571,87.93,124.26,36.33,850
5571,5572,170.54,190.52,19.98,897
5572,5573,36.47,41.6,5.13,618
5573,5574,203.69,271.86,68.17,859
5574,5575,141.86,198.87,57.01,782
5575,5576,65.65,86.92,21.27,418
5576,5577,196.4,256.12,59.72,567
5577,5578,174.65,214.05,39.4,744
5578,5579,183.62,207.61,23.99,30
5579,5580,163.6,193.99,30.39,782
5580,5581,180.41,194.15,13.74,590
5581,5582,158.94,178.97,20.03,234
5582,5583,155.54,158.61,3.07,310
5583,5584,46.99,57.54,10.55,17
5584,5585,124.69,169.8,45.11,927
5585,5586,218.72,235.77,17.05,995
5586,5587,142.01,189.08,47.07,642
5587,5588,16.17,20.67,4.5,808
5588,5589,122.48,123.36,0.88,187
5589,5590,7.45,9.22,1.77,719
5590,5591,41.42,44.77,3.35,689
5591,5592,122.47,135.42,12.95,151
5592,5593,59.98,77.86,17.88,405
5593,5594,150.86,154.35,3.49,53
5594,5595,171.5,211.9,40.4,20
5595,5596,162.58,221.82,59.24,779
5596,5597,60.64,73.01,12.37,685
5597,5598,140.26,157.32,17.06,673
5598,5599,65.16,92.74,27.58,317
5599,5600,81.61,111.54,29.93,470
5600,5601,208.65,223.59,14.94,978
5601,5602,177.76,186.43,8.67,379
5602,5603,56.12,69.46,13.34,877
5603,5604,26.45,30.92,4.47,326
5604,5605,138.62,161.81,23.19,396
5605,5606,156.01,221.01,65.0,44
5606,5607,116.48,137.87,21.39,972
5607,5608,40.41,43.25,2.84,150
5608,5609,13.94,18.03,4.09,246
5609,5610,249.2,267.39,18.19,689
5610,5611,244.59,272.45,27.86,412
5611,5612,265.47,298.56,33.09,613
5612,5613,212.81,277.08,64.27,444
5613,5614,72.66,75.58,2.92,204
5614,5615,85.82,116.38,30.56,804
5615,5616,132.85,172.78,39.93,313
5616,5617,109.72,142.88,33.16,73
5617,5618,106.1,113.85,7.75,156
5618,5619,143.9,149.96,6.06,176
5619,5620,225.65,248.84,23.19,220
5620,5621,56.78,58.77,1.99,88
5621,5622,228.69,243.7,15.01,116
5622,5623,69.95,77.42,7.47,797
5623,5624,101.39,141.55,40.16,588
5624,5625,236.35,262.36,26.01,360
5625,5626,221.75,235.65,13.9,363
5626,5627,157.76,208.35,50.59,665
5627,5628,4.53,5.05,0.52,871
5628,5629,114.19,136.63,22.44,881
5629,5630,13.1,16.86,3.76,717
5630,5631,223.13,279.85,56.72,453
5631,5632,162.76,166.05,3.29,428
5632,5633,95.27,105.61,10.34,353
5633,5634,230.17,251.75,21.58,256
5634,5635,72.46,88.59,16.13,537
5635,5636,68.02,85.84,17.82,541
5636,5637,158.25,185.53,27.28,708
5637,5638,32.31,37.19,4.88,314
5638,5639,238.08,279.82,41.74,102
5639,5640,56.56,69.81,13.25,183
5640,5641,184.18,256.0,71.82,337
5641,5642,268.13,295.21,27.08,668
5642,5643,254.42,257.27,2.85,471
5643,5644,105.25,112.44,7.19,587
5644,5645,56.84,66.97,10.13,838
5645,5646,188.41,250.1,61.69,548
5646,5647,36.67,40.34,3.67,353
5647,5648,49.64,59.46,9.82,188
5648,5649,218.53,290.14,71.61,985
5649,5650,22.18,25.51,3.33,143
5650,5651,185.01,240.01,55.0,22
5651,5652,110.98,113.46,2.48,448
5652,5653,208.53,216.03,7.5,985
5653,5654,34.37,36.57,2.2,879
5654,5655,181.2,237.44,56.24,893
5655,5656,72.06,77.09,5.03,468
5656,5657,72.91,74.72,1.81,271
5657,5658,198.9,278.73,79.83,204
5658,5659,32.67,38.07,5.4,489
5659,5660,198.03,249.38,51.35,922
5660,5661,53.05,65.99,12.94,729
5661,5662,229.1,250.38,21.28,305
5662,5663,216.35,288.07,71.72,234
5663,5664,168.1,192.03,23.93,566
5664,5665,60.71,67.99,7.28,434
5665,5666,15.05,17.33,2.28,627
5666,5667,108.74,120.42,11.68,974
5667,5668,88.04,107.95,19.91,297
5668,5669,132.37,136.93,4.56,975
5669,5670,77.83,79.68,1.85,64
5670,5671,36.49,44.09,7.6,408
5671,5672,224.43,262.6,38.17,226
5672,5673,216.03,285.19,69.16,695
5673,5674,81.24,109.22,27.98,807
5674,5675,34.67,41.66,6.99,64
5675,5676,175.42,179.69,4.27,631
5676,5677,69.36,91.22,21.86,546
5677,5678,110.48,144.68,34.2,513
5678,5679,129.0,147.72,18.72,320
5679,5680,161.22,190.65,29.43,667
5680,5681,125.61,143.02,17.41,132
5681,5682,107.86,116.26,8.4,559
5682,5683,232.08,260.78,28.7,354
5683,5684,79.39,106.38,26.99,308
5684,5685,74.91,80.89,5.98,660
5685,5686,39.6,49.55,9.95,848
5686,5687,203.73,239.7,35.97,440
5687,5688,198.97,238.96,39.99,162
5688,5689,82.71,99.81,17.1,650
5689,5690,112.2,114.12,1.92,422
5690,5691,202.27,212.51,10.24,271
5691,5692,111.18,118.19,7.01,901
5692,5693,232.89,269.35,36.46,409
5693,5694,160.89,186.93,26.04,662
5694,5695,183.38,195.82,12.44,770
5695,5696,212.94,238.13,25.19,333
5696,5697,63.94,81.52,17.58,231
5697,5698,211.96,257.1,45.14,581
5698,5699,198.59,220.45,21.86,590
5699,5700,162.4,217.75,55.35,730
5700,5701,196.16,227.93,31.77,807
5701,5702,63.31,66.44,3.13,375
5702,5703,148.51,190.64,42.13,680
5703,5704,182.71,249.85,67.14,800
5704,5705,47.79,67.74,19.95,865
5705,5706,86.66,113.29,26.63,253
5706,5707,55.25,64.35,9.1,460
5707,5708,44.0,52.91,8.91,992
5708,5709,230.76,286.61,55.85,429
5709,5710,207.6,213.87,6.27,296
5710,5711,16.91,20.76,3.85,692
5711,5712,143.81,191.86,48.05,715
5712,5713,116.69,122.86,6.17,828
5713,5714,145.97,201.29,55.32,93
5714,5715,278.35,282.36,4.01,777
5715,5716,151.02,173.09,22.07,873
5716,5717,120.87,139.19,18.32,408
5717,5718,143.07,173.81,30.74,519
5718,5719,83.87,110.54,26.67,504
5719,5720,182.1,193.82,11.72,573
5720,5721,232.99,249.84,16.85,799
5721,5722,163.58,184.26,20.68,560
5722,5723,156.31,212.38,56.07,875
5723,5724,46.5,49.16,2.66,319
5724,5725,81.55,116.43,34.88,403
5725,5726,144.3,191.0,46.7,349
5726,5727,244.51,266.4,21.89,916
5727,5728,203.0,236.53,33.53,790
5728,5729,137.04,193.43,56.39,355
5729,5730,223.33,234.59,11.26,448
5730,5731,252.45,292.04,39.59,358
5731,5732,288.63,289.93,1.3,284
5732,5733,93.37,106.92,13.55,690
5733,5734,227.06,287.29,60.23,331
5734,5735,6.09,7.2,1.11,863
5735,5736,156.28,215.96,59.68,490
5736,5737,144.11,180.05,35.94,651
5737,5738,88.07,124.84,36.77,118
5738,5739,107.39,140.42,33.03,610
5739,5740,172.86,215.28,42.42,735
5740,5741,230.87,242.23,11.36,24
5741,5742,276.63,291.69,15.06,768
5742,5743,175.07,222.14,47.07,572
5743,5744,62.34,87.1,24.76,916
5744,5745,20.87,24.59,3.72,543
5745,5746,31.37,42.03,10.66,36
5746,5747,239.67,252.48,12.81,132
5747,5748,225.77,281.99,56.22,674
5748,5749,20.39,25.22,4.83,757
5749,5750,151.23,213.79,62.56,519
5750,5751,180.73,253.21,72.48,790
5751,5752,77.44,78.99,1.55,415
5752,5753,192.19,264.57,72.38,65
5753,5754,103.95,140.14,36.19,14
5754,5755,47.3,48.82,1.52,636
5755,5756,164.55,195.07,30.52,938
5756,5757,139.23,170.4,31.17,48
5757,5758,190.53,219.48,28.95,215
5758,5759,135.16,140.91,5.75,476
5759,5760,164.77,190.99,26.22,865
5760,5761,89.08,105.7,16.62,299
5761,5762,87.2,101.06,13.86,99
5762,5763,202.04,274.74,72.7,724
5763,5764,176.4,236.25,59.85,858
5764,5765,58.88,84.01,25.13,34
5765,5766,178.84,230.68,51.84,278
5766,5767,58.26,59.88,1.62,887
5767,5768,41.84,45.06,3.22,396
5768,5769,34.41,42.63,8.22,904
5769,5770,146.84,177.89,31.05,527
5770,5771,218.78,268.59,49.81,401
5771,5772,41.16,42.74,1.58,615
5772,5773,265.26,278.39,13.13,282
5773,5774,93.46,98.63,5.17,656
5774,5775,226.98,256.42,29.44,866
5775,5776,231.08,274.97,43.89,208
5776,5777,234.87,287.53,52.66,843
5777,5778,86.27,87.09,0.82,302
5778,5779,31.47,32.12,0.65,22
5779,5780,218.38,243.74,25.36,246
5780,5781,190.82,260.97,70.15,962
5781,5782,192.01,236.29,44.28,97
5782,5783,34.74,45.17,10.43,571
5783,5784,224.12,276.55,52.43,974
5784,5785,100.66,114.23,13.57,132
5785,5786,237.11,298.24,61.13,504
5786,5787,123.24,172.56,49.32,108
5787,5788,55.59,67.93,12.34,638
5788,5789,151.02,208.33,57.31,226
5789,5790,21.79,24.65,2.86,795
5790,5791,154.31,182.07,27.76,858
5791,5792,51.22,59.48,8.26,156
5792,5793,118.97,156.32,37.35,409
5793,5794,41.31,53.95,12.64,959
5794,5795,71.4,88.54,17.14,579
5795,5796,247.02,251.02,4.0,986
5796,5797,202.12,226.22,24.1,90
5797,5798,10.17,12.66,2.49,204
5798,5799,89.61,120.8,31.19,75
5799,5800,59.44,83.58,24.14,856
5800,5801,210.17,217.92,7.75,509
5801,5802,38.12,40.68,2.56,182
5802,5803,117.46,163.11,45.65,710
5803,5804,15.76,21.01,5.25,187
5804,5805,209.4,280.06,70.66,622
5805,5806,125.24,167.68,42.44,105
5806,5807,174.49,239.99,65.5,574
5807,5808,68.96,85.03,16.07,516
5808,5809,236.59,256.63,20.04,830
5809,5810,63.69,67.16,3.47,141
5810,5811,5.75,7.96,2.21,625
5811,5812,111.51,121.22,9.71,129
5812,5813,143.78,164.7,20.92,33
5813,5814,36.67,39.31,2.64,123
5814,5815,171.06,207.87,36.81,512
5815,5816,231.38,262.61,31.23,794
5816,5817,38.16,49.37,11.21,968
5817,5818,167.48,209.57,42.09,299
5818,5819,97.87,130.35,32.48,671
5819,5820,223.03,256.47,33.44,712
5820,5821,211.14,227.91,16.77,953
5821,5822,190.56,252.55,61.99,200
5822,5823,169.56,230.52,60.96,876
5823,5824,19.01,20.07,1.06,759
5824,5825,28.37,28.89,0.52,188
5825,5826,106.03,124.75,18.72,308
5826,5827,139.33,150.37,11.04,138
5827,5828,238.89,248.4,9.51,901
5828,5829,3.58,5.0,1.42,812
5829,5830,107.8,131.07,23.27,758
5830,5831,64.45,77.37,12.92,782
5831,5832,188.37,240.97,52.6,970
5832,5833,88.13,106.59,18.46,991
5833,5834,185.65,260.09,74.44,272
5834,5835,17.25,19.4,2.15,680
5835,5836,230.61,267.77,37.16,550
5836,5837,6.31,7.58,1.27,715
5837,5838,188.94,200.09,11.15,420
5838,5839,62.62,66.97,4.35,196
5839,5840,155.82,161.13,5.31,288
5840,5841,224.86,282.94,58.08,999
5841,5842,83.76,85.5,1.74,125
5842,5843,215.9,229.29,13.39,797
5843,5844,194.32,233.92,39.6,174
5844,5845,197.45,259.06,61.61,372
5845,5846,149.58,200.29,50.71,453
5846,5847,134.81,153.14,18.33,929
5847,5848,265.59,289.33,23.74,756
5848,5849,132.37,157.96,25.59,631
5849,5850,61.32,70.18,8.86,66
5850,5851,168.96,210.07,41.11,121
5851,5852,173.97,247.24,73.27,995
5852,5853,205.1,256.92,51.82,904
5853,5854,220.32,284.17,63.85,128
5854,5855,172.33,183.43,11.1,516
5855,5856,42.86,47.31,4.45,269
5856,5857,247.67,277.06,29.39,812
5857,5858,290.82,293.65,2.83,432
5858,5859,61.66,72.18,10.52,25
5859,5860,136.02,189.51,53.49,579
5860,5861,67.1,77.85,10.75,665
5861,5862,10.4,12.31,1.91,610
5862,5863,60.47,85.41,24.94,140
5863,5864,11.35,13.53,2.18,983
5864,5865,127.47,175.84,48.37,559
5865,5866,184.34,229.55,45.21,440
5866,5867,262.97,280.67,17.7,161
5867,5868,198.57,202.51,3.94,63
5868,5869,152.23,195.77,43.54,956
5869,5870,86.39,113.31,26.92,761
5870,5871,138.64,177.23,38.59,962
5871,5872,151.91,173.35,21.44,627
5872,5873,191.86,232.57,40.71,796
5873,5874,59.98,62.99,3.01,668
5874,5875,145.63,174.99,29.36,268
5875,5876,37.28,47.76,10.48,378
5876,5877,234.65,273.43,38.78,775
5877,5878,128.31,181.34,53.03,117
5878,5879,111.64,130.06,18.42,661
5879,5880,100.58,114.17,13.59,947
5880,5881,182.68,256.06,73.38,648
5881,5882,64.69,74.29,9.6,831
5882,5883,121.3,141.56,20.26,59
5883,5884,201.77,222.93,21.16,819
5884,5885,70.36,91.11,20.75,655
5885,5886,179.97,199.44,19.47,13
5886,5887,88.76,112.83,24.07,143
5887,5888,112.61,118.68,6.07,506
5888,5889,186.27,216.25,29.98,40
5889,5890,193.17,239.47,46.3,905
5890,5891,36.01,38.55,2.54,457
5891,5892,183.99,248.91,64.92,795
5892,5893,84.98,101.21,16.23,320
5893,5894,99.78,117.14,17.36,93
5894,5895,82.43,86.32,3.89,692
5895,5896,236.12,247.92,11.8,249
5896,5897,16.92,22.63,5.71,403
5897,5898,50.89,64.77,13.88,569
5898,5899,158.99,173.22,14.23,751
5899,5900,169.16,219.8,50.64,12
5900,5901,45.4,53.34,7.94,284
5901,5902,270.8,271.95,1.15,582
5902,5903,260.89,285.49,24.6,930
5903,5904,187.6,255.55,67.95,742
5904,5905,227.86,229.03,1.17,383
5905,5906,173.5,214.49,40.99,598
5906,5907,234.19,279.92,45.73,39
5907,5908,251.2,259.54,8.34,716
5908,5909,218.72,272.4,53.68,566
5909,5910,146.45,194.77,48.32,842
5910,5911,152.17,167.9,15.73,421
5911,5912,187.65,255.56,67.91,949
5912,5913,13.7,16.37,2.67,533
5913,5914,197.02,233.23,36.21,851
5914,5915,24.2,30.12,5.92,356
5915,5916,226.87,278.3,51.43,329
5916,5917,87.6,119.03,31.43,998
5917,5918,147.89,192.82,44.93,905
5918,5919,147.01,205.52,58.51,134
5919,5920,225.54,229.75,4.21,819
5920,5921,18.17,22.74,4.57,477
5921,5922,127.87,176.7,48.83,996
5922,5923,38.65,39.53,0.88,995
5923,5924,79.58,103.7,24.12,697
5924,5925,10.62,11.7,1.08,892
5925,5926,98.4,132.79,34.39,379
5926,5927,112.51,126.39,13.88,971
5927,5928,194.57,273.67,79.1,534
5928,5929,96.54,126.73,30.19,844
5929,5930,117.32,157.47,40.15,976
5930,5931,130.5,134.28,3.78,738
5931,5932,76.39,77.5,1.11,854
5932,5933,142.16,150.86,8.7,728
5933,5934,29.6,38.68,9.08,207
5934,5935,157.63,199.77,42.14,395
5935,5936,119.65,142.7,23.05,147
5936,5937,163.6,197.84,34.24,110
5937,5938,101.52,140.85,39.33,296
5938,5939,74.99,91.61,16.62,214
5939,5940,187.78,227.89,40.11,882
5940,5941,268.03,290.16,22.13,313
5941,5942,152.48,207.87,55.39,409
5942,5943,275.14,294.93,19.79,236
5943,5944,176.15,208.23,32.08,56
5944,5945,31.5,37.39,5.89,495
5945,5946,195.47,272.68,77.21,857
5946,5947,140.9,197.57,56.67,329
5947,5948,147.19,149.08,1.89,184
5948,5949,78.39,98.43,20.04,924
5949,5950,15.84,21.89,6.05,691
5950,5951,134.37,176.27,41.9,830
5951,5952,220.4,283.47,63.07,773
5952,5953,80.51,107.85,27.34,284
5953,5954,50.64,59.68,9.04,446
5954,5955,118.53,147.06,28.53,45
5955,5956,96.92,127.55,30.63,217
5956,5957,39.84,43.24,3.4,486
5957,5958,215.44,226.09,10.65,220
5958,5959,197.17,217.81,20.64,679
5959,5960,186.71,191.64,4.93,431
5960,5961,28.06,36.19,8.13,90
5961,5962,189.43,194.37,4.94,749
5962,5963,74.95,82.91,7.96,834
5963,5964,267.6,291.88,24.28,107
5964,5965,74.38,85.2,10.82,402
5965,5966,171.98,184.97,12.99,217
5966,5967,169.66,194.25,24.59,972
5967,5968,202.52,230.82,28.3,745
5968,5969,115.17,128.82,13.65,767
5969,5970,136.13,165.8,29.67,450
5970,5971,104.55,110.47,5.92,986
5971,5972,201.85,284.05,82.2,488
5972,5973,35.9,47.39,11.49,914
5973,5974,133.43,166.9,33.47,70
5974,5975,144.33,152.66,8.33,536
5975,5976,196.41,220.19,23.78,371
5976,5977,248.5,298.94,50.44,522
5977,5978,66.5,92.27,25.77,764
5978,5979,209.24,246.01,36.77,230
5979,5980,22.29,29.08,6.79,76
5980,5981,103.95,123.68,19.73,719
5981,5982,147.34,165.69,18.35,490
5982,5983,221.47,236.56,15.09,581
5983,5984,137.34,155.86,18.52,276
5984,5985,180.71,224.03,43.32,209
5985,5986,177.28,229.78,52.5,1000
5986,5987,11.9,15.24,3.34,429
5987,5988,168.8,219.55,50.75,723
5988,5989,41.65,56.75,15.1,729
5989,5990,261.75,293.07,31.32,982
5990,5991,44.01,58.5,14.49,85
5991,5992,117.51,121.87,4.36,823
5992,5993,243.01,276.98,33.97,123
5993,5994,29.23,34.11,4.88,73
5994,5995,163.62,193.24,29.62,646
5995,5996,85.15,97.57,12.42,361
5996,5997,88.06,110.92,22.86,445
5997,5998,197.23,200.68,3.45,634
5998,5999,225.34,237.51,12.17,464
5999,6000,111.92,146.29,34.37,318
6000,6001,69.23,76.29,7.06,994
6001,6002,5.85,6.84,0.99,956
6002,6003,92.37,96.13,3.76,629
6003,6004,136.66,180.23,43.57,432
6004,6005,154.61,201.52,46.91,412
6005,6006,37.41,42.8,5.39,320
6006,6007,112.69,124.11,11.42,725
6007,6008,220.45,299.09,78.64,300
6008,6009,104.65,129.64,24.99,891
6009,6010,89.32,100.93,11.61,24
6010,6011,63.46,69.18,5.72,890
6011,6012,107.85,122.48,14.63,25
6012,6013,59.66,67.3,7.64,279
6013,6014,16.11,17.5,1.39,48
6014,6015,192.31,247.62,55.31,467
6015,6016,184.96,213.84,28.88,752
6016,6017,211.97,275.79,63.82,935
6017,6018,4.46,5.98,1.52,510
6018,6019,93.53,121.46,27.93,317
6019,6020,77.4,92.44,15.04,489
6020,6021,124.15,146.24,22.09,329
6021,6022,210.89,259.46,48.57,357
6022,6023,103.14,120.71,17.57,230
6023,6024,14.45,17.11,2.66,488
6024,6025,84.43,104.88,20.45,688
6025,6026,17.93,18.85,0.92,936
6026,6027,79.1,99.34,20.24,395
6027,6028,15.5,17.55,2.05,405
6028,6029,206.73,222.3,15.57,596
6029,6030,160.91,189.52,28.61,51
6030,6031,95.21,106.74,11.53,587
6031,6032,130.1,178.48,48.38,379
6032,6033,198.77,250.71,51.94,226
6033,6034,26.1,35.89,9.79,895
6034,6035,27.82,31.19,3.37,698
6035,6036,17.66,19.08,1.42,973
6036,6037,200.19,274.91,74.72,151
6037,6038,217.73,256.65,38.92,703
6038,6039,90.77,117.65,26.88,42
6039,6040,213.39,294.05,80.66,787
6040,6041,192.08,272.53,80.45,952
6041,6042,130.66,157.28,26.62,677
6042,6043,221.77,294.06,72.29,865
6043,6044,35.25,38.32,3.07,927
6044,6045,213.56,266.56,53.0,872
6045,6046,49.27,57.71,8.44,947
6046,6047,129.13,136.54,7.41,94
6047,6048,59.82,71.54,11.72,125
6048,6049,53.34,64.05,10.71,567
6049,6050,65.4,67.66,2.26,36
6050,6051,147.01,202.13,55.12,880
6051,6052,64.16,83.67,19.51,469
6052,6053,67.3,69.52,2.22,525
6053,6054,26.13,32.25,6.12,790
6054,6055,79.69,105.01,25.32,937
6055,6056,134.63,139.92,5.29,325
6056,6057,269.91,283.19,13.28,70
6057,6058,120.47,138.14,17.67,734
6058,6059,78.89,93.89,15.0,393
6059,6060,72.98,73.78,0.8,322
6060,6061,162.84,196.82,33.98,543
6061,6062,50.84,61.79,10.95,850
6062,6063,219.26,281.7,62.44,246
6063,6064,166.0,201.46,35.46,904
6064,6065,137.63,164.35,26.72,661
6065,6066,118.88,135.46,16.58,139
6066,6067,168.22,194.81,26.59,205
6067,6068,273.06,282.66,9.6,627
6068,6069,268.19,299.83,31.64,435
6069,6070,121.25,124.49,3.24,889
6070,6071,38.83,46.41,7.58,813
6071,6072,154.55,201.84,47.29,186
6072,6073,163.83,180.21,16.38,590
6073,6074,54.14,73.67,19.53,126
6074,6075,234.93,240.49,5.56,932
6075,6076,69.78,90.28,20.5,875
6076,6077,130.04,170.77,40.73,724
6077,6078,11.25,12.12,0.87,444
6078,6079,57.94,58.99,1.05,928
6079,6080,183.6,233.9,50.3,185
6080,6081,43.06,55.83,12.77,192
6081,6082,242.87,247.48,4.61,150
6082,6083,97.55,132.76,35.21,689
6083,6084,142.75,163.13,20.38,315
6084,6085,99.07,125.92,26.85,870
6085,6086,147.7,202.47,54.77,33
6086,6087,199.97,281.24,81.27,241
6087,6088,81.94,96.55,14.61,766
6088,6089,90.13,123.93,33.8,648
6089,6090,50.7,55.85,5.15,633
6090,6091,119.77,145.02,25.25,48
6091,6092,108.65,134.56,25.91,216
6092,6093,200.24,238.34,38.1,131
6093,6094,215.88,254.08,38.2,692
6094,6095,16.66,23.49,6.83,670
6095,6096,195.4,255.84,60.44,518
6096,6097,111.55,136.37,24.82,628
6097,6098,59.62,60.54,0.92,320
6098,6099,191.07,213.93,22.86,284
6099,6100,147.6,176.05,28.45,950
6100,6101,178.06,178.71,0.65,506
6101,6102,154.59,155.91,1.32,831
6102,6103,200.69,209.12,8.43,964
6103,6104,44.38,54.31,9.93,29
6104,6105,204.23,244.21,39.98,94
6105,6106,79.68,92.91,13.23,295
6106,6107,97.79,100.89,3.1,658
6107,6108,4.27,5.02,0.75,519
6108,6109,136.07,147.45,11.38,669
6109,6110,151.01,176.55,25.54,396
6110,6111,134.28,153.64,19.36,180
6111,6112,32.7,34.35,1.65,830
6112,6113,170.82,179.47,8.65,379
6113,6114,166.97,188.91,21.94,261
6114,6115,251.25,289.27,38.02,995
6115,6116,109.79,127.38,17.59,193
6116,6117,216.23,299.67,83.44,503
6117,6118,18.65,19.56,0.91,455
6118,6119,61.44,71.25,9.81,909
6119,6120,231.71,239.65,7.94,139
6120,6121,11.16,12.66,1.5,395
6121,6122,98.11,116.11,18.0,827
6122,6123,119.68,125.48,5.8,998
6123,6124,196.5,251.55,55.05,12
6124,6125,126.93,140.37,13.44,290
6125,6126,25.6,29.96,4.36,541
6126,6127,93.88,131.49,37.61,226
6127,6128,221.52,234.31,12.79,590
6128,6129,12.64,17.65,5.01,157
6129,6130,98.97,136.46,37.49,766
6130,6131,192.53,232.21,39.68,885
6131,6132,255.0,292.67,37.67,76
6132,6133,117.9,146.19,28.29,951
6133,6134,120.03,150.73,30.7,422
6134,6135,83.19,88.11,4.92,118
6135,6136,213.44,219.91,6.47,359
6136,6137,82.97,88.68,5.71,930
6137,6138,240.33,252.67,12.34,614
6138,6139,72.01,74.12,2.11,286
6139,6140,196.82,242.26,45.44,929
6140,6141,147.14,190.69,43.55,660
6141,6142,256.27,298.22,41.95,763
6142,6143,121.08,146.43,25.35,605
6143,6144,261.84,269.57,7.73,732
6144,6145,102.4,129.3,26.9,307
6145,6146,106.27,122.31,16.04,861
6146,6147,163.11,174.61,11.5,728
6147,6148,15.12,16.28,1.16,266
6148,6149,110.48,117.69,7.21,871
6149,6150,175.58,178.25,2.67,742
6150,6151,170.94,191.41,20.47,812
6151,6152,154.78,163.82,9.04,656
6152,6153,7.25,7.98,0.73,878
6153,6154,120.45,146.02,25.57,801
6154,6155,157.77,198.24,40.47,887
6155,6156,27.8,36.89,9.09,523
6156,6157,215.66,231.1,15.44,10
6157,6158,171.0,226.17,55.17,534
6158,6159,99.15,136.88,37.73,113
6159,6160,246.01,258.59,12.58,324
6160,6161,157.44,170.54,13.1,630
6161,6162,154.28,156.04,1.76,219
6162,6163,125.49,138.08,12.59,426
6163,6164,160.56,221.88,61.32,576
6164,6165,180.85,255.87,75.02,789
6165,6166,207.57,287.72,80.15,670
6166,6167,181.18,216.16,34.98,455
6167,6168,60.63,80.83,20.2,376
6168,6169,202.88,217.88,15.0,366
6169,6170,201.28,253.23,51.95,13
6170,6171,128.16,131.31,3.15,724
6171,6172,145.66,185.72,40.06,535
6172,6173,179.86,209.93,30.07,785
6173,6174,147.21,201.14,53.93,24
6174,6175,112.13,144.14,32.01,496
6175,6176,219.68,297.88,78.2,25
6176,6177,33.25,36.14,2.89,877
6177,6178,181.98,228.61,46.63,634
6178,6179,61.21,69.04,7.83,532
6179,6180,114.85,147.51,32.66,820
6180,6181,44.1,46.07,1.97,451
6181,6182,84.89,116.96,32.07,879
6182,6183,110.0,147.98,37.98,599
6183,6184,84.13,118.73,34.6,454
6184,6185,214.78,276.17,61.39,429
6185,6186,50.29,61.83,11.54,694
6186,6187,33.66,37.05,3.39,757
6187,6188,203.85,264.14,60.29,109
6188,6189,206.55,208.37,1.82,652
6189,6190,50.83,53.79,2.96,85
6190,6191,156.9,175.81,18.91,828
6191,6192,12.08,12.59,0.51,90
6192,6193,117.72,128.84,11.12,573
6193,6194,202.12,275.74,73.62,835
6194,6195,234.3,277.59,43.29,324
6195,6196,77.54,87.31,9.77,904
6196,6197,167.21,175.99,8.78,256
6197,6198,118.24,126.09,7.85,119
6198,6199,238.29,258.47,20.18,576
6199,6200,201.22,214.45,13.23,890
6200,6201,56.37,66.76,10.39,791
6201,6202,209.73,245.28,35.55,376
6202,6203,143.46,167.33,23.87,620
6203,6204,46.96,58.51,11.55,541
6204,6205,228.1,275.62,47.52,976
6205,6206,150.08,160.56,10.48,75
6206,6207,61.99,63.84,1.85,297
6207,6208,193.77,200.29,6.52,535
6208,6209,10.29,14.12,3.83,654
6209,6210,113.99,159.66,45.67,509
6210,6211,250.27,279.97,29.7,343
6211,6212,141.73,147.06,5.33,238
6212,6213,166.7,218.59,51.89,96
6213,6214,90.94,121.94,31.0,473
6214,6215,199.11,278.03,78.92,332
6215,6216,103.51,132.18,28.67,112
6216,6217,124.22,168.29,44.07,955
6217,6218,165.47,174.74,9.27,690
6218,6219,25.74,31.32,5.58,555
6219,6220,162.1,201.91,39.81,745
6220,6221,255.08,258.42,3.34,975
6221,6222,151.71,154.68,2.97,315
6222,6223,110.64,146.65,36.01,61
6223,6224,104.68,113.48,8.8,988
6224,6225,77.58,94.32,16.74,873
6225,6226,11.79,16.32,4.53,894
6226,6227,7.28,7.81,0.53,226
6227,6228,28.96,36.96,8.0,510
6228,6229,107.27,145.08,37.81,114
6229,6230,32.13,41.08,8.95,862
6230,6231,149.21,151.69,2.48,811
6231,6232,36.52,41.17,4.65,515
6232,6233,81.81,97.25,15.44,290
6233,6234,68.72,75.51,6.79,111
6234,6235,115.5,157.34,41.84,554
6235,6236,150.77,192.06,41.29,308
6236,6237,103.37,131.07,27.7,17
6237,6238,208.23,237.91,29.68,453
6238,6239,196.71,198.47,1.76,587
6239,6240,223.28,269.17,45.89,610
6240,6241,71.63,97.34,25.71,631
6241,6242,223.22,296.63,73.41,541
6242,6243,23.05,28.23,5.18,646
6243,6244,257.31,298.28,40.97,982
6244,6245,34.01,36.88,2.87,777
6245,6246,254.21,255.0,0.79,198
6246,6247,78.61,83.91,5.3,303
6247,6248,50.29,60.14,9.85,909
6248,6249,102.44,144.24,41.8,821
6249,6250,31.07,36.21,5.14,985
6250,6251,133.82,166.52,32.7,652
6251,6252,80.46,106.19,25.73,767
6252,6253,57.41,58.4,0.99,861
6253,6254,215.47,231.38,15.91,477
6254,6255,175.44,195.29,19.85,399
6255,6256,153.93,185.28,31.35,341
6256,6257,208.09,296.02,87.93,359
6257,6258,97.95,128.59,30.64,425
6258,6259,197.79,247.35,49.56,557
6259,6260,199.8,211.61,11.81,998
6260,6261,76.16,101.09,24.93,451
6261,6262,136.06,178.33,42.27,857
6262,6263,25.67,31.77,6.1,958
6263,6264,30.81,36.12,5.31,86
6264,6265,173.08,204.7,31.62,915
6265,6266,197.63,266.94,69.31,854
6266,6267,210.75,293.02,82.27,901
6267,6268,121.97,125.98,4.01,547
6268,6269,61.16,74.1,12.94,995
6269,6270,79.54,104.38,24.84,438
6270,6271,20.53,24.06,3.53,220
6271,6272,59.16,70.45,11.29,377
6272,6273,16.03,20.29,4.26,899
6273,6274,242.83,296.11,53.28,703
6274,6275,203.26,253.96,50.7,967
6275,6276,77.38,104.72,27.34,702
6276,6277,103.02,109.53,6.51,45
6277,6278,204.15,269.68,65.53,460
6278,6279,163.94,165.16,1.22,612
6279,6280,167.78,178.57,10.79,583
6280,6281,142.75,184.12,41.37,498
6281,6282,217.48,273.08,55.6,89
6282,6283,211.94,274.61,62.67,109
6283,6284,186.1,217.31,31.21,941
6284,6285,68.65,93.51,24.86,239
6285,6286,41.31,58.31,17.0,296
6286,6287,41.68,48.36,6.68,936
6287,6288,213.05,251.08,38.03,323
6288,6289,239.65,289.89,50.24,658
6289,6290,90.74,121.62,30.88,959
6290,6291,56.57,75.41,18.84,665
6291,6292,139.67,140.2,0.53,650
6292,6293,7.63,8.87,1.24,433
6293,6294,25.57,34.78,9.21,969
6294,6295,29.85,30.46,0.61,430
6295,6296,144.56,148.81,4.25,412
6296,6297,46.86,49.45,2.59,113
6297,6298,242.86,274.69,31.83,812
6298,6299,8.51,9.84,1.33,865
6299,6300,173.94,201.24,27.3,809
6300,6301,183.64,189.61,5.97,620
6301,6302,223.03,230.05,7.02,620
6302,6303,197.62,260.76,63.14,873
6303,6304,187.63,224.37,36.74,800
6304,6305,254.18,279.46,25.28,217
6305,6306,192.28,237.93,45.65,899
6306,6307,99.73,106.96,7.23,293
6307,6308,213.46,217.95,4.49,741
6308,6309,240.99,255.16,14.17,516
6309,6310,188.29,208.84,20.55,772
6310,6311,161.83,167.45,5.62,776
6311,6312,183.65,199.41,15.76,51
6312,6313,224.68,280.57,55.89,392
6313,6314,30.27,39.94,9.67,282
6314,6315,72.73,80.29,7.56,676
6315,6316,186.12,188.92,2.8,122
6316,6317,186.41,210.98,24.57,800
6317,6318,9.41,10.86,1.45,375
6318,6319,219.37,247.46,28.09,870
6319,6320,123.24,135.46,12.22,293
6320,6321,5.43,6.81,1.38,485
6321,6322,181.03,235.56,54.53,966
6322,6323,99.72,141.13,41.41,237
6323,6324,143.81,171.4,27.59,206
6324,6325,110.17,128.66,18.49,365
6325,6326,101.93,105.23,3.3,785
6326,6327,220.62,279.94,59.32,657
6327,6328,222.33,290.07,67.74,157
6328,6329,34.32,35.67,1.35,318
6329,6330,163.31,184.5,21.19,327
6330,6331,230.95,245.37,14.42,220
6331,6332,222.95,235.3,12.35,467
6332,6333,62.11,82.84,20.73,750
6333,6334,64.86,88.11,23.25,129
6334,6335,33.83,34.51,0.68,733
6335,6336,92.69,105.79,13.1,504
6336,6337,78.74,89.39,10.65,169
6337,6338,227.23,260.46,33.23,824
6338,6339,109.6,111.78,2.18,898
6339,6340,104.76,127.14,22.38,39
6340,6341,131.43,139.43,8.0,692
6341,6342,33.52,41.5,7.98,954
6342,6343,122.43,123.86,1.43,725
6343,6344,32.99,37.01,4.02,338
6344,6345,195.74,255.99,60.25,459
6345,6346,202.52,230.35,27.83,962
6346,6347,115.11,146.32,31.21,161
6347,6348,52.71,54.95,2.24,774
6348,6349,125.11,177.01,51.9,186
6349,6350,230.05,269.72,39.67,177
6350,6351,121.65,166.43,44.78,612
6351,6352,119.91,146.2,26.29,695
6352,6353,233.05,262.73,29.68,10
6353,6354,143.84,177.49,33.65,564
6354,6355,111.51,149.54,38.03,449
6355,6356,5.33,7.53,2.2,325
6356,6357,223.57,235.16,11.59,814
6357,6358,50.95,58.75,7.8,138
6358,6359,16.88,22.25,5.37,989
6359,6360,230.15,291.8,61.65,778
6360,6361,74.01,103.69,29.68,37
6361,6362,181.66,195.11,13.45,786
6362,6363,238.66,274.15,35.49,793
6363,6364,117.73,125.32,7.59,425
6364,6365,46.96,56.92,9.96,239
6365,6366,93.98,133.03,39.05,597
6366,6367,6.65,9.01,2.36,68
6367,6368,132.01,157.22,25.21,199
6368,6369,96.38,117.83,21.45,849
6369,6370,159.51,173.54,14.03,843
6370,6371,48.61,57.84,9.23,899
6371,6372,66.73,83.74,17.01,270
6372,6373,211.21,265.89,54.68,339
6373,6374,20.98,29.66,8.68,313
6374,6375,189.75,220.86,31.11,24
6375,6376,76.3,101.28,24.98,322
6376,6377,80.24,105.56,25.32,963
6377,6378,58.26,60.89,2.63,435
6378,6379,183.19,261.54,78.35,227
6379,6380,115.87,124.96,9.09,161
6380,6381,82.88,88.0,5.12,56
6381,6382,154.31,159.35,5.04,761
6382,6383,183.94,227.04,43.1,524
6383,6384,249.67,295.85,46.18,878
6384,6385,70.68,93.0,22.32,649
6385,6386,93.82,95.89,2.07,430
6386,6387,171.01,213.9,42.89,496
6387,6388,86.87,113.89,27.02,291
6388,6389,246.06,257.26,11.2,792
6389,6390,128.95,161.94,32.99,852
6390,6391,156.07,186.1,30.03,117
6391,6392,71.74,79.36,7.62,107
6392,6393,259.65,283.56,23.91,348
6393,6394,206.76,220.21,13.45,419
6394,6395,207.35,213.86,6.51,503
6395,6396,90.5,100.79,10.29,60
6396,6397,219.61,223.13,3.52,258
6397,6398,234.59,237.53,2.94,79
6398,6399,173.26,244.26,71.0,549
6399,6400,217.56,247.97,30.41,553
6400,6401,126.72,169.02,42.3,449
6401,6402,151.28,209.43,58.15,887
6402,6403,233.37,265.64,32.27,977
6403,6404,35.2,39.43,4.23,786
6404,6405,282.55,290.91,8.36,778
6405,6406,126.03,131.62,5.59,219
6406,6407,15.76,19.27,3.51,769
6407,6408,163.68,170.26,6.58,411
6408,6409,146.7,153.51,6.81,729
6409,6410,27.56,39.05,11.49,851
6410,6411,94.07,127.12,33.05,283
6411,6412,164.7,211.67,46.97,48
6412,6413,212.14,291.4,79.26,255
6413,6414,290.69,299.66,8.97,469
6414,6415,144.82,161.7,16.88,66
6415,6416,50.8,70.34,19.54,675
6416,6417,247.49,272.45,24.96,332
6417,6418,27.74,29.13,1.39,398
6418,6419,142.46,188.27,45.81,341
6419,6420,157.39,179.45,22.06,53
6420,6421,106.13,121.98,15.85,139
6421,6422,101.41,126.46,25.05,623
6422,6423,136.46,176.51,40.05,420
6423,6424,9.06,9.64,0.58,657
6424,6425,77.35,93.21,15.86,664
6425,6426,161.36,221.58,60.22,811
6426,6427,158.68,212.39,53.71,288
6427,6428,174.56,187.36,12.8,178
6428,6429,129.18,179.44,50.26,250
6429,6430,96.78,133.42,36.64,589
6430,6431,75.68,77.31,1.63,311
6431,6432,246.8,289.2,42.4,547
6432,6433,89.92,102.75,12.83,670
6433,6434,223.73,287.83,64.1,414
6434,6435,231.09,240.52,9.43,672
6435,6436,39.62,52.84,13.22,908
6436,6437,236.07,275.89,39.82,120
6437,6438,54.98,65.18,10.2,518
6438,6439,189.56,245.81,56.25,656
6439,6440,61.58,66.58,5.0,479
6440,6441,154.59,156.78,2.19,799
6441,6442,40.53,45.35,4.82,890
6442,6443,13.55,15.92,2.37,361
6443,6444,253.21,297.14,43.93,232
6444,6445,195.68,233.26,37.58,610
6445,6446,106.36,129.66,23.3,553
6446,6447,226.71,232.25,5.54,639
6447,6448,164.56,169.99,5.43,363
6448,6449,170.4,178.82,8.42,373
6449,6450,241.7,250.65,8.95,697
6450,6451,157.6,174.66,17.06,349
6451,6452,196.26,217.71,21.45,115
6452,6453,212.85,288.94,76.09,119
6453,6454,267.91,289.31,21.4,864
6454,6455,46.28,65.61,19.33,584
6455,6456,77.75,91.08,13.33,767
6456,6457,248.66,259.75,11.09,984
6457,6458,129.18,172.77,43.59,97
6458,6459,171.43,226.4,54.97,171
6459,6460,119.73,132.32,12.59,437
6460,6461,14.96,16.31,1.35,24
6461,6462,143.81,170.04,26.23,155
6462,6463,162.56,200.76,38.2,95
6463,6464,208.11,235.57,27.46,766
6464,6465,146.63,174.04,27.41,278
6465,6466,124.25,138.97,14.72,729
6466,6467,85.21,86.75,1.54,602
6467,6468,139.37,142.49,3.12,252
6468,6469,182.35,213.52,31.17,906
6469,6470,245.23,280.02,34.79,364
6470,6471,167.2,201.34,34.14,150
6471,6472,88.03,124.29,36.26,157
6472,6473,195.23,236.38,41.15,115
6473,6474,94.6,103.22,8.62,891
6474,6475,173.77,190.84,17.07,578
6475,6476,46.83,51.07,4.24,387
6476,6477,15.45,21.67,6.22,588
6477,6478,125.1,133.22,8.12,226
6478,6479,224.39,296.89,72.5,342
6479,6480,264.89,299.65,34.76,914
6480,6481,3.67,5.1,1.43,371
6481,6482,165.41,202.34,36.93,59
6482,6483,48.14,54.75,6.61,644
6483,6484,61.47,80.5,19.03,915
6484,6485,177.58,201.91,24.33,226
6485,6486,148.17,184.34,36.17,127
6486,6487,251.64,253.63,1.99,155
6487,6488,112.08,148.09,36.01,296
6488,6489,82.78,94.57,11.79,176
6489,6490,233.64,263.95,30.31,342
6490,6491,56.63,75.53,18.9,563
6491,6492,101.37,143.17,41.8,163
6492,6493,148.74,174.0,25.26,796
6493,6494,132.79,149.42,16.63,230
6494,6495,211.62,254.15,42.53,880
6495,6496,249.89,279.74,29.85,429
6496,6497,231.24,263.52,32.28,228
6497,6498,151.17,211.88,60.71,913
6498,6499,30.54,35.73,5.19,518
6499,6500,212.92,218.48,5.56,371
6500,6501,100.32,123.79,23.47,619
6501,6502,51.4,57.33,5.93,334
6502,6503,161.74,210.33,48.59,474
6503,6504,232.07,270.7,38.63,570
6504,6505,144.06,178.06,34.0,715
6505,6506,253.98,272.43,18.45,741
6506,6507,157.68,223.93,66.25,549
6507,6508,252.99,287.26,34.27,584
6508,6509,200.22,235.74,35.52,18
6509,6510,15.89,18.29,2.4,193
6510,6511,62.6,72.43,9.83,119
6511,6512,32.38,35.1,2.72,885
6512,6513,254.49,259.88,5.39,893
6513,6514,90.43,112.78,22.35,850
6514,6515,87.3,106.84,19.54,909
6515,6516,138.6,143.92,5.32,721
6516,6517,23.84,26.64,2.8,384
6517,6518,182.35,187.7,5.35,680
6518,6519,142.1,169.27,27.17,571
6519,6520,102.62,111.5,8.88,489
6520,6521,213.23,270.88,57.65,353
6521,6522,94.73,114.21,19.48,181
6522,6523,205.42,266.63,61.21,262
6523,6524,111.04,131.52,20.48,867
6524,6525,127.87,147.64,19.77,875
6525,6526,114.74,138.0,23.26,934
6526,6527,225.86,227.7,1.84,764
6527,6528,239.22,299.11,59.89,495
6528,6529,206.13,235.67,29.54,192
6529,6530,211.63,246.73,35.1,842
6530,6531,55.23,56.43,1.2,756
6531,6532,250.78,262.13,11.35,384
6532,6533,166.06,227.73,61.67,461
6533,6534,131.87,157.45,25.58,200
6534,6535,204.4,256.96,52.56,778
6535,6536,130.85,179.64,48.79,456
6536,6537,17.84,18.82,0.98,727
6537,6538,101.07,121.93,20.86,772
6538,6539,190.51,223.32,32.81,833
6539,6540,101.14,138.45,37.31,28
6540,6541,172.42,216.04,43.62,587
6541,6542,15.14,21.37,6.23,885
6542,6543,75.9,83.95,8.05,266
6543,6544,246.71,288.52,41.81,293
6544,6545,69.01,70.2,1.19,417
6545,6546,33.18,38.77,5.59,480
6546,6547,20.71,28.11,7.4,114
6547,6548,172.93,192.67,19.74,376
6548,6549,55.61,78.42,22.81,728
6549,6550,39.72,53.81,14.09,244
6550,6551,149.6,156.29,6.69,543
6551,6552,165.27,212.62,47.35,578
6552,6553,124.38,127.97,3.59,484
6553,6554,74.75,80.96,6.21,731
6554,6555,186.47,211.87,25.4,480
6555,6556,150.51,170.63,20.12,568
6556,6557,74.72,92.41,17.69,201
6557,6558,45.99,65.17,19.18,942
6558,6559,149.47,176.08,26.61,318
6559,6560,13.42,15.67,2.25,388
6560,6561,159.81,170.07,10.26,600
6561,6562,224.11,287.23,63.12,995
6562,6563,167.88,225.43,57.55,387
6563,6564,146.97,204.98,58.01,151
6564,6565,27.45,31.63,4.18,465
6565,6566,88.31,118.6,30.29,631
6566,6567,24.12,30.09,5.97,17
6567,6568,265.18,286.87,21.69,348
6568,6569,130.63,151.35,20.72,276
6569,6570,176.68,193.71,17.03,327
6570,6571,218.22,244.9,26.68,114
6571,6572,227.37,247.05,19.68,323
6572,6573,256.43,257.01,0.58,947
6573,6574,57.17,79.68,22.51,919
6574,6575,23.05,30.82,7.77,527
6575,6576,85.51,95.35,9.84,837
6576,6577,32.16,37.68,5.52,921
6577,6578,262.23,293.02,30.79,308
6578,6579,259.58,263.26,3.68,320
6579,6580,254.69,281.13,26.44,645
6580,6581,54.93,71.94,17.01,652
6581,6582,7.88,10.32,2.44,650
6582,6583,107.69,136.07,28.38,796
6583,6584,40.14,55.89,15.75,747
6584,6585,209.93,261.19,51.26,276
6585,6586,165.56,189.36,23.8,528
6586,6587,22.08,27.14,5.06,734
6587,6588,281.77,292.96,11.19,806
6588,6589,129.14,174.82,45.68,531
6589,6590,114.54,128.69,14.15,416
6590,6591,269.69,287.08,17.39,15
6591,6592,165.97,170.51,4.54,759
6592,6593,99.86,141.88,42.02,632
6593,6594,132.77,149.85,17.08,511
6594,6595,67.21,74.63,7.42,533
6595,6596,183.47,261.67,78.2,540
6596,6597,211.46,282.84,71.38,459
6597,6598,117.73,151.34,33.61,154
6598,6599,87.64,89.33,1.69,253
6599,6600,138.71,160.81,22.1,653
6600,6601,164.81,184.23,19.42,355
6601,6602,49.98,67.65,17.67,153
6602,6603,81.78,83.89,2.11,177
6603,6604,107.35,115.29,7.94,357
6604,6605,5.59,7.9,2.31,163
6605,6606,230.65,266.19,35.54,332
6606,6607,20.09,27.25,7.16,68
6607,6608,130.53,152.0,21.47,304
6608,6609,191.23,225.77,34.54,44
6609,6610,173.81,226.56,52.75,866
6610,6611,47.69,50.4,2.71,871
6611,6612,218.23,271.07,52.84,26
6612,6613,45.69,51.5,5.81,565
6613,6614,174.41,176.8,2.39,433
6614,6615,57.09,69.14,12.05,567
6615,6616,31.29,33.97,2.68,835
6616,6617,36.99,41.79,4.8,956
6617,6618,137.35,183.22,45.87,442
6618,6619,46.33,52.77,6.44,374
6619,6620,127.88,150.53,22.65,983
6620,6621,192.25,194.87,2.62,533
6621,6622,210.0,271.63,61.63,95
6622,6623,179.81,241.64,61.83,200
6623,6624,207.34,294.66,87.32,570
6624,6625,197.08,268.54,71.46,388
6625,6626,61.1,61.66,0.56,176
6626,6627,95.99,132.67,36.68,934
6627,6628,112.93,117.76,4.83,519
6628,6629,73.91,97.94,24.03,898
6629,6630,90.82,114.85,24.03,197
6630,6631,222.85,267.77,44.92,533
6631,6632,137.29,144.67,7.38,685
6632,6633,69.76,76.33,6.57,404
6633,6634,20.23,25.88,5.65,108
6634,6635,129.27,153.67,24.4,528
6635,6636,154.5,181.76,27.26,824
6636,6637,138.25,141.31,3.06,476
6637,6638,24.32,30.91,6.59,895
6638,6639,125.48,133.95,8.47,520
6639,6640,140.8,193.98,53.18,337
6640,6641,185.59,251.18,65.59,215
6641,6642,154.6,162.53,7.93,197
6642,6643,165.75,222.19,56.44,227
6643,6644,190.1,221.85,31.75,184
6644,6645,68.77,72.37,3.6,496
6645,6646,200.91,279.0,78.09,12
6646,6647,259.13,283.37,24.24,840
6647,6648,10.55,13.89,3.34,210
6648,6649,116.95,142.13,25.18,952
6649,6650,6.02,8.22,2.2,995
6650,6651,31.78,37.55,5.77,631
6651,6652,148.96,152.52,3.56,858
6652,6653,132.4,142.73,10.33,183
6653,6654,195.69,240.01,44.32,692
6654,6655,50.11,62.29,12.18,596
6655,6656,163.55,181.83,18.28,183
6656,6657,141.43,161.05,19.62,424
6657,6658,148.25,168.95,20.7,141
6658,6659,214.36,277.48,63.12,899
6659,6660,80.3,110.4,30.1,415
6660,6661,23.8,31.54,7.74,332
6661,6662,128.37,138.64,10.27,257
6662,6663,118.22,125.14,6.92,277
6663,6664,90.86,117.94,27.08,646
6664,6665,169.34,231.67,62.33,105
6665,6666,255.05,292.46,37.41,553
6666,6667,68.71,70.11,1.4,549
6667,6668,22.58,23.4,0.82,307
6668,6669,135.53,177.85,42.32,581
6669,6670,181.3,230.54,49.24,589
6670,6671,201.49,232.93,31.44,649
6671,6672,72.44,73.69,1.25,540
6672,6673,65.55,86.59,21.04,132
6673,6674,62.92,68.75,5.83,313
6674,6675,21.85,25.71,3.86,626
6675,6676,14.74,18.0,3.26,377
6676,6677,226.85,276.34,49.49,332
6677,6678,13.22,18.61,5.39,383
6678,6679,120.65,124.18,3.53,714
6679,6680,190.85,260.06,69.21,357
6680,6681,261.78,273.17,11.39,177
6681,6682,56.04,75.28,19.24,464
6682,6683,105.65,122.97,17.32,200
6683,6684,170.23,202.65,32.42,150
6684,6685,278.4,285.92,7.52,322
6685,6686,239.52,287.58,48.06,661
6686,6687,79.21,95.44,16.23,268
6687,6688,240.66,257.62,16.96,547
6688,6689,244.43,252.18,7.75,59
6689,6690,120.35,145.72,25.37,990
6690,6691,96.02,136.07,40.05,259
6691,6692,244.2,286.38,42.18,514
6692,6693,176.34,225.33,48.99,46
6693,6694,211.8,285.52,73.72,559
6694,6695,22.37,28.26,5.89,235
6695,6696,179.03,250.9,71.87,89
6696,6697,19.56,22.64,3.08,40
6697,6698,194.2,212.27,18.07,776
6698,6699,254.11,282.12,28.01,837
6699,6700,178.89,188.32,9.43,533
6700,6701,3.77,5.26,1.49,274
6701,6702,141.58,147.1,5.52,970
6702,6703,120.35,168.18,47.83,506
6703,6704,298.56,299.07,0.51,169
6704,6705,24.98,31.48,6.5,443
6705,6706,83.26,90.82,7.56,389
6706,6707,12.14,12.78,0.64,834
6707,6708,41.55,45.63,4.08,407
6708,6709,147.36,174.86,27.5,568
6709,6710,102.37,110.04,7.67,428
6710,6711,16.72,18.34,1.62,140
6711,6712,138.73,176.7,37.97,679
6712,6713,42.33,44.93,2.6,107
6713,6714,265.6,279.91,14.31,120
6714,6715,13.67,16.03,2.36,303
6715,6716,55.2,70.89,15.69,792
6716,6717,7.96,8.94,0.98,728
6717,6718,131.7,134.8,3.1,548
6718,6719,173.02,195.84,22.82,276
6719,6720,233.35,294.98,61.63,679
6720,6721,212.4,239.75,27.35,284
6721,6722,279.12,294.41,15.29,801
6722,6723,182.33,210.3,27.97,852
6723,6724,172.98,186.61,13.63,407
6724,6725,257.34,272.24,14.9,359
6725,6726,214.59,286.18,71.59,606
6726,6727,112.84,153.65,40.81,632
6727,6728,229.51,241.7,12.19,68
6728,6729,79.01,102.54,23.53,178
6729,6730,76.95,84.02,7.07,63
6730,6731,54.5,56.92,2.42,192
6731,6732,97.92,106.4,8.48,816
6732,6733,117.58,161.02,43.44,554
6733,6734,227.08,294.69,67.61,114
6734,6735,159.59,200.59,41.0,153
6735,6736,41.83,47.99,6.16,837
6736,6737,174.79,247.68,72.89,704
6737,6738,215.2,243.64,28.44,292
6738,6739,225.47,234.36,8.89,377
6739,6740,190.36,232.52,42.16,561
6740,6741,58.7,69.04,10.34,210
6741,6742,242.41,290.0,47.59,398
6742,6743,31.2,38.07,6.87,340
6743,6744,68.3,92.61,24.31,65
6744,6745,32.41,33.59,1.18,330
6745,6746,151.57,167.86,16.29,610
6746,6747,27.13,34.32,7.19,35
6747,6748,171.75,188.52,16.77,234
6748,6749,166.73,181.08,14.35,451
6749,6750,132.74,173.68,40.94,199
6750,6751,22.0,29.69,7.69,814
6751,6752,84.65,94.63,9.98,314
6752,6753,82.79,117.84,35.05,568
6753,6754,110.3,151.05,40.75,136
6754,6755,54.51,56.6,2.09,855
6755,6756,136.91,192.18,55.27,366
6756,6757,97.91,108.65,10.74,128
6757,6758,16.78,18.47,1.69,855
6758,6759,78.37,102.79,24.42,472
6759,6760,159.09,167.63,8.54,531
6760,6761,6.47,7.05,0.58,482
6761,6762,95.72,102.39,6.67,357
6762,6763,41.8,57.03,15.23,575
6763,6764,68.64,83.26,14.62,855
6764,6765,18.48,20.59,2.11,599
6765,6766,106.67,132.61,25.94,438
6766,6767,101.83,117.67,15.84,396
6767,6768,109.09,122.65,13.56,292
6768,6769,238.48,290.65,52.17,844
6769,6770,41.93,46.03,4.1,426
6770,6771,20.94,24.39,3.45,512
6771,6772,239.21,289.79,50.58,386
6772,6773,54.69,67.7,13.01,879
6773,6774,211.18,282.04,70.86,288
6774,6775,56.85,79.7,22.85,540
6775,6776,274.96,293.76,18.8,608
6776,6777,205.28,222.39,17.11,418
6777,6778,253.78,287.75,33.97,190
6778,6779,65.32,80.06,14.74,453
6779,6780,147.48,196.9,49.42,877
6780,6781,46.32,60.65,14.33,871
6781,6782,48.29,53.27,4.98,106
6782,6783,160.7,178.7,18.0,205
6783,6784,76.14,85.76,9.62,815
6784,6785,19.42,24.33,4.91,473
6785,6786,142.29,155.41,13.12,216
6786,6787,89.61,126.38,36.77,52
6787,6788,154.67,161.43,6.76,324
6788,6789,69.09,98.58,29.49,673
6789,6790,123.78,142.15,18.37,210
6790,6791,76.0,103.09,27.09,527
6791,6792,105.99,146.12,40.13,586
6792,6793,34.26,39.22,4.96,873
6793,6794,76.19,79.75,3.56,817
6794,6795,227.83,230.03,2.2,690
6795,6796,135.33,160.95,25.62,170
6796,6797,190.08,255.0,64.92,439
6797,6798,182.47,212.32,29.85,204
6798,6799,176.71,221.64,44.93,544
6799,6800,249.38,258.5,9.12,36
6800,6801,118.53,128.54,10.01,698
6801,6802,91.98,115.64,23.66,621
6802,6803,63.46,71.09,7.63,70
6803,6804,225.99,274.39,48.4,116
6804,6805,237.61,245.9,8.29,472
6805,6806,89.18,98.83,9.65,269
6806,6807,92.55,119.4,26.85,686
6807,6808,121.97,140.34,18.37,790
6808,6809,209.35,246.21,36.86,164
6809,6810,129.06,153.26,24.2,686
6810,6811,156.39,192.28,35.89,155
6811,6812,103.76,143.08,39.32,616
6812,6813,81.07,84.37,3.3,944
6813,6814,125.48,140.73,15.25,548
6814,6815,268.62,285.44,16.82,412
6815,6816,93.93,123.82,29.89,96
6816,6817,112.72,144.1,31.38,388
6817,6818,281.71,299.49,17.78,82
6818,6819,185.52,187.18,1.66,493
6819,6820,164.1,211.28,47.18,842
6820,6821,66.11,85.54,19.43,372
6821,6822,31.22,42.57,11.35,796
6822,6823,93.32,113.64,20.32,320
6823,6824,209.59,229.83,20.24,850
6824,6825,62.94,64.81,1.87,934
6825,6826,179.51,238.33,58.82,437
6826,6827,62.13,68.87,6.74,367
6827,6828,254.53,255.47,0.94,182
6828,6829,255.87,298.96,43.09,603
6829,6830,67.17,89.28,22.11,689
6830,6831,255.49,279.22,23.73,776
6831,6832,146.0,160.64,14.64,551
6832,6833,209.06,253.55,44.49,349
6833,6834,138.24,163.44,25.2,50
6834,6835,101.18,122.48,21.3,476
6835,6836,157.34,190.76,33.42,413
6836,6837,145.88,186.74,40.86,552
6837,6838,186.32,226.22,39.9,49
6838,6839,158.11,164.6,6.49,50
6839,6840,202.56,205.06,2.5,375
6840,6841,32.99,38.5,5.51,169
6841,6842,118.9,155.81,36.91,652
6842,6843,157.42,179.04,21.62,375
6843,6844,212.7,236.5,23.8,372
6844,6845,143.52,154.22,10.7,955
6845,6846,92.42,95.05,2.63,870
6846,6847,20.52,24.48,3.96,474
6847,6848,97.26,132.37,35.11,772
6848,6849,61.25,82.36,21.11,625
6849,6850,71.74,73.38,1.64,662
6850,6851,145.66,155.11,9.45,362
6851,6852,45.77,62.66,16.89,54
6852,6853,31.18,33.63,2.45,411
6853,6854,60.03,82.07,22.04,803
6854,6855,146.87,200.19,53.32,418
6855,6856,58.23,69.18,10.95,398
6856,6857,240.46,275.92,35.46,523
6857,6858,260.01,269.31,9.3,453
6858,6859,153.93,159.01,5.08,534
6859,6860,218.73,299.55,80.82,674
6860,6861,210.38,266.76,56.38,625
6861,6862,113.31,126.39,13.08,277
6862,6863,195.84,198.06,2.22,151
6863,6864,207.45,220.51,13.06,612
6864,6865,208.06,285.65,77.59,816
6865,6866,105.37,130.1,24.73,431
6866,6867,232.57,236.29,3.72,106
6867,6868,55.15,58.54,3.39,463
6868,6869,81.29,90.51,9.22,947
6869,6870,173.4,202.7,29.3,356
6870,6871,24.46,26.4,1.94,327
6871,6872,159.16,213.01,53.85,329
6872,6873,119.01,120.82,1.81,641
6873,6874,261.65,278.66,17.01,240
6874,6875,55.8,58.48,2.68,104
6875,6876,253.12,262.73,9.61,418
6876,6877,30.23,41.33,11.1,903
6877,6878,168.87,227.48,58.61,186
6878,6879,65.88,75.13,9.25,123
6879,6880,30.6,31.6,1.0,59
6880,6881,35.25,39.35,4.1,919
6881,6882,213.33,242.88,29.55,959
6882,6883,91.74,123.1,31.36,186
6883,6884,236.92,297.48,60.56,495
6884,6885,25.55,26.75,1.2,480
6885,6886,78.86,106.0,27.14,903
6886,6887,249.92,265.73,15.81,640
6887,6888,33.78,45.73,11.95,48
6888,6889,50.11,52.95,2.84,925
6889,6890,133.81,168.53,34.72,625
6890,6891,6.96,8.33,1.37,257
6891,6892,249.87,297.74,47.87,68
6892,6893,136.96,152.49,15.53,411
6893,6894,208.85,227.76,18.91,295
6894,6895,181.87,251.9,70.03,941
6895,6896,161.02,220.79,59.77,527
6896,6897,197.6,235.34,37.74,991
6897,6898,200.85,206.81,5.96,407
6898,6899,38.34,42.13,3.79,308
6899,6900,48.15,50.6,2.45,387
6900,6901,37.43,44.16,6.73,838
6901,6902,215.18,282.73,67.55,428
6902,6903,9.01,10.41,1.4,689
6903,6904,228.05,237.97,9.92,755
6904,6905,202.51,267.81,65.3,773
6905,6906,123.35,140.36,17.01,139
6906,6907,64.33,76.77,12.44,821
6907,6908,186.27,217.74,31.47,409
6908,6909,192.61,237.24,44.63,858
6909,6910,120.84,136.05,15.21,795
6910,6911,214.93,292.87,77.94,565
6911,6912,99.64,108.49,8.85,821
6912,6913,139.25,188.02,48.77,284
6913,6914,4.75,5.72,0.97,21
6914,6915,84.91,111.27,26.36,798
6915,6916,96.24,97.2,0.96,624
6916,6917,260.07,286.89,26.82,64
6917,6918,178.42,242.42,64.0,229
6918,6919,229.24,259.64,30.4,442
6919,6920,195.11,257.69,62.58,426
6920,6921,228.83,229.6,0.77,898
6921,6922,83.28,87.61,4.33,903
6922,6923,60.55,78.86,18.31,790
6923,6924,86.85,88.39,1.54,289
6924,6925,128.29,132.03,3.74,620
6925,6926,36.15,43.21,7.06,799
6926,6927,48.46,62.18,13.72,266
6927,6928,8.89,9.72,0.83,997
6928,6929,83.29,92.2,8.91,435
6929,6930,245.95,273.38,27.43,66
6930,6931,84.7,101.97,17.27,154
6931,6932,237.46,297.32,59.86,311
6932,6933,155.94,170.84,14.9,272
6933,6934,189.41,216.26,26.85,955
6934,6935,225.02,279.43,54.41,207
6935,6936,170.23,206.66,36.43,754
6936,6937,227.87,248.34,20.47,989
6937,6938,197.48,276.09,78.61,40
6938,6939,33.75,39.81,6.06,343
6939,6940,209.92,252.48,42.56,912
6940,6941,143.47,191.32,47.85,841
6941,6942,263.95,284.74,20.79,740
6942,6943,73.91,76.38,2.47,695
6943,6944,219.27,266.72,47.45,746
6944,6945,149.67,180.36,30.69,565
6945,6946,181.38,252.94,71.56,448
6946,6947,78.14,78.64,0.5,904
6947,6948,163.76,233.87,70.11,821
6948,6949,213.53,226.56,13.03,135
6949,6950,74.05,94.32,20.27,37
6950,6951,198.92,201.59,2.67,739
6951,6952,127.46,145.36,17.9,928
6952,6953,102.36,115.07,12.71,444
6953,6954,217.8,241.04,23.24,164
6954,6955,121.7,136.24,14.54,420
6955,6956,20.51,21.07,0.56,35
6956,6957,194.98,236.88,41.9,53
6957,6958,91.74,128.03,36.29,884
6958,6959,114.04,159.25,45.21,522
6959,6960,171.18,214.84,43.66,405
6960,6961,49.49,56.93,7.44,759
6961,6962,254.8,275.33,20.53,425
6962,6963,73.67,89.96,16.29,251
6963,6964,189.41,261.31,71.9,778
6964,6965,286.35,296.13,9.78,417
6965,6966,170.73,172.12,1.39,94
6966,6967,184.09,188.1,4.01,530
6967,6968,136.48,174.74,38.26,547
6968,6969,217.61,279.78,62.17,89
6969,6970,155.58,214.39,58.81,578
6970,6971,218.85,228.12,9.27,41
6971,6972,203.08,241.1,38.02,716
6972,6973,150.67,188.1,37.43,53
6973,6974,231.25,288.11,56.86,68
6974,6975,229.14,243.82,14.68,849
6975,6976,221.02,240.28,19.26,918
6976,6977,43.81,54.83,11.02,81
6977,6978,191.69,217.35,25.66,682
6978,6979,89.95,105.43,15.48,761
6979,6980,257.74,263.15,5.41,716
6980,6981,52.72,53.62,0.9,723
6981,6982,85.73,111.04,25.31,452
6982,6983,81.27,109.83,28.56,392
6983,6984,248.07,262.04,13.97,644
6984,6985,187.82,221.29,33.47,591
6985,6986,109.52,118.57,9.05,721
6986,6987,113.12,137.74,24.62,986
6987,6988,135.15,173.02,37.87,260
6988,6989,81.06,90.29,9.23,147
6989,6990,218.99,264.18,45.19,163
6990,6991,194.08,251.37,57.29,243
6991,6992,255.31,281.47,26.16,908
6992,6993,29.39,33.78,4.39,535
6993,6994,149.63,202.47,52.84,524
6994,6995,180.16,195.04,14.88,57
6995,6996,71.0,101.02,30.02,791
6996,6997,217.34,225.56,8.22,425
6997,6998,129.77,177.24,47.47,460
6998,6999,215.88,282.24,66.36,359
6999,7000,150.99,200.21,49.22,297
7000,7001,172.08,213.28,41.2,141
7001,7002,262.82,267.4,4.58,973
7002,7003,53.82,63.46,9.64,528
7003,7004,108.86,113.51,4.65,968
7004,7005,47.58,58.67,11.09,177
7005,7006,46.59,61.3,14.71,262
7006,7007,251.78,269.75,17.97,872
7007,7008,129.59,134.48,4.89,341
7008,7009,234.13,254.12,19.99,821
7009,7010,90.32,111.03,20.71,689
7010,7011,70.36,80.54,10.18,498
7011,7012,206.49,286.86,80.37,760
7012,7013,41.29,51.67,10.38,886
7013,7014,115.92,148.49,32.57,235
7014,7015,121.99,128.07,6.08,82
7015,7016,277.73,287.26,9.53,486
7016,7017,115.29,127.83,12.54,727
7017,7018,147.28,183.43,36.15,26
7018,7019,229.25,264.72,35.47,351
7019,7020,45.18,57.35,12.17,502
7020,7021,216.39,290.37,73.98,69
7021,7022,34.15,43.18,9.03,840
7022,7023,155.49,217.69,62.2,855
7023,7024,25.63,27.03,1.4,459
7024,7025,113.42,129.83,16.41,23
7025,7026,96.01,125.99,29.98,726
7026,7027,150.01,171.04,21.03,617
7027,7028,36.64,50.68,14.04,628
7028,7029,153.07,171.23,18.16,941
7029,7030,107.7,120.93,13.23,203
7030,7031,280.01,286.24,6.23,363
7031,7032,83.3,117.89,34.59,420
7032,7033,158.82,170.81,11.99,687
7033,7034,30.69,37.73,7.04,729
7034,7035,202.94,229.03,26.09,814
7035,7036,177.25,204.4,27.15,541
7036,7037,101.78,105.84,4.06,776
7037,7038,260.22,295.34,35.12,21
7038,7039,49.25,63.3,14.05,402
7039,7040,161.9,221.2,59.3,105
7040,7041,200.63,202.74,2.11,527
7041,7042,172.03,227.84,55.81,717
7042,7043,164.15,216.88,52.73,806
7043,7044,23.58,32.21,8.63,252
7044,7045,231.41,286.25,54.84,425
7045,7046,87.81,118.29,30.48,227
7046,7047,137.74,189.52,51.78,384
7047,7048,17.38,18.54,1.16,196
7048,7049,257.3,292.77,35.47,512
7049,7050,162.51,171.8,9.29,466
7050,7051,120.35,126.04,5.69,771
7051,7052,9.15,11.4,2.25,434
7052,7053,94.6,109.39,14.79,798
7053,7054,65.81,81.47,15.66,998
7054,7055,181.06,217.6,36.54,760
7055,7056,64.38,65.29,0.91,671
7056,7057,174.59,193.27,18.68,944
7057,7058,168.01,232.9,64.89,232
7058,7059,243.72,259.89,16.17,494
7059,7060,49.06,56.58,7.52,94
7060,7061,42.88,46.69,3.81,166
7061,7062,145.76,194.77,49.01,323
7062,7063,148.25,209.06,60.81,658
7063,7064,13.82,16.3,2.48,877
7064,7065,126.49,153.37,26.88,979
7065,7066,219.67,292.6,72.93,479
7066,7067,126.68,150.47,23.79,445
7067,7068,53.37,56.97,3.6,54
7068,7069,65.71,88.28,22.57,633
7069,7070,74.22,86.01,11.79,407
7070,7071,60.01,68.64,8.63,265
7071,7072,155.69,202.31,46.62,487
7072,7073,95.88,113.71,17.83,263
7073,7074,148.84,201.13,52.29,442
7074,7075,75.62,96.42,20.8,723
7075,7076,66.26,71.59,5.33,124
7076,7077,141.77,164.3,22.53,831
7077,7078,57.11,58.24,1.13,289
7078,7079,234.7,274.59,39.89,149
7079,7080,131.83,159.45,27.62,510
7080,7081,202.49,271.88,69.39,402
7081,7082,210.64,253.9,43.26,251
7082,7083,20.49,24.91,4.42,16
7083,7084,229.0,250.51,21.51,147
7084,7085,142.95,203.68,60.73,517
7085,7086,36.99,47.82,10.83,221
7086,7087,87.51,92.92,5.41,960
7087,7088,189.13,233.98,44.85,222
7088,7089,212.19,299.86,87.67,913
7089,7090,14.75,19.15,4.4,627
7090,7091,209.82,229.81,19.99,635
7091,7092,18.49,19.51,1.02,186
7092,7093,130.41,177.27,46.86,740
7093,7094,98.65,106.84,8.19,632
7094,7095,191.09,261.14,70.05,307
7095,7096,121.36,163.42,42.06,316
7096,7097,186.81,207.89,21.08,888
7097,7098,67.62,80.79,13.17,437
7098,7099,209.19,214.51,5.32,772
7099,7100,75.8,108.2,32.4,907
7100,7101,86.93,97.8,10.87,573
7101,7102,110.54,134.33,23.79,878
7102,7103,143.16,195.89,52.73,894
7103,7104,54.92,64.44,9.52,543
7104,7105,258.2,294.18,35.98,820
7105,7106,254.82,265.46,10.64,550
7106,7107,169.56,234.55,64.99,752
7107,7108,68.32,70.46,2.14,687
7108,7109,16.79,18.3,1.51,63
7109,7110,79.26,83.03,3.77,854
7110,7111,123.45,157.71,34.26,294
7111,7112,128.12,163.51,35.39,860
7112,7113,88.43,101.89,13.46,577
7113,7114,268.91,286.35,17.44,299
7114,7115,211.79,238.49,26.7,125
7115,7116,75.91,90.45,14.54,906
7116,7117,122.52,152.87,30.35,656
7117,7118,4.16,5.25,1.09,717
7118,7119,139.02,140.59,1.57,141
7119,7120,167.27,183.88,16.61,105
7120,7121,102.48,119.5,17.02,28
7121,7122,250.08,281.63,31.55,28
7122,7123,248.76,269.51,20.75,997
7123,7124,281.83,292.39,10.56,342
7124,7125,113.71,145.15,31.44,378
7125,7126,46.73,57.49,10.76,864
7126,7127,55.37,62.59,7.22,762
7127,7128,276.67,283.21,6.54,698
7128,7129,147.0,164.94,17.94,557
7129,7130,17.85,22.21,4.36,418
7130,7131,120.11,122.63,2.52,311
7131,7132,128.2,179.56,51.36,588
7132,7133,169.22,223.26,54.04,952
7133,7134,19.39,25.13,5.74,224
7134,7135,136.53,166.7,30.17,417
7135,7136,108.68,117.38,8.7,385
7136,7137,106.56,136.39,29.83,549
7137,7138,60.65,72.98,12.33,732
7138,7139,140.36,196.47,56.11,380
7139,7140,219.54,265.59,46.05,554
7140,7141,183.39,185.59,2.2,48
7141,7142,220.83,259.22,38.39,700
7142,7143,22.52,32.15,9.63,193
7143,7144,211.99,225.06,13.07,312
7144,7145,43.02,57.51,14.49,819
7145,7146,67.74,69.77,2.03,539
7146,7147,84.67,107.01,22.34,332
7147,7148,5.22,6.99,1.77,974
7148,7149,196.55,253.39,56.84,533
7149,7150,106.08,142.23,36.15,49
7150,7151,266.49,299.94,33.45,785
7151,7152,147.62,197.92,50.3,23
7152,7153,53.2,65.24,12.04,771
7153,7154,79.28,82.74,3.46,510
7154,7155,25.48,34.65,9.17,48
7155,7156,44.84,62.24,17.4,299
7156,7157,84.69,106.9,22.21,353
7157,7158,147.84,164.68,16.84,54
7158,7159,30.34,32.72,2.38,619
7159,7160,21.74,25.36,3.62,495
7160,7161,95.51,106.89,11.38,415
7161,7162,130.9,176.6,45.7,847
7162,7163,75.55,76.69,1.14,412
7163,7164,139.89,156.56,16.67,951
7164,7165,244.1,266.7,22.6,305
7165,7166,24.45,34.06,9.61,922
7166,7167,43.51,50.79,7.28,675
7167,7168,78.75,99.84,21.09,931
7168,7169,204.25,290.2,85.95,642
7169,7170,223.38,249.74,26.36,875
7170,7171,51.81,67.97,16.16,772
7171,7172,47.69,66.28,18.59,234
7172,7173,275.02,297.88,22.86,218
7173,7174,15.62,17.13,1.51,499
7174,7175,51.88,52.94,1.06,711
7175,7176,33.55,42.32,8.77,519
7176,7177,152.28,162.63,10.35,989
7177,7178,45.33,52.88,7.55,61
7178,7179,207.28,209.64,2.36,715
7179,7180,123.51,130.08,6.57,303
7180,7181,225.87,271.6,45.73,857
7181,7182,80.76,85.35,4.59,769
7182,7183,267.95,280.99,13.04,475
7183,7184,158.28,210.69,52.41,403
7184,7185,31.2,33.6,2.4,849
7185,7186,250.1,260.41,10.31,489
7186,7187,83.62,98.2,14.58,644
7187,7188,25.56,31.27,5.71,362
7188,7189,151.83,185.77,33.94,734
7189,7190,203.39,288.55,85.16,797
7190,7191,169.64,228.44,58.8,218
7191,7192,165.98,169.72,3.74,932
7192,7193,137.32,138.36,1.04,108
7193,7194,252.42,269.08,16.66,879
7194,7195,39.1,49.8,10.7,894
7195,7196,134.14,176.0,41.86,592
7196,7197,194.28,221.62,27.34,779
7197,7198,124.84,141.77,16.93,815
7198,7199,239.36,261.02,21.66,367
7199,7200,31.68,39.66,7.98,897
7200,7201,168.77,182.35,13.58,813
7201,7202,147.16,203.48,56.32,272
7202,7203,93.12,129.68,36.56,110
7203,7204,112.12,127.42,15.3,679
7204,7205,143.73,146.29,2.56,727
7205,7206,118.83,130.34,11.51,943
7206,7207,288.93,298.05,9.12,775
7207,7208,70.02,90.51,20.49,955
7208,7209,243.14,260.62,17.48,55
7209,7210,189.97,200.62,10.65,194
7210,7211,172.04,207.81,35.77,343
7211,7212,148.23,157.95,9.72,411
7212,7213,206.62,291.33,84.71,983
7213,7214,81.2,106.02,24.82,176
7214,7215,163.55,195.27,31.72,258
7215,7216,107.27,146.9,39.63,968
7216,7217,56.53,64.0,7.47,192
7217,7218,123.5,155.62,32.12,448
7218,7219,46.11,55.6,9.49,91
7219,7220,247.43,288.11,40.68,742
7220,7221,237.16,277.53,40.37,414
7221,7222,126.14,166.4,40.26,764
7222,7223,115.33,156.38,41.05,664
7223,7224,208.86,262.76,53.9,422
7224,7225,9.65,11.89,2.24,783
7225,7226,86.44,101.15,14.71,824
7226,7227,197.18,213.11,15.93,833
7227,7228,25.03,27.98,2.95,605
7228,7229,33.29,45.39,12.1,563
7229,7230,182.56,213.91,31.35,966
7230,7231,151.86,177.46,25.6,854
7231,7232,115.0,144.31,29.31,492
7232,7233,25.7,28.93,3.23,703
7233,7234,123.67,135.14,11.47,906
7234,7235,20.58,28.19,7.61,601
7235,7236,28.17,31.36,3.19,589
7236,7237,84.58,87.4,2.82,101
7237,7238,21.12,22.67,1.55,772
7238,7239,192.88,198.91,6.03,88
7239,7240,55.16,75.7,20.54,702
7240,7241,261.32,266.64,5.32,176
7241,7242,171.42,197.84,26.42,106
7242,7243,229.04,272.55,43.51,330
7243,7244,185.51,191.44,5.93,416
7244,7245,5.77,6.72,0.95,917
7245,7246,214.93,241.08,26.15,273
7246,7247,265.57,279.74,14.17,148
7247,7248,92.6,111.04,18.44,385
7248,7249,37.47,52.92,15.45,245
7249,7250,116.82,133.38,16.56,495
7250,7251,247.81,266.31,18.5,230
7251,7252,117.48,166.43,48.95,697
7252,7253,97.46,123.53,26.07,313
7253,7254,69.19,86.55,17.36,943
7254,7255,200.69,285.53,84.84,799
7255,7256,122.91,167.85,44.94,864
7256,7257,42.91,57.65,14.74,389
7257,7258,131.52,165.68,34.16,50
7258,7259,138.19,147.13,8.94,23
7259,7260,59.17,80.99,21.82,567
7260,7261,174.01,231.11,57.1,573
7261,7262,124.62,169.88,45.26,152
7262,7263,200.14,268.75,68.61,421
7263,7264,260.72,273.14,12.42,542
7264,7265,158.29,199.98,41.69,465
7265,7266,139.91,142.3,2.39,795
7266,7267,212.79,228.64,15.85,719
7267,7268,67.66,96.63,28.97,334
7268,7269,168.47,215.91,47.44,227
7269,7270,213.34,295.73,82.39,185
7270,7271,72.34,76.65,4.31,339
7271,7272,72.51,94.83,22.32,709
7272,7273,140.9,182.41,41.51,767
7273,7274,67.47,71.94,4.47,371
7274,7275,251.48,288.16,36.68,535
7275,7276,213.55,266.31,52.76,199
7276,7277,107.76,140.5,32.74,956
7277,7278,111.24,130.08,18.84,903
7278,7279,256.06,293.85,37.79,616
7279,7280,104.88,124.76,19.88,738
7280,7281,42.59,49.43,6.84,51
7281,7282,235.43,278.11,42.68,933
7282,7283,176.2,212.22,36.02,686
7283,7284,49.43,59.13,9.7,545
7284,7285,91.69,129.62,37.93,520
7285,7286,75.08,78.55,3.47,530
7286,7287,254.3,295.4,41.1,267
7287,7288,145.08,194.19,49.11,850
7288,7289,203.01,271.83,68.82,905
7289,7290,134.01,158.21,24.2,311
7290,7291,5.98,8.2,2.22,148
7291,7292,158.68,222.51,63.83,640
7292,7293,247.54,269.63,22.09,562
7293,7294,172.03,244.36,72.33,28
7294,7295,206.12,289.19,83.07,52
7295,7296,22.24,22.78,0.54,730
7296,7297,149.99,165.17,15.18,111
7297,7298,198.73,244.8,46.07,40
7298,7299,19.77,23.99,4.22,920
7299,7300,169.36,213.29,43.93,808
7300,7301,163.58,200.41,36.83,592
7301,7302,80.14,85.79,5.65,932
7302,7303,97.15,125.98,28.83,855
7303,7304,121.91,136.79,14.88,345
7304,7305,3.89,5.53,1.64,322
7305,7306,202.19,240.86,38.67,911
7306,7307,40.21,48.18,7.97,244
7307,7308,145.46,159.25,13.79,452
7308,7309,195.81,271.18,75.37,680
7309,7310,157.53,168.0,10.47,444
7310,7311,177.36,190.58,13.22,169
7311,7312,143.57,174.71,31.14,770
7312,7313,173.76,204.91,31.15,283
7313,7314,123.69,154.26,30.57,609
7314,7315,201.92,209.93,8.01,210
7315,7316,234.43,252.84,18.41,858
7316,7317,51.22,57.23,6.01,927
7317,7318,88.09,90.81,2.72,110
7318,7319,205.71,290.2,84.49,296
7319,7320,79.11,80.39,1.28,585
7320,7321,158.97,179.15,20.18,928
7321,7322,227.2,296.02,68.82,103
7322,7323,62.44,72.43,9.99,932
7323,7324,48.64,57.87,9.23,681
7324,7325,148.48,189.81,41.33,524
7325,7326,19.61,23.91,4.3,654
7326,7327,236.18,262.79,26.61,871
7327,7328,135.83,155.75,19.92,400
7328,7329,171.37,215.81,44.44,629
7329,7330,74.12,85.05,10.93,929
7330,7331,76.53,107.41,30.88,360
7331,7332,6.72,8.79,2.07,687
7332,7333,224.76,255.05,30.29,770
7333,7334,152.01,207.22,55.21,713
7334,7335,200.22,204.2,3.98,61
7335,7336,113.53,147.81,34.28,109
7336,7337,252.53,267.76,15.23,499
7337,7338,69.82,92.19,22.37,725
7338,7339,205.39,259.83,54.44,743
7339,7340,95.04,107.35,12.31,732
7340,7341,139.15,181.47,42.32,623
7341,7342,145.77,205.47,59.7,783
7342,7343,136.32,163.25,26.93,252
7343,7344,219.44,244.03,24.59,917
7344,7345,113.86,142.48,28.62,531
7345,7346,150.36,174.19,23.83,57
7346,7347,23.85,29.0,5.15,546
7347,7348,86.64,102.33,15.69,508
7348,7349,160.03,174.33,14.3,250
7349,7350,134.45,159.16,24.71,665
7350,7351,55.59,63.5,7.91,225
7351,7352,254.66,264.85,10.19,339
7352,7353,129.11,171.79,42.68,890
7353,7354,77.29,80.52,3.23,169
7354,7355,180.96,193.55,12.59,383
7355,7356,98.39,100.0,1.61,486
7356,7357,50.63,65.92,15.29,127
7357,7358,104.93,136.39,31.46,815
7358,7359,193.25,262.23,68.98,939
7359,7360,37.63,45.11,7.48,66
7360,7361,170.13,190.87,20.74,10
7361,7362,180.17,231.42,51.25,38
7362,7363,94.4,131.26,36.86,699
7363,7364,101.37,144.53,43.16,508
7364,7365,87.45,100.77,13.32,296
7365,7366,208.48,264.48,56.0,40
7366,7367,131.24,158.29,27.05,619
7367,7368,13.28,15.16,1.88,20
7368,7369,171.08,190.7,19.62,740
7369,7370,86.85,95.23,8.38,759
7370,7371,179.46,233.54,54.08,365
7371,7372,93.46,98.47,5.01,690
7372,7373,75.02,104.11,29.09,263
7373,7374,247.22,280.31,33.09,344
7374,7375,148.68,189.33,40.65,28
7375,7376,142.69,162.08,19.39,894
7376,7377,142.16,144.18,2.02,698
7377,7378,63.92,88.91,24.99,150
7378,7379,9.12,11.33,2.21,759
7379,7380,78.81,102.1,23.29,949
7380,7381,128.23,158.83,30.6,921
7381,7382,98.49,129.9,31.41,405
7382,7383,21.54,28.27,6.73,118
7383,7384,73.33,100.06,26.73,950
7384,7385,22.73,23.69,0.96,586
7385,7386,262.01,275.01,13.0,844
7386,7387,69.8,73.17,3.37,815
7387,7388,202.27,254.84,52.57,1000
7388,7389,181.3,191.96,10.66,997
7389,7390,20.87,25.93,5.06,71
7390,7391,34.18,43.69,9.51,376
7391,7392,146.23,208.13,61.9,668
7392,7393,66.64,67.39,0.75,589
7393,7394,61.24,64.87,3.63,45
7394,7395,218.56,296.31,77.75,669
7395,7396,13.93,14.54,0.61,808
7396,7397,144.45,204.05,59.6,491
7397,7398,247.86,270.31,22.45,974
7398,7399,109.66,117.61,7.95,493
7399,7400,239.18,278.77,39.59,914
7400,7401,173.25,233.87,60.62,948
7401,7402,95.96,136.96,41.0,550
7402,7403,73.53,97.59,24.06,998
7403,7404,68.3,73.81,5.51,124
7404,7405,74.74,81.69,6.95,785
7405,7406,242.7,287.63,44.93,914
7406,7407,49.79,68.4,18.61,565
7407,7408,169.66,235.79,66.13,586
7408,7409,225.98,259.75,33.77,246
7409,7410,6.99,9.59,2.6,206
7410,7411,200.43,218.46,18.03,429
7411,7412,150.91,214.62,63.71,519
7412,7413,30.98,40.83,9.85,786
7413,7414,97.86,132.98,35.12,935
7414,7415,92.21,99.19,6.98,559
7415,7416,7.03,8.92,1.89,593
7416,7417,103.16,140.49,37.33,767
7417,7418,243.71,254.24,10.53,436
7418,7419,13.6,16.32,2.72,665
7419,7420,90.33,92.1,1.77,566
7420,7421,180.57,200.39,19.82,114
7421,7422,132.79,184.84,52.05,569
7422,7423,37.58,48.76,11.18,687
7423,7424,204.76,220.11,15.35,799
7424,7425,189.2,250.61,61.41,258
7425,7426,147.38,193.59,46.21,925
7426,7427,239.71,241.38,1.67,863
7427,7428,216.95,221.44,4.49,667
7428,7429,22.51,25.63,3.12,905
7429,7430,211.66,213.63,1.97,675
7430,7431,49.66,52.24,2.58,805
7431,7432,60.32,67.15,6.83,189
7432,7433,20.36,25.59,5.23,283
7433,7434,216.17,299.76,83.59,122
7434,7435,95.2,115.46,20.26,642
7435,7436,129.47,142.17,12.7,901
7436,7437,135.97,165.43,29.46,475
7437,7438,233.75,265.5,31.75,335
7438,7439,242.05,280.73,38.68,987
7439,7440,33.71,47.69,13.98,860
7440,7441,235.0,275.52,40.52,405
7441,7442,152.05,186.31,34.26,141
7442,7443,176.63,219.39,42.76,341
7443,7444,142.55,172.34,29.79,236
7444,7445,215.06,291.7,76.64,263
7445,7446,164.09,174.22,10.13,183
7446,7447,209.85,250.47,40.62,23
7447,7448,41.28,46.08,4.8,56
7448,7449,79.27,79.81,0.54,730
7449,7450,63.54,65.85,2.31,774
7450,7451,134.56,188.8,54.24,635
7451,7452,32.69,34.57,1.88,792
7452,7453,174.29,178.16,3.87,209
7453,7454,198.76,281.51,82.75,86
7454,7455,55.09,77.15,22.06,891
7455,7456,22.02,22.78,0.76,857
7456,7457,40.69,50.25,9.56,577
7457,7458,199.81,202.68,2.87,935
7458,7459,147.74,173.47,25.73,428
7459,7460,197.17,258.26,61.09,228
7460,7461,90.06,103.31,13.25,254
7461,7462,146.16,150.21,4.05,384
7462,7463,223.46,233.79,10.33,255
7463,7464,18.02,23.52,5.5,328
7464,7465,64.84,77.55,12.71,705
7465,7466,242.1,267.34,25.24,909
7466,7467,117.64,147.88,30.24,662
7467,7468,122.91,134.21,11.3,142
7468,7469,77.21,87.94,10.73,434
7469,7470,8.72,10.8,2.08,445
7470,7471,35.44,40.71,5.27,835
7471,7472,40.42,44.79,4.37,824
7472,7473,128.87,173.62,44.75,496
7473,7474,248.55,261.35,12.8,920
7474,7475,143.21,176.47,33.26,936
7475,7476,183.6,229.12,45.52,13
7476,7477,256.16,278.61,22.45,305
7477,7478,163.0,192.98,29.98,681
7478,7479,168.76,185.6,16.84,420
7479,7480,31.95,45.27,13.32,644
7480,7481,90.82,105.92,15.1,86
7481,7482,56.74,72.77,16.03,901
7482,7483,90.39,125.74,35.35,511
7483,7484,213.53,258.73,45.2,562
7484,7485,192.14,220.3,28.16,306
7485,7486,44.48,60.2,15.72,246
7486,7487,242.96,265.36,22.4,934
7487,7488,126.0,169.35,43.35,276
7488,7489,272.18,289.21,17.03,592
7489,7490,34.8,42.68,7.88,198
7490,7491,169.34,230.87,61.53,164
7491,7492,251.59,268.06,16.47,558
7492,7493,15.07,16.74,1.67,616
7493,7494,47.66,60.4,12.74,804
7494,7495,37.22,50.93,13.71,939
7495,7496,7.48,8.74,1.26,220
7496,7497,119.76,138.63,18.87,240
7497,7498,7.07,8.59,1.52,557
7498,7499,12.25,14.64,2.39,640
7499,7500,160.22,175.26,15.04,732
7500,7501,155.08,197.5,42.42,280
7501,7502,151.29,210.69,59.4,286
7502,7503,39.96,41.33,1.37,679
7503,7504,21.64,24.91,3.27,457
7504,7505,26.55,29.18,2.63,651
7505,7506,213.15,223.26,10.11,136
7506,7507,28.17,28.98,0.81,781
7507,7508,13.91,18.96,5.05,357
7508,7509,46.23,55.51,9.28,96
7509,7510,153.75,218.77,65.02,936
7510,7511,75.61,87.68,12.07,319
7511,7512,246.21,276.65,30.44,812
7512,7513,234.09,254.43,20.34,246
7513,7514,64.56,71.15,6.59,67
7514,7515,43.77,50.86,7.09,124
7515,7516,52.57,74.4,21.83,58
7516,7517,152.15,172.34,20.19,107
7517,7518,49.98,59.29,9.31,466
7518,7519,174.58,196.82,22.24,717
7519,7520,13.89,16.85,2.96,359
7520,7521,79.41,107.49,28.08,172
7521,7522,158.27,183.48,25.21,328
7522,7523,26.58,35.24,8.66,605
7523,7524,111.53,141.56,30.03,556
7524,7525,113.26,118.0,4.74,71
7525,7526,242.66,255.12,12.46,215
7526,7527,93.32,114.01,20.69,97
7527,7528,180.34,231.34,51.0,907
7528,7529,99.55,119.05,19.5,849
7529,7530,10.56,13.19,2.63,867
7530,7531,124.13,153.12,28.99,917
7531,7532,164.7,173.46,8.76,397
7532,7533,55.51,76.78,21.27,197
7533,7534,134.55,174.69,40.14,415
7534,7535,61.24,85.97,24.73,138
7535,7536,202.6,234.17,31.57,868
7536,7537,178.36,191.19,12.83,564
7537,7538,192.73,258.17,65.44,336
7538,7539,120.88,135.69,14.81,743
7539,7540,211.13,262.37,51.24,317
7540,7541,210.06,282.12,72.06,627
7541,7542,17.09,21.84,4.75,138
7542,7543,137.55,166.47,28.92,398
7543,7544,39.39,40.06,0.67,408
7544,7545,159.65,196.9,37.25,296
7545,7546,102.25,115.45,13.2,359
7546,7547,42.35,59.56,17.21,295
7547,7548,111.47,127.44,15.97,62
7548,7549,99.03,101.58,2.55,84
7549,7550,70.98,93.32,22.34,177
7550,7551,235.0,236.78,1.78,30
7551,7552,70.14,72.56,2.42,745
7552,7553,64.08,74.56,10.48,695
7553,7554,38.9,44.87,5.97,10
7554,7555,136.45,172.82,36.37,707
7555,7556,223.38,285.43,62.05,515
7556,7557,186.49,194.63,8.14,108
7557,7558,211.99,271.86,59.87,709
7558,7559,229.26,243.1,13.84,620
7559,7560,154.33,171.77,17.44,843
7560,7561,37.62,44.26,6.64,406
7561,7562,201.51,213.56,12.05,422
7562,7563,107.73,135.14,27.41,291
7563,7564,231.18,249.36,18.18,531
7564,7565,239.78,273.58,33.8,997
7565,7566,257.72,282.19,24.47,982
7566,7567,80.91,114.83,33.92,156
7567,7568,60.9,68.41,7.51,507
7568,7569,116.11,138.59,22.48,871
7569,7570,209.38,243.04,33.66,744
7570,7571,27.0,30.01,3.01,827
7571,7572,217.77,257.9,40.13,151
7572,7573,85.84,117.73,31.89,177
7573,7574,264.55,286.02,21.47,291
7574,7575,159.73,192.82,33.09,64
7575,7576,209.07,228.89,19.82,672
7576,7577,170.37,206.73,36.36,791
7577,7578,55.76,69.37,13.61,381
7578,7579,36.31,51.57,15.26,639
7579,7580,35.92,42.19,6.27,561
7580,7581,255.0,293.14,38.14,226
7581,7582,122.85,162.23,39.38,883
7582,7583,121.52,148.4,26.88,810
7583,7584,135.35,154.99,19.64,130
7584,7585,209.9,281.2,71.3,64
7585,7586,46.78,51.67,4.89,701
7586,7587,5.2,7.43,2.23,958
7587,7588,154.36,160.26,5.9,880
7588,7589,105.48,119.66,14.18,553
7589,7590,250.31,278.79,28.48,281
7590,7591,113.98,135.99,22.01,887
7591,7592,151.86,152.62,0.76,339
7592,7593,242.66,278.52,35.86,822
7593,7594,275.67,294.65,18.98,300
7594,7595,131.87,162.44,30.57,929
7595,7596,82.29,103.38,21.09,469
7596,7597,250.31,280.47,30.16,663
7597,7598,220.96,293.96,73.0,688
7598,7599,238.39,254.13,15.74,184
7599,7600,56.06,77.94,21.88,57
7600,7601,263.18,299.42,36.24,736
7601,7602,169.48,233.98,64.5,119
7602,7603,178.03,212.09,34.06,816
7603,7604,263.94,271.21,7.27,690
7604,7605,121.03,150.48,29.45,246
7605,7606,103.24,141.99,38.75,652
7606,7607,4.27,6.03,1.76,338
7607,7608,13.02,17.89,4.87,732
7608,7609,12.51,16.86,4.35,67
7609,7610,196.3,198.24,1.94,226
7610,7611,25.2,27.95,2.75,489
7611,7612,23.48,29.17,5.69,892
7612,7613,196.26,279.26,83.0,589
7613,7614,9.13,10.9,1.77,195
7614,7615,152.37,206.99,54.62,955
7615,7616,237.62,296.5,58.88,351
7616,7617,44.64,61.35,16.71,906
7617,7618,187.46,208.0,20.54,520
7618,7619,194.58,257.87,63.29,820
7619,7620,18.02,23.71,5.69,63
7620,7621,49.9,69.11,19.21,769
7621,7622,21.71,25.33,3.62,197
7622,7623,46.6,53.26,6.66,565
7623,7624,61.08,82.07,20.99,405
7624,7625,230.86,263.22,32.36,412
7625,7626,172.6,216.28,43.68,632
7626,7627,64.17,70.04,5.87,399
7627,7628,52.63,59.32,6.69,409
7628,7629,231.68,282.31,50.63,141
7629,7630,57.5,60.3,2.8,237
7630,7631,144.46,182.16,37.7,202
7631,7632,95.27,135.09,39.82,968
7632,7633,214.8,262.18,47.38,226
7633,7634,170.57,178.22,7.65,539
7634,7635,151.66,190.91,39.25,446
7635,7636,222.82,294.59,71.77,857
7636,7637,236.56,261.16,24.6,426
7637,7638,94.43,103.28,8.85,453
7638,7639,151.9,152.6,0.7,404
7639,7640,227.09,286.65,59.56,660
7640,7641,97.83,132.81,34.98,285
7641,7642,44.95,45.69,0.74,402
7642,7643,172.55,228.06,55.51,275
7643,7644,219.15,285.68,66.53,920
7644,7645,140.4,154.89,14.49,269
7645,7646,60.68,66.96,6.28,301
7646,7647,31.88,39.45,7.57,873
7647,7648,72.49,84.84,12.35,162
7648,7649,151.0,184.16,33.16,848
7649,7650,4.62,5.97,1.35,753
7650,7651,120.37,139.7,19.33,967
7651,7652,129.44,163.99,34.55,374
7652,7653,92.56,107.08,14.52,405
7653,7654,98.9,110.55,11.65,21
7654,7655,200.49,253.6,53.11,308
7655,7656,112.12,129.96,17.84,920
7656,7657,59.27,62.9,3.63,430
7657,7658,120.72,143.92,23.2,306
7658,7659,207.24,266.97,59.73,836
7659,7660,108.24,142.12,33.88,644
7660,7661,80.7,91.75,11.05,724
7661,7662,179.37,184.7,5.33,361
7662,7663,119.94,139.96,20.02,15
7663,7664,170.1,196.52,26.42,971
7664,7665,52.3,61.35,9.05,803
7665,7666,186.58,187.63,1.05,443
7666,7667,224.16,249.57,25.41,422
7667,7668,119.74,143.62,23.88,654
7668,7669,51.22,72.99,21.77,379
7669,7670,32.33,35.64,3.31,485
7670,7671,105.16,109.9,4.74,525
7671,7672,193.81,224.25,30.44,613
7672,7673,173.84,236.19,62.35,783
7673,7674,28.54,31.02,2.48,630
7674,7675,155.17,207.64,52.47,100
7675,7676,236.46,247.08,10.62,65
7676,7677,137.05,182.48,45.43,524
7677,7678,234.48,239.89,5.41,986
7678,7679,8.97,11.14,2.17,508
7679,7680,34.82,45.06,10.24,220
7680,7681,179.04,205.59,26.55,446
7681,7682,158.03,212.18,54.15,739
7682,7683,255.85,284.99,29.14,65
7683,7684,222.34,235.98,13.64,844
7684,7685,222.97,263.34,40.37,946
7685,7686,114.46,153.07,38.61,729
7686,7687,128.59,152.09,23.5,33
7687,7688,108.09,149.2,41.11,482
7688,7689,109.36,112.86,3.5,190
7689,7690,21.34,28.88,7.54,252
7690,7691,219.54,282.67,63.13,573
7691,7692,99.1,111.25,12.15,75
7692,7693,204.76,249.83,45.07,455
7693,7694,18.3,22.83,4.53,937
7694,7695,241.81,298.82,57.01,193
7695,7696,40.56,51.57,11.01,575
7696,7697,137.39,191.95,54.56,196
7697,7698,39.55,44.08,4.53,594
7698,7699,217.72,222.4,4.68,690
7699,7700,145.62,179.01,33.39,626
7700,7701,86.61,101.6,14.99,971
7701,7702,135.25,185.53,50.28,1000
7702,7703,227.1,234.33,7.23,209
7703,7704,175.02,176.83,1.81,891
7704,7705,15.2,15.86,0.66,816
7705,7706,133.52,168.39,34.87,783
7706,7707,147.63,176.49,28.86,766
7707,7708,239.16,249.4,10.24,190
7708,7709,79.81,98.44,18.63,690
7709,7710,36.26,40.01,3.75,516
7710,7711,178.52,205.71,27.19,620
7711,7712,259.42,266.75,7.33,148
7712,7713,144.28,196.62,52.34,493
7713,7714,171.97,221.81,49.84,920
7714,7715,92.98,118.25,25.27,627
7715,7716,137.79,154.4,16.61,854
7716,7717,43.73,58.66,14.93,849
7717,7718,148.33,182.62,34.29,604
7718,7719,235.75,270.65,34.9,373
7719,7720,130.77,138.51,7.74,278
7720,7721,241.97,298.37,56.4,64
7721,7722,75.65,76.35,0.7,540
7722,7723,27.04,28.44,1.4,594
7723,7724,65.34,70.31,4.97,31
7724,7725,77.21,102.99,25.78,397
7725,7726,109.62,140.36,30.74,902
7726,7727,36.49,49.13,12.64,47
7727,7728,123.63,152.06,28.43,350
7728,7729,247.87,292.37,44.5,107
7729,7730,88.25,94.05,5.8,574
7730,7731,259.21,268.0,8.79,948
7731,7732,71.46,84.36,12.9,713
7732,7733,122.44,151.37,28.93,932
7733,7734,146.53,201.23,54.7,800
7734,7735,192.68,254.87,62.19,442
7735,7736,148.82,170.13,21.31,272
7736,7737,29.45,36.51,7.06,579
7737,7738,167.12,234.55,67.43,528
7738,7739,123.84,139.52,15.68,365
7739,7740,23.36,26.5,3.14,76
7740,7741,72.06,72.84,0.78,159
7741,7742,46.65,58.28,11.63,273
7742,7743,124.37,177.65,53.28,285
7743,7744,237.21,299.15,61.94,624
7744,7745,140.56,195.66,55.1,744
7745,7746,140.06,173.51,33.45,981
7746,7747,130.5,138.76,8.26,167
7747,7748,5.16,6.59,1.43,302
7748,7749,59.39,62.46,3.07,164
7749,7750,59.04,64.6,5.56,910
7750,7751,93.15,110.91,17.76,675
7751,7752,64.09,86.08,21.99,881
7752,7753,127.83,147.06,19.23,660
7753,7754,184.03,209.75,25.72,401
7754,7755,60.12,75.09,14.97,670
7755,7756,217.28,244.03,26.75,125
7756,7757,172.15,241.68,69.53,553
7757,7758,164.99,211.46,46.47,944
7758,7759,38.98,48.87,9.89,565
7759,7760,99.56,134.07,34.51,892
7760,7761,255.08,275.3,20.22,900
7761,7762,216.18,288.78,72.6,744
7762,7763,235.81,296.89,61.08,1000
7763,7764,114.24,138.26,24.02,301
7764,7765,5.85,6.44,0.59,79
7765,7766,4.46,5.88,1.42,719
7766,7767,213.0,214.64,1.64,246
7767,7768,166.55,206.56,40.01,843
7768,7769,172.11,224.1,51.99,979
7769,7770,164.6,191.59,26.99,161
7770,7771,199.11,207.89,8.78,411
7771,7772,242.93,254.3,11.37,609
7772,7773,14.6,15.59,0.99,416
7773,7774,107.5,144.79,37.29,587
7774,7775,63.53,67.39,3.86,643
7775,7776,121.82,123.35,1.53,988
7776,7777,136.06,140.08,4.02,146
7777,7778,69.85,88.46,18.61,995
7778,7779,229.14,294.88,65.74,704
7779,7780,228.11,289.12,61.01,710
7780,7781,161.12,207.69,46.57,220
7781,7782,260.12,286.11,25.99,275
7782,7783,145.37,156.77,11.4,609
7783,7784,202.28,204.83,2.55,780
7784,7785,220.12,288.48,68.36,713
7785,7786,254.15,288.39,34.24,596
7786,7787,231.92,290.72,58.8,587
7787,7788,262.01,292.95,30.94,294
7788,7789,54.66,60.19,5.53,765
7789,7790,203.44,250.9,47.46,302
7790,7791,44.63,57.87,13.24,408
7791,7792,18.16,21.83,3.67,547
7792,7793,59.5,82.33,22.83,431
7793,7794,197.31,248.46,51.15,17
7794,7795,119.48,127.69,8.21,620
7795,7796,139.98,172.06,32.08,795
7796,7797,146.14,201.39,55.25,298
7797,7798,5.56,6.45,0.89,351
7798,7799,79.54,109.1,29.56,823
7799,7800,199.71,245.05,45.34,687
7800,7801,4.77,5.91,1.14,951
7801,7802,23.58,25.97,2.39,993
7802,7803,175.75,211.41,35.66,861
7803,7804,14.92,17.32,2.4,212
7804,7805,58.79,78.27,19.48,538
7805,7806,173.46,194.26,20.8,101
7806,7807,176.44,250.41,73.97,327
7807,7808,167.99,218.97,50.98,627
7808,7809,272.21,299.51,27.3,798
7809,7810,236.67,252.02,15.35,499
7810,7811,118.27,125.59,7.32,794
7811,7812,50.97,66.49,15.52,257
7812,7813,97.68,107.55,9.87,905
7813,7814,246.18,276.67,30.49,793
7814,7815,24.68,34.08,9.4,841
7815,7816,12.53,17.21,4.68,50
7816,7817,71.03,82.86,11.83,146
7817,7818,232.19,290.75,58.56,841
7818,7819,131.27,150.1,18.83,612
7819,7820,101.08,107.04,5.96,189
7820,7821,5.57,7.95,2.38,891
7821,7822,250.65,267.01,16.36,556
7822,7823,234.65,268.68,34.03,505
7823,7824,191.01,245.01,54.0,826
7824,7825,138.28,143.73,5.45,424
7825,7826,295.13,297.2,2.07,340
7826,7827,80.89,99.56,18.67,544
7827,7828,204.82,269.48,64.66,798
7828,7829,199.96,203.26,3.3,135
7829,7830,237.02,261.88,24.86,584
7830,7831,110.23,153.1,42.87,957
7831,7832,77.85,89.64,11.79,813
7832,7833,252.42,260.13,7.71,696
7833,7834,213.64,284.81,71.17,977
7834,7835,91.88,128.02,36.14,415
7835,7836,193.11,260.73,67.62,596
7836,7837,183.83,215.09,31.26,53
7837,7838,34.27,39.14,4.87,736
7838,7839,114.98,120.66,5.68,847
7839,7840,233.93,251.79,17.86,536
7840,7841,176.63,192.61,15.98,893
7841,7842,128.83,178.28,49.45,657
7842,7843,43.8,48.22,4.42,440
7843,7844,81.12,88.08,6.96,661
7844,7845,241.78,293.37,51.59,682
7845,7846,189.97,235.87,45.9,419
7846,7847,7.35,9.81,2.46,866
7847,7848,55.86,70.14,14.28,353
7848,7849,58.72,63.07,4.35,381
7849,7850,5.52,6.6,1.08,795
7850,7851,105.72,137.53,31.81,378
7851,7852,136.36,144.19,7.83,788
7852,7853,7.0,8.61,1.61,873
7853,7854,40.8,43.53,2.73,10
7854,7855,162.35,230.73,68.38,101
7855,7856,98.75,111.0,12.25,238
7856,7857,182.14,182.83,0.69,454
7857,7858,38.89,39.91,1.02,719
7858,7859,151.99,192.86,40.87,928
7859,7860,141.12,174.8,33.68,324
7860,7861,58.04,71.24,13.2,504
7861,7862,19.57,26.56,6.99,520
7862,7863,6.32,8.89,2.57,566
7863,7864,89.59,103.51,13.92,198
7864,7865,165.69,190.21,24.52,645
7865,7866,16.82,20.46,3.64,590
7866,7867,74.4,105.25,30.85,509
7867,7868,255.55,259.49,3.94,703
7868,7869,48.35,51.97,3.62,506
7869,7870,120.5,159.0,38.5,265
7870,7871,12.09,17.0,4.91,866
7871,7872,278.17,289.19,11.02,97
7872,7873,209.47,289.11,79.64,350
7873,7874,223.91,298.45,74.54,731
7874,7875,63.63,85.43,21.8,757
7875,7876,108.24,133.79,25.55,316
7876,7877,40.32,54.06,13.74,364
7877,7878,156.38,160.54,4.16,52
7878,7879,95.43,99.0,3.57,471
7879,7880,156.79,174.65,17.86,185
7880,7881,289.66,290.89,1.23,732
7881,7882,7.04,9.98,2.94,230
7882,7883,48.49,64.72,16.23,802
7883,7884,62.87,80.0,17.13,619
7884,7885,78.38,87.59,9.21,908
7885,7886,176.42,239.66,63.24,249
7886,7887,5.2,6.95,1.75,64
7887,7888,153.6,195.55,41.95,403
7888,7889,14.29,19.38,5.09,463
7889,7890,147.01,159.31,12.3,148
7890,7891,135.83,162.58,26.75,59
7891,7892,226.61,231.27,4.66,727
7892,7893,261.51,292.72,31.21,865
7893,7894,64.19,89.26,25.07,423
7894,7895,124.75,157.37,32.62,94
7895,7896,102.63,109.18,6.55,176
7896,7897,191.36,246.47,55.11,532
7897,7898,17.25,23.44,6.19,951
7898,7899,205.53,236.87,31.34,986
7899,7900,97.73,125.9,28.17,117
7900,7901,160.13,174.32,14.19,190
7901,7902,6.27,6.8,0.53,159
7902,7903,33.6,38.06,4.46,898
7903,7904,48.99,51.69,2.7,425
7904,7905,74.55,80.12,5.57,945
7905,7906,199.59,216.74,17.15,637
7906,7907,142.55,163.38,20.83,539
7907,7908,166.64,223.89,57.25,991
7908,7909,189.4,237.99,48.59,409
7909,7910,149.01,173.1,24.09,661
7910,7911,212.25,254.24,41.99,524
7911,7912,153.81,191.19,37.38,690
7912,7913,226.06,241.09,15.03,779
7913,7914,180.85,203.6,22.75,206
7914,7915,170.3,229.26,58.96,114
7915,7916,127.08,133.09,6.01,400
7916,7917,243.94,287.28,43.34,735
7917,7918,41.85,55.29,13.44,966
7918,7919,239.2,252.59,13.39,192
7919,7920,50.36,69.8,19.44,514
7920,7921,194.67,231.43,36.76,445
7921,7922,234.49,289.65,55.16,415
7922,7923,59.15,65.14,5.99,292
7923,7924,135.87,153.7,17.83,329
7924,7925,46.62,51.26,4.64,428
7925,7926,240.15,270.93,30.78,730
7926,7927,150.09,176.58,26.49,199
7927,7928,214.73,292.24,77.51,618
7928,7929,85.89,109.03,23.14,586
7929,7930,217.38,282.42,65.04,455
7930,7931,26.6,35.7,9.1,193
7931,7932,170.29,187.52,17.23,870
7932,7933,157.21,213.5,56.29,74
7933,7934,99.79,127.31,27.52,708
7934,7935,136.02,158.88,22.86,620
7935,7936,261.01,269.78,8.77,622
7936,7937,171.81,238.42,66.61,433
7937,7938,127.74,146.3,18.56,588
7938,7939,123.23,140.4,17.17,425
7939,7940,262.02,275.47,13.45,254
7940,7941,176.21,219.12,42.91,64
7941,7942,69.42,88.57,19.15,91
7942,7943,57.63,76.32,18.69,707
7943,7944,225.68,235.4,9.72,787
7944,7945,16.89,21.93,5.04,24
7945,7946,108.0,135.69,27.69,408
7946,7947,77.18,105.38,28.2,219
7947,7948,48.7,50.1,1.4,283
7948,7949,183.62,247.21,63.59,621
7949,7950,56.09,62.98,6.89,966
7950,7951,205.52,258.93,53.41,506
7951,7952,229.86,259.86,30.0,219
7952,7953,193.42,233.77,40.35,755
7953,7954,142.91,160.17,17.26,311
7954,7955,89.42,101.07,11.65,896
7955,7956,118.07,123.4,5.33,35
7956,7957,15.37,21.43,6.06,36
7957,7958,116.05,159.94,43.89,608
7958,7959,24.32,28.51,4.19,669
7959,7960,50.1,58.29,8.19,422
7960,7961,161.23,221.37,60.14,715
7961,7962,145.14,203.44,58.3,179
7962,7963,156.02,186.14,30.12,650
7963,7964,167.49,177.9,10.41,313
7964,7965,154.96,162.12,7.16,44
7965,7966,207.65,221.53,13.88,292
7966,7967,243.0,267.03,24.03,712
7967,7968,26.38,27.03,0.65,277
7968,7969,48.46,54.3,5.84,942
7969,7970,83.18,97.1,13.92,553
7970,7971,253.72,292.41,38.69,968
7971,7972,72.77,77.2,4.43,47
7972,7973,215.87,289.89,74.02,850
7973,7974,203.62,225.26,21.64,659
7974,7975,136.24,159.0,22.76,257
7975,7976,111.06,132.21,21.15,443
7976,7977,201.26,218.62,17.36,331
7977,7978,82.12,101.0,18.88,781
7978,7979,200.85,279.77,78.92,329
7979,7980,108.07,150.35,42.28,700
7980,7981,116.64,146.52,29.88,515
7981,7982,95.27,106.9,11.63,833
7982,7983,46.59,55.43,8.84,551
7983,7984,131.61,160.0,28.39,309
7984,7985,142.38,170.81,28.43,311
7985,7986,135.07,163.04,27.97,917
7986,7987,188.27,230.64,42.37,85
7987,7988,203.43,256.32,52.89,154
7988,7989,159.36,185.97,26.61,897
7989,7990,201.46,260.89,59.43,872
7990,7991,150.45,166.83,16.38,802
7991,7992,44.94,56.51,11.57,793
7992,7993,32.87,46.93,14.06,574
7993,7994,194.53,254.48,59.95,681
7994,7995,139.87,154.38,14.51,660
7995,7996,27.23,36.38,9.15,130
7996,7997,210.89,217.88,6.99,851
7997,7998,137.16,167.67,30.51,767
7998,7999,101.63,109.23,7.6,298
7999,8000,112.6,119.27,6.67,846
8000,8001,122.68,154.61,31.93,336
8001,8002,225.79,285.04,59.25,719
8002,8003,191.14,207.81,16.67,454
8003,8004,73.28,83.61,10.33,823
8004,8005,158.28,199.05,40.77,341
8005,8006,179.43,224.8,45.37,118
8006,8007,180.51,241.61,61.1,406
8007,8008,168.42,184.84,16.42,93
8008,8009,172.29,243.48,71.19,216
8009,8010,24.48,32.51,8.03,521
8010,8011,79.28,110.16,30.88,877
8011,8012,176.09,191.38,15.29,143
8012,8013,158.01,203.5,45.49,948
8013,8014,152.73,160.8,8.07,547
8014,8015,181.81,212.18,30.37,339
8015,8016,4.04,5.33,1.29,487
8016,8017,137.95,194.77,56.82,252
8017,8018,86.78,95.07,8.29,624
8018,8019,225.54,240.75,15.21,596
8019,8020,228.67,237.64,8.97,583
8020,8021,35.0,44.4,9.4,763
8021,8022,168.28,195.66,27.38,464
8022,8023,143.21,174.73,31.52,381
8023,8024,60.73,74.06,13.33,32
8024,8025,170.13,234.58,64.45,557
8025,8026,12.72,13.82,1.1,176
8026,8027,79.22,110.71,31.49,284
8027,8028,58.17,68.56,10.39,551
8028,8029,29.73,36.36,6.63,339
8029,8030,52.74,65.07,12.33,896
8030,8031,13.76,15.56,1.8,505
8031,8032,124.51,128.54,4.03,271
8032,8033,267.5,268.92,1.42,789
8033,8034,137.5,167.05,29.55,934
8034,8035,89.31,93.5,4.19,77
8035,8036,243.09,270.01,26.92,977
8036,8037,141.19,147.53,6.34,651
8037,8038,25.95,34.73,8.78,554
8038,8039,214.22,244.19,29.97,79
8039,8040,131.9,162.71,30.81,463
8040,8041,141.42,170.6,29.18,227
8041,8042,13.32,15.31,1.99,194
8042,8043,36.19,43.67,7.48,64
8043,8044,132.74,152.52,19.78,258
8044,8045,106.54,128.81,22.27,194
8045,8046,165.65,186.59,20.94,849
8046,8047,89.74,95.9,6.16,353
8047,8048,172.86,199.82,26.96,660
8048,8049,142.5,192.35,49.85,819
8049,8050,164.56,166.5,1.94,964
8050,8051,167.29,234.0,66.71,877
8051,8052,43.61,55.79,12.18,823
8052,8053,178.33,206.45,28.12,805
8053,8054,194.99,206.97,11.98,949
8054,8055,194.64,205.94,11.3,991
8055,8056,77.3,108.23,30.93,814
8056,8057,182.59,186.69,4.1,31
8057,8058,86.49,112.3,25.81,602
8058,8059,82.53,93.91,11.38,391
8059,8060,77.01,104.83,27.82,152
8060,8061,177.57,224.97,47.4,1000
8061,8062,111.74,156.82,45.08,222
8062,8063,69.77,95.13,25.36,403
8063,8064,31.33,37.38,6.05,791
8064,8065,14.26,20.02,5.76,180
8065,8066,47.37,63.04,15.67,744
8066,8067,100.68,114.85,14.17,625
8067,8068,54.39,63.01,8.62,382
8068,8069,204.24,259.02,54.78,732
8069,8070,75.05,99.33,24.28,350
8070,8071,67.81,69.94,2.13,317
8071,8072,72.68,78.66,5.98,78
8072,8073,147.29,154.61,7.32,232
8073,8074,88.69,114.01,25.32,839
8074,8075,173.23,186.96,13.73,126
8075,8076,13.32,14.01,0.69,360
8076,8077,276.39,298.56,22.17,782
8077,8078,255.9,295.81,39.91,425
8078,8079,86.21,96.4,10.19,257
8079,8080,213.77,249.51,35.74,655
8080,8081,156.23,180.76,24.53,46
8081,8082,214.26,254.1,39.84,943
8082,8083,109.97,121.09,11.12,17
8083,8084,144.16,146.15,1.99,268
8084,8085,205.87,258.36,52.49,829
8085,8086,214.22,287.98,73.76,396
8086,8087,226.73,285.31,58.58,961
8087,8088,105.01,110.02,5.01,49
8088,8089,172.4,243.92,71.52,976
8089,8090,242.56,245.91,3.35,436
8090,8091,117.52,136.15,18.63,370
8091,8092,61.88,67.48,5.6,957
8092,8093,94.24,118.41,24.17,434
8093,8094,111.14,126.49,15.35,910
8094,8095,67.93,68.87,0.94,243
8095,8096,180.01,187.52,7.51,45
8096,8097,158.8,196.39,37.59,50
8097,8098,49.96,64.66,14.7,225
8098,8099,65.79,71.62,5.83,880
8099,8100,135.89,172.58,36.69,746
8100,8101,46.16,49.02,2.86,557
8101,8102,117.41,153.36,35.95,364
8102,8103,52.98,62.18,9.2,296
8103,8104,187.3,235.11,47.81,128
8104,8105,52.35,67.59,15.24,154
8105,8106,38.24,42.54,4.3,747
8106,8107,28.91,34.64,5.73,275
8107,8108,26.63,35.96,9.33,413
8108,8109,178.44,210.64,32.2,795
8109,8110,41.43,44.06,2.63,644
8110,8111,180.48,232.64,52.16,613
8111,8112,77.68,97.64,19.96,128
8112,8113,239.38,297.43,58.05,932
8113,8114,172.22,184.97,12.75,96
8114,8115,25.25,26.22,0.97,432
8115,8116,170.36,225.37,55.01,493
8116,8117,211.3,215.83,4.53,875
8117,8118,98.24,134.09,35.85,374
8118,8119,243.1,283.69,40.59,332
8119,8120,145.02,149.89,4.87,864
8120,8121,175.12,221.94,46.82,850
8121,8122,120.7,128.96,8.26,707
8122,8123,185.27,227.97,42.7,691
8123,8124,267.21,298.86,31.65,144
8124,8125,228.66,233.88,5.22,722
8125,8126,107.17,133.32,26.15,372
8126,8127,101.59,136.44,34.85,434
8127,8128,41.54,54.98,13.44,913
8128,8129,216.88,272.73,55.85,359
8129,8130,4.87,6.75,1.88,468
8130,8131,117.66,119.15,1.49,965
8131,8132,26.63,29.53,2.9,91
8132,8133,112.51,121.42,8.91,867
8133,8134,28.46,37.93,9.47,893
8134,8135,172.35,189.31,16.96,603
8135,8136,61.43,75.52,14.09,147
8136,8137,53.88,74.83,20.95,229
8137,8138,104.27,124.46,20.19,503
8138,8139,200.11,211.18,11.07,20
8139,8140,59.16,68.78,9.62,110
8140,8141,24.97,27.36,2.39,283
8141,8142,25.6,26.41,0.81,585
8142,8143,179.14,201.5,22.36,689
8143,8144,139.17,178.14,38.97,400
8144,8145,205.16,262.71,57.55,402
8145,8146,151.98,196.76,44.78,318
8146,8147,24.08,34.34,10.26,457
8147,8148,35.21,46.14,10.93,36
8148,8149,121.11,148.92,27.81,707
8149,8150,120.34,168.43,48.09,874
8150,8151,137.28,175.74,38.46,455
8151,8152,170.93,231.76,60.83,212
8152,8153,22.68,27.43,4.75,161
8153,8154,274.33,275.0,0.67,204
8154,8155,198.55,217.96,19.41,570
8155,8156,162.95,194.2,31.25,677
8156,8157,83.9,107.28,23.38,618
8157,8158,110.59,153.51,42.92,922
8158,8159,7.27,8.94,1.67,923
8159,8160,202.39,280.93,78.54,419
8160,8161,4.65,5.9,1.25,126
8161,8162,88.87,111.39,22.52,885
8162,8163,18.42,23.85,5.43,480
8163,8164,174.91,210.91,36.0,402
8164,8165,33.63,34.62,0.99,898
8165,8166,249.16,273.52,24.36,270
8166,8167,91.21,119.08,27.87,863
8167,8168,177.43,188.22,10.79,415
8168,8169,106.2,136.89,30.69,13
8169,8170,99.4,125.67,26.27,611
8170,8171,107.45,152.63,45.18,375
8171,8172,14.16,15.41,1.25,42
8172,8173,214.76,224.15,9.39,408
8173,8174,187.29,238.44,51.15,998
8174,8175,118.37,150.23,31.86,556
8175,8176,91.07,129.98,38.91,911
8176,8177,69.48,74.77,5.29,536
8177,8178,210.78,222.25,11.47,589
8178,8179,87.53,93.8,6.27,183
8179,8180,184.15,200.35,16.2,643
8180,8181,22.42,26.33,3.91,920
8181,8182,67.61,82.66,15.05,45
8182,8183,92.71,127.34,34.63,831
8183,8184,40.64,43.69,3.05,787
8184,8185,72.11,93.19,21.08,710
8185,8186,19.5,27.77,8.27,105
8186,8187,108.36,122.35,13.99,785
8187,8188,152.25,186.0,33.75,416
8188,8189,290.33,299.88,9.55,912
8189,8190,96.5,119.97,23.47,752
8190,8191,73.85,79.28,5.43,291
8191,8192,19.28,23.09,3.81,128
8192,8193,61.66,85.63,23.97,579
8193,8194,250.67,297.06,46.39,462
8194,8195,53.79,63.74,9.95,684
8195,8196,173.21,205.15,31.94,195
8196,8197,250.56,251.26,0.7,86
8197,8198,4.47,6.22,1.75,727
8198,8199,90.01,126.12,36.11,742
8199,8200,221.6,254.75,33.15,929
8200,8201,21.47,28.37,6.9,170
8201,8202,111.53,155.28,43.75,344
8202,8203,294.3,295.53,1.23,906
8203,8204,149.02,160.84,11.82,174
8204,8205,225.83,241.59,15.76,328
8205,8206,14.65,20.65,6.0,108
8206,8207,124.11,151.04,26.93,31
8207,8208,51.99,72.84,20.85,784
8208,8209,145.97,152.48,6.51,254
8209,8210,19.12,23.17,4.05,346
8210,8211,201.0,220.02,19.02,519
8211,8212,210.84,214.98,4.14,717
8212,8213,185.37,188.37,3.0,985
8213,8214,17.91,25.36,7.45,878
8214,8215,45.42,59.79,14.37,44
8215,8216,37.09,39.89,2.8,891
8216,8217,30.48,31.88,1.4,169
8217,8218,181.6,259.08,77.48,689
8218,8219,61.69,66.04,4.35,929
8219,8220,131.48,170.75,39.27,867
8220,8221,100.07,109.98,9.91,646
8221,8222,163.02,170.52,7.5,765
8222,8223,101.63,145.02,43.39,264
8223,8224,35.86,48.25,12.39,978
8224,8225,138.19,142.34,4.15,963
8225,8226,7.43,8.68,1.25,949
8226,8227,81.31,106.82,25.51,673
8227,8228,245.38,267.2,21.82,721
8228,8229,146.69,155.98,9.29,786
8229,8230,108.23,118.23,10.0,456
8230,8231,68.51,81.31,12.8,665
8231,8232,94.93,117.24,22.31,26
8232,8233,48.2,68.04,19.84,468
8233,8234,124.12,174.11,49.99,612
8234,8235,17.9,22.58,4.68,767
8235,8236,12.34,16.99,4.65,189
8236,8237,240.32,297.52,57.2,398
8237,8238,140.21,170.25,30.04,919
8238,8239,173.4,239.41,66.01,451
8239,8240,11.23,14.21,2.98,991
8240,8241,96.03,122.91,26.88,896
8241,8242,202.14,206.05,3.91,303
8242,8243,134.84,136.63,1.79,497
8243,8244,216.56,248.04,31.48,327
8244,8245,167.31,186.41,19.1,57
8245,8246,120.87,137.94,17.07,864
8246,8247,160.02,200.92,40.9,357
8247,8248,137.23,155.48,18.25,905
8248,8249,230.01,243.24,13.23,621
8249,8250,120.09,138.7,18.61,194
8250,8251,135.79,165.07,29.28,990
8251,8252,35.52,45.63,10.11,757
8252,8253,186.27,197.6,11.33,684
8253,8254,48.35,65.31,16.96,839
8254,8255,87.4,91.73,4.33,805
8255,8256,150.91,215.13,64.22,27
8256,8257,33.13,38.78,5.65,498
8257,8258,48.73,59.19,10.46,975
8258,8259,152.19,166.76,14.57,46
8259,8260,77.4,80.35,2.95,508
8260,8261,109.97,122.52,12.55,250
8261,8262,69.52,80.22,10.7,969
8262,8263,235.27,246.34,11.07,11
8263,8264,189.19,237.1,47.91,984
8264,8265,112.75,115.64,2.89,32
8265,8266,218.59,225.81,7.22,479
8266,8267,246.23,288.09,41.86,449
8267,8268,30.29,38.72,8.43,654
8268,8269,36.57,37.41,0.84,61
8269,8270,23.34,26.13,2.79,567
8270,8271,102.66,103.79,1.13,29
8271,8272,97.95,101.73,3.78,189
8272,8273,156.04,163.9,7.86,463
8273,8274,210.8,246.58,35.78,874
8274,8275,210.26,214.53,4.27,114
8275,8276,235.89,264.54,28.65,447
8276,8277,65.3,83.28,17.98,414
8277,8278,156.35,164.76,8.41,671
8278,8279,138.35,181.1,42.75,471
8279,8280,108.2,132.32,24.12,70
8280,8281,97.84,139.3,41.46,297
8281,8282,10.72,13.06,2.34,62
8282,8283,61.91,76.99,15.08,849
8283,8284,225.71,227.5,1.79,32
8284,8285,156.89,190.31,33.42,121
8285,8286,254.79,266.43,11.64,712
8286,8287,38.41,39.29,0.88,496
8287,8288,134.34,140.65,6.31,901
8288,8289,68.37,79.65,11.28,127
8289,8290,75.17,77.67,2.5,663
8290,8291,250.67,265.4,14.73,770
8291,8292,189.23,206.9,17.67,426
8292,8293,179.63,226.38,46.75,652
8293,8294,72.64,78.96,6.32,272
8294,8295,107.77,121.38,13.61,48
8295,8296,61.21,74.05,12.84,200
8296,8297,205.48,253.6,48.12,160
8297,8298,186.7,196.39,9.69,357
8298,8299,187.88,202.65,14.77,201
8299,8300,130.47,166.78,36.31,174
8300,8301,101.99,121.83,19.84,382
8301,8302,57.88,80.29,22.41,372
8302,8303,242.93,275.88,32.95,957
8303,8304,136.01,153.18,17.17,93
8304,8305,24.15,27.23,3.08,77
8305,8306,184.99,196.38,11.39,159
8306,8307,109.02,138.19,29.17,775
8307,8308,71.69,93.49,21.8,141
8308,8309,168.29,207.07,38.78,984
8309,8310,50.21,65.91,15.7,471
8310,8311,85.17,104.52,19.35,57
8311,8312,21.61,29.09,7.48,736
8312,8313,160.92,217.36,56.44,586
8313,8314,126.87,172.4,45.53,796
8314,8315,105.95,123.23,17.28,492
8315,8316,40.36,42.08,1.72,516
8316,8317,134.42,163.26,28.84,835
8317,8318,73.14,77.52,4.38,317
8318,8319,50.65,64.25,13.6,164
8319,8320,189.37,189.99,0.62,579
8320,8321,186.82,256.58,69.76,923
8321,8322,231.35,287.54,56.19,521
8322,8323,103.88,147.99,44.11,186
8323,8324,15.15,17.28,2.13,297
8324,8325,116.01,120.22,4.21,187
8325,8326,14.58,17.28,2.7,242
8326,8327,209.05,265.31,56.26,296
8327,8328,139.19,146.05,6.86,942
8328,8329,62.81,64.43,1.62,798
8329,8330,167.91,238.59,70.68,131
8330,8331,242.71,268.0,25.29,544
8331,8332,120.12,125.94,5.82,41
8332,8333,46.84,49.01,2.17,98
8333,8334,219.29,233.31,14.02,136
8334,8335,267.88,279.48,11.6,729
8335,8336,248.12,248.66,0.54,317
8336,8337,102.52,136.56,34.04,378
8337,8338,6.02,8.53,2.51,834
8338,8339,91.71,126.98,35.27,74
8339,8340,249.3,258.97,9.67,166
8340,8341,44.81,50.97,6.16,692
8341,8342,232.34,291.4,59.06,158
8342,8343,197.89,275.1,77.21,233
8343,8344,153.85,201.63,47.78,988
8344,8345,20.32,21.17,0.85,369
8345,8346,120.12,140.74,20.62,130
8346,8347,255.71,280.54,24.83,473
8347,8348,52.2,72.72,20.52,815
8348,8349,239.74,246.01,6.27,83
8349,8350,103.26,104.5,1.24,30
8350,8351,91.8,122.03,30.23,89
8351,8352,206.98,235.42,28.44,832
8352,8353,134.33,181.14,46.81,433
8353,8354,151.12,186.3,35.18,639
8354,8355,72.03,101.68,29.65,421
8355,8356,213.5,287.58,74.08,995
8356,8357,258.03,273.05,15.02,158
8357,8358,227.33,230.03,2.7,677
8358,8359,216.11,255.74,39.63,28
8359,8360,59.04,72.97,13.93,985
8360,8361,172.65,207.1,34.45,282
8361,8362,18.79,22.55,3.76,246
8362,8363,161.23,200.12,38.89,404
8363,8364,145.85,187.74,41.89,451
8364,8365,113.61,129.86,16.25,804
8365,8366,134.2,154.61,20.41,101
8366,8367,143.7,201.48,57.78,454
8367,8368,217.99,255.67,37.68,17
8368,8369,88.46,90.48,2.02,221
8369,8370,121.24,124.54,3.3,102
8370,8371,224.54,239.65,15.11,885
8371,8372,117.46,163.27,45.81,642
8372,8373,255.09,260.54,5.45,322
8373,8374,188.48,265.88,77.4,230
8374,8375,130.53,166.77,36.24,521
8375,8376,169.67,199.37,29.7,773
8376,8377,174.38,236.09,61.71,711
8377,8378,21.18,25.43,4.25,990
8378,8379,33.65,39.86,6.21,339
8379,8380,61.48,85.52,24.04,753
8380,8381,168.68,180.48,11.8,739
8381,8382,142.34,181.24,38.9,608
8382,8383,216.3,222.36,6.06,535
8383,8384,163.14,190.32,27.18,442
8384,8385,201.06,205.91,4.85,53
8385,8386,251.08,273.2,22.12,392
8386,8387,191.3,192.84,1.54,681
8387,8388,175.71,187.64,11.93,438
8388,8389,234.55,243.47,8.92,868
8389,8390,4.43,5.1,0.67,639
8390,8391,60.53,85.01,24.48,50
8391,8392,18.4,19.52,1.12,241
8392,8393,94.53,133.6,39.07,23
8393,8394,82.81,93.66,10.85,725
8394,8395,236.94,239.01,2.07,639
8395,8396,29.74,41.34,11.6,575
8396,8397,8.9,11.62,2.72,736
8397,8398,57.59,58.97,1.38,913
8398,8399,238.88,298.55,59.67,619
8399,8400,154.93,220.9,65.97,51
8400,8401,214.71,242.74,28.03,616
8401,8402,12.3,16.74,4.44,633
8402,8403,183.9,194.15,10.25,252
8403,8404,151.59,206.46,54.87,916
8404,8405,154.96,161.73,6.77,470
8405,8406,120.27,171.74,51.47,410
8406,8407,56.76,65.94,9.18,745
8407,8408,147.95,164.35,16.4,558
8408,8409,123.42,151.7,28.28,351
8409,8410,138.21,158.44,20.23,530
8410,8411,46.92,60.02,13.1,954
8411,8412,107.2,146.44,39.24,914
8412,8413,128.01,149.72,21.71,647
8413,8414,56.09,71.27,15.18,68
8414,8415,94.93,126.43,31.5,94
8415,8416,99.81,134.88,35.07,832
8416,8417,86.23,113.08,26.85,226
8417,8418,133.06,138.2,5.14,728
8418,8419,125.92,166.06,40.14,146
8419,8420,118.55,162.78,44.23,105
8420,8421,192.58,273.93,81.35,638
8421,8422,99.93,110.14,10.21,351
8422,8423,194.36,214.81,20.45,439
8423,8424,214.81,239.94,25.13,454
8424,8425,114.89,145.63,30.74,650
8425,8426,233.89,284.94,51.05,821
8426,8427,117.13,145.43,28.3,582
8427,8428,294.09,294.72,0.63,371
8428,8429,83.34,94.12,10.78,198
8429,8430,14.5,17.58,3.08,308
8430,8431,214.19,214.95,0.76,654
8431,8432,228.93,295.23,66.3,965
8432,8433,134.26,141.16,6.9,822
8433,8434,31.01,41.73,10.72,733
8434,8435,68.95,75.71,6.76,844
8435,8436,59.67,68.93,9.26,484
8436,8437,103.94,134.96,31.02,853
8437,8438,202.83,257.05,54.22,562
8438,8439,286.59,297.82,11.23,982
8439,8440,23.83,28.87,5.04,239
8440,8441,261.12,289.37,28.25,62
8441,8442,7.57,9.86,2.29,604
8442,8443,17.81,22.37,4.56,294
8443,8444,192.13,265.29,73.16,738
8444,8445,121.15,163.59,42.44,762
8445,8446,77.44,101.57,24.13,553
8446,8447,122.62,161.94,39.32,170
8447,8448,51.02,65.73,14.71,987
8448,8449,17.63,19.8,2.17,97
8449,8450,190.6,260.4,69.8,480
8450,8451,192.6,227.78,35.18,39
8451,8452,120.57,159.86,39.29,432
8452,8453,149.91,201.03,51.12,661
8453,8454,182.85,239.93,57.08,574
8454,8455,54.71,59.77,5.06,37
8455,8456,236.56,285.06,48.5,617
8456,8457,229.75,232.17,2.42,822
8457,8458,189.31,258.72,69.41,750
8458,8459,97.56,135.34,37.78,923
8459,8460,167.38,222.02,54.64,653
8460,8461,154.39,170.61,16.22,84
8461,8462,58.66,61.59,2.93,747
8462,8463,57.53,78.21,20.68,319
8463,8464,72.69,101.18,28.49,37
8464,8465,133.18,179.95,46.77,134
8465,8466,220.44,265.75,45.31,22
8466,8467,147.41,155.99,8.58,989
8467,8468,221.37,233.63,12.26,17
8468,8469,132.08,144.27,12.19,839
8469,8470,212.51,241.88,29.37,866
8470,8471,70.88,79.06,8.18,541
8471,8472,115.56,159.88,44.32,438
8472,8473,195.16,200.34,5.18,10
8473,8474,195.17,228.33,33.16,633
8474,8475,101.14,143.44,42.3,660
8475,8476,246.07,292.99,46.92,943
8476,8477,140.07,182.45,42.38,599
8477,8478,30.84,41.91,11.07,674
8478,8479,97.6,103.16,5.56,231
8479,8480,259.47,273.01,13.54,677
8480,8481,274.2,277.13,2.93,816
8481,8482,32.17,42.53,10.36,232
8482,8483,116.22,142.69,26.47,293
8483,8484,36.08,48.13,12.05,564
8484,8485,241.89,258.93,17.04,496
8485,8486,169.11,239.84,70.73,963
8486,8487,135.16,146.43,11.27,811
8487,8488,17.23,19.77,2.54,681
8488,8489,65.33,80.0,14.67,853
8489,8490,227.14,238.48,11.34,554
8490,8491,77.75,81.71,3.96,58
8491,8492,105.07,107.53,2.46,126
8492,8493,165.38,224.52,59.14,232
8493,8494,170.88,209.71,38.83,821
8494,8495,37.43,41.03,3.6,565
8495,8496,182.77,248.83,66.06,609
8496,8497,236.21,268.83,32.62,740
8497,8498,126.35,131.07,4.72,868
8498,8499,83.94,90.37,6.43,518
8499,8500,32.26,38.21,5.95,562
8500,8501,205.19,285.17,79.98,549
8501,8502,119.22,153.39,34.17,10
8502,8503,32.07,42.99,10.92,244
8503,8504,144.72,198.46,53.74,681
8504,8505,231.99,245.53,13.54,412
8505,8506,129.84,174.83,44.99,60
8506,8507,136.02,153.65,17.63,871
8507,8508,131.38,158.35,26.97,810
8508,8509,17.47,21.37,3.9,69
8509,8510,199.43,284.76,85.33,281
8510,8511,120.48,145.22,24.74,783
8511,8512,80.88,110.78,29.9,314
8512,8513,17.02,20.87,3.85,472
8513,8514,33.7,40.64,6.94,843
8514,8515,229.66,296.83,67.17,654
8515,8516,145.05,149.91,4.86,636
8516,8517,163.66,171.46,7.8,165
8517,8518,235.63,243.22,7.59,397
8518,8519,182.48,194.15,11.67,476
8519,8520,16.01,19.52,3.51,422
8520,8521,16.23,22.93,6.7,26
8521,8522,203.64,235.97,32.33,509
8522,8523,161.52,187.99,26.47,759
8523,8524,91.97,119.65,27.68,893
8524,8525,86.36,93.75,7.39,553
8525,8526,5.26,7.16,1.9,729
8526,8527,220.02,281.87,61.85,564
8527,8528,64.66,88.76,24.1,971
8528,8529,203.49,287.69,84.2,685
8529,8530,32.18,42.56,10.38,494
8530,8531,144.31,155.54,11.23,660
8531,8532,176.66,196.52,19.86,680
8532,8533,85.55,107.96,22.41,398
8533,8534,194.72,229.15,34.43,879
8534,8535,200.52,268.0,67.48,255
8535,8536,141.55,154.38,12.83,560
8536,8537,87.27,105.34,18.07,205
8537,8538,102.58,144.96,42.38,81
8538,8539,162.11,182.71,20.6,740
8539,8540,180.18,212.77,32.59,678
8540,8541,171.81,233.78,61.97,398
8541,8542,173.15,181.52,8.37,368
8542,8543,155.01,155.86,0.85,562
8543,8544,32.31,34.41,2.1,753
8544,8545,50.07,65.14,15.07,580
8545,8546,162.67,217.88,55.21,507
8546,8547,142.62,187.75,45.13,646
8547,8548,116.68,147.19,30.51,959
8548,8549,112.19,132.39,20.2,173
8549,8550,206.86,269.3,62.44,355
8550,8551,186.27,203.87,17.6,827
8551,8552,128.16,181.17,53.01,941
8552,8553,17.8,24.77,6.97,207
8553,8554,19.23,20.95,1.72,821
8554,8555,102.57,120.46,17.89,14
8555,8556,274.73,286.14,11.41,725
8556,8557,161.69,179.55,17.86,722
8557,8558,206.83,269.36,62.53,756
8558,8559,63.99,86.94,22.95,390
8559,8560,248.13,287.44,39.31,480
8560,8561,275.92,287.15,11.23,526
8561,8562,79.41,94.65,15.24,645
8562,8563,10.37,11.3,0.93,824
8563,8564,182.47,233.57,51.1,674
8564,8565,205.44,289.49,84.05,197
8565,8566,144.82,197.74,52.92,505
8566,8567,184.08,216.6,32.52,561
8567,8568,243.02,258.25,15.23,917
8568,8569,183.25,186.79,3.54,307
8569,8570,249.17,265.03,15.86,419
8570,8571,121.14,125.63,4.49,604
8571,8572,20.51,28.53,8.02,987
8572,8573,27.73,34.33,6.6,153
8573,8574,130.9,144.13,13.23,380
8574,8575,8.17,10.62,2.45,117
8575,8576,130.47,138.81,8.34,874
8576,8577,200.95,259.29,58.34,304
8577,8578,89.51,106.66,17.15,790
8578,8579,130.92,162.51,31.59,212
8579,8580,105.48,113.03,7.55,658
8580,8581,109.69,131.56,21.87,253
8581,8582,78.85,109.63,30.78,286
8582,8583,169.97,200.47,30.5,824
8583,8584,21.0,24.27,3.27,939
8584,8585,138.84,157.44,18.6,676
8585,8586,80.92,101.82,20.9,897
8586,8587,63.55,74.24,10.69,463
8587,8588,146.4,204.27,57.87,655
8588,8589,135.44,158.51,23.07,294
8589,8590,47.43,51.38,3.95,44
8590,8591,223.96,247.56,23.6,772
8591,8592,67.91,72.27,4.36,55
8592,8593,197.17,256.51,59.34,189
8593,8594,209.45,269.64,60.19,489
8594,8595,189.6,263.93,74.33,512
8595,8596,119.06,135.66,16.6,170
8596,8597,55.78,56.63,0.85,791
8597,8598,205.41,216.31,10.9,157
8598,8599,158.77,209.18,50.41,355
8599,8600,105.84,141.09,35.25,343
8600,8601,109.82,148.93,39.11,765
8601,8602,40.69,42.4,1.71,387
8602,8603,86.76,113.36,26.6,269
8603,8604,183.89,214.74,30.85,841
8604,8605,170.96,204.97,34.01,494
8605,8606,199.47,226.67,27.2,64
8606,8607,163.7,190.93,27.23,879
8607,8608,71.43,100.93,29.5,589
8608,8609,177.13,181.83,4.7,654
8609,8610,93.73,102.01,8.28,333
8610,8611,129.79,139.44,9.65,284
8611,8612,74.15,90.06,15.91,303
8612,8613,175.1,175.95,0.85,885
8613,8614,60.44,66.34,5.9,200
8614,8615,125.33,163.6,38.27,998
8615,8616,110.04,141.38,31.34,795
8616,8617,246.12,290.83,44.71,571
8617,8618,155.99,210.67,54.68,765
8618,8619,19.54,22.25,2.71,472
8619,8620,112.04,139.92,27.88,235
8620,8621,54.06,74.5,20.44,303
8621,8622,119.28,152.87,33.59,391
8622,8623,52.07,67.88,15.81,718
8623,8624,31.24,39.68,8.44,673
8624,8625,132.76,174.31,41.55,920
8625,8626,170.64,227.42,56.78,921
8626,8627,58.43,61.73,3.3,955
8627,8628,234.95,252.29,17.34,816
8628,8629,66.15,81.63,15.48,515
8629,8630,167.31,220.45,53.14,51
8630,8631,162.06,201.26,39.2,969
8631,8632,15.29,17.08,1.79,208
8632,8633,123.55,155.24,31.69,890
8633,8634,115.81,160.09,44.28,687
8634,8635,280.55,290.67,10.12,469
8635,8636,229.64,238.31,8.67,305
8636,8637,193.95,243.84,49.89,344
8637,8638,160.11,207.8,47.69,772
8638,8639,84.23,117.0,32.77,447
8639,8640,212.82,262.08,49.26,52
8640,8641,18.85,21.06,2.21,384
8641,8642,42.03,54.87,12.84,801
8642,8643,15.89,20.56,4.67,813
8643,8644,17.6,24.55,6.95,175
8644,8645,153.68,201.75,48.07,19
8645,8646,239.27,276.46,37.19,845
8646,8647,202.81,212.12,9.31,842
8647,8648,138.5,140.35,1.85,943
8648,8649,149.73,170.27,20.54,312
8649,8650,232.65,234.3,1.65,386
8650,8651,120.87,130.16,9.29,836
8651,8652,22.03,30.04,8.01,767
8652,8653,48.05,54.9,6.85,285
8653,8654,57.92,72.01,14.09,425
8654,8655,254.3,259.78,5.48,611
8655,8656,143.65,182.53,38.88,581
8656,8657,46.11,50.25,4.14,60
8657,8658,39.72,49.15,9.43,586
8658,8659,246.97,260.66,13.69,112
8659,8660,50.97,68.77,17.8,684
8660,8661,41.17,51.89,10.72,713
8661,8662,101.25,116.96,15.71,912
8662,8663,125.69,141.8,16.11,657
8663,8664,183.42,239.1,55.68,705
8664,8665,285.89,293.16,7.27,21
8665,8666,120.73,170.25,49.52,421
8666,8667,12.42,17.03,4.61,501
8667,8668,262.68,289.9,27.22,403
8668,8669,118.79,132.88,14.09,326
8669,8670,31.65,40.79,9.14,847
8670,8671,9.55,11.35,1.8,622
8671,8672,196.94,212.79,15.85,160
8672,8673,43.18,50.33,7.15,798
8673,8674,82.43,98.09,15.66,659
8674,8675,61.33,87.33,26.0,931
8675,8676,151.65,164.34,12.69,109
8676,8677,292.94,297.72,4.78,383
8677,8678,191.77,265.89,74.12,354
8678,8679,200.2,244.65,44.45,710
8679,8680,131.58,148.97,17.39,435
8680,8681,103.65,128.16,24.51,183
8681,8682,137.47,188.22,50.75,14
8682,8683,210.03,212.24,2.21,557
8683,8684,44.56,52.54,7.98,971
8684,8685,102.57,113.42,10.85,750
8685,8686,5.07,6.98,1.91,17
8686,8687,180.91,192.9,11.99,414
8687,8688,152.47,157.95,5.48,712
8688,8689,152.12,175.23,23.11,222
8689,8690,161.35,162.54,1.19,25
8690,8691,112.39,134.05,21.66,171
8691,8692,237.93,278.09,40.16,124
8692,8693,270.5,277.23,6.73,212
8693,8694,86.47,94.85,8.38,299
8694,8695,189.78,212.3,22.52,964
8695,8696,232.12,276.5,44.38,173
8696,8697,162.21,166.64,4.43,974
8697,8698,197.29,204.38,7.09,742
8698,8699,124.48,172.14,47.66,128
8699,8700,44.72,47.13,2.41,23
8700,8701,263.93,269.33,5.4,332
8701,8702,98.91,130.39,31.48,136
8702,8703,98.6,104.57,5.97,994
8703,8704,183.97,204.85,20.88,991
8704,8705,4.64,5.78,1.14,153
8705,8706,205.7,267.76,62.06,963
8706,8707,46.15,51.13,4.98,401
8707,8708,181.63,226.34,44.71,874
8708,8709,108.14,112.1,3.96,437
8709,8710,131.01,163.26,32.25,150
8710,8711,101.89,102.89,1.0,996
8711,8712,144.64,184.51,39.87,736
8712,8713,7.66,8.5,0.84,978
8713,8714,170.87,217.19,46.32,916
8714,8715,111.71,147.2,35.49,559
8715,8716,105.03,112.85,7.82,619
8716,8717,167.18,190.84,23.66,133
8717,8718,104.65,107.96,3.31,615
8718,8719,37.55,42.43,4.88,952
8719,8720,64.63,82.06,17.43,531
8720,8721,52.63,70.6,17.97,830
8721,8722,26.9,30.33,3.43,802
8722,8723,79.01,84.6,5.59,47
8723,8724,184.51,198.52,14.01,978
8724,8725,81.81,93.0,11.19,308
8725,8726,225.06,284.99,59.93,742
8726,8727,132.59,185.18,52.59,650
8727,8728,140.45,145.14,4.69,705
8728,8729,209.1,219.74,10.64,824
8729,8730,45.94,48.52,2.58,253
8730,8731,112.23,117.1,4.87,617
8731,8732,20.92,21.99,1.07,12
8732,8733,113.35,136.09,22.74,694
8733,8734,190.36,222.91,32.55,308
8734,8735,175.13,177.62,2.49,591
8735,8736,18.9,26.77,7.87,406
8736,8737,29.89,31.64,1.75,524
8737,8738,119.23,144.03,24.8,140
8738,8739,214.76,245.96,31.2,288
8739,8740,148.82,164.4,15.58,956
8740,8741,233.03,239.5,6.47,404
8741,8742,134.75,183.8,49.05,159
8742,8743,37.12,41.15,4.03,317
8743,8744,240.82,254.99,14.17,96
8744,8745,96.3,97.25,0.95,31
8745,8746,148.92,202.11,53.19,434
8746,8747,204.69,246.72,42.03,363
8747,8748,8.73,9.65,0.92,933
8748,8749,30.06,39.45,9.39,437
8749,8750,23.38,23.9,0.52,313
8750,8751,155.59,183.96,28.37,885
8751,8752,211.08,276.66,65.58,117
8752,8753,9.87,10.39,0.52,920
8753,8754,61.68,79.82,18.14,976
8754,8755,194.59,260.05,65.46,930
8755,8756,75.36,88.05,12.69,651
8756,8757,174.45,180.34,5.89,168
8757,8758,60.95,72.47,11.52,30
8758,8759,133.36,144.85,11.49,220
8759,8760,65.7,74.95,9.25,919
8760,8761,57.14,58.76,1.62,668
8761,8762,148.26,173.37,25.11,775
8762,8763,247.09,250.54,3.45,493
8763,8764,21.22,29.46,8.24,506
8764,8765,44.31,56.56,12.25,179
8765,8766,20.47,23.71,3.24,671
8766,8767,221.61,234.26,12.65,303
8767,8768,51.76,62.94,11.18,307
8768,8769,171.9,196.05,24.15,581
8769,8770,98.97,112.06,13.09,664
8770,8771,182.9,235.33,52.43,695
8771,8772,108.17,148.77,40.6,201
8772,8773,84.21,90.99,6.78,293
8773,8774,277.74,298.9,21.16,988
8774,8775,127.26,155.78,28.52,140
8775,8776,222.81,269.53,46.72,74
8776,8777,134.81,137.63,2.82,603
8777,8778,28.99,31.85,2.86,610
8778,8779,233.14,262.8,29.66,731
8779,8780,137.98,164.94,26.96,547
8780,8781,108.68,121.5,12.82,408
8781,8782,258.86,262.68,3.82,541
8782,8783,106.07,111.01,4.94,698
8783,8784,96.66,119.13,22.47,54
8784,8785,214.07,236.29,22.22,293
8785,8786,107.77,109.68,1.91,759
8786,8787,238.81,254.1,15.29,637
8787,8788,148.25,170.05,21.8,471
8788,8789,40.32,50.36,10.04,714
8789,8790,180.44,255.25,74.81,938
8790,8791,44.7,61.05,16.35,512
8791,8792,229.95,277.59,47.64,602
8792,8793,38.83,40.06,1.23,718
8793,8794,185.31,243.87,58.56,945
8794,8795,49.24,50.38,1.14,346
8795,8796,71.86,95.37,23.51,802
8796,8797,30.82,38.86,8.04,22
8797,8798,107.76,145.14,37.38,215
8798,8799,132.86,159.5,26.64,167
8799,8800,181.89,229.03,47.14,842
8800,8801,80.33,101.69,21.36,558
8801,8802,87.84,110.8,22.96,831
8802,8803,56.94,71.9,14.96,331
8803,8804,120.12,123.68,3.56,431
8804,8805,155.31,161.28,5.97,282
8805,8806,148.59,172.46,23.87,54
8806,8807,28.25,36.46,8.21,197
8807,8808,181.64,203.79,22.15,355
8808,8809,234.31,235.55,1.24,657
8809,8810,153.41,173.43,20.02,142
8810,8811,239.09,248.38,9.29,802
8811,8812,105.87,148.9,43.03,964
8812,8813,36.31,50.65,14.34,276
8813,8814,50.89,62.57,11.68,601
8814,8815,60.82,81.58,20.76,665
8815,8816,284.64,289.59,4.95,733
8816,8817,85.75,103.9,18.15,153
8817,8818,164.94,178.14,13.2,55
8818,8819,85.44,98.18,12.74,461
8819,8820,98.65,99.16,0.51,804
8820,8821,243.94,297.8,53.86,744
8821,8822,166.1,167.09,0.99,588
8822,8823,158.57,168.87,10.3,962
8823,8824,38.84,41.19,2.35,649
8824,8825,44.83,48.03,3.2,314
8825,8826,226.67,279.77,53.1,113
8826,8827,190.07,245.61,55.54,301
8827,8828,55.51,61.39,5.88,909
8828,8829,211.62,284.27,72.65,243
8829,8830,177.8,191.7,13.9,352
8830,8831,116.29,146.18,29.89,646
8831,8832,116.05,119.86,3.81,994
8832,8833,274.33,290.76,16.43,991
8833,8834,43.41,52.05,8.64,75
8834,8835,17.62,21.52,3.9,399
8835,8836,190.8,247.25,56.45,780
8836,8837,106.19,106.94,0.75,144
8837,8838,227.91,264.5,36.59,418
8838,8839,79.28,80.51,1.23,239
8839,8840,177.39,197.58,20.19,652
8840,8841,198.35,208.35,10.0,127
8841,8842,110.32,153.99,43.67,396
8842,8843,104.64,105.49,0.85,943
8843,8844,54.27,72.75,18.48,406
8844,8845,194.7,274.19,79.49,645
8845,8846,167.54,216.65,49.11,858
8846,8847,156.52,196.4,39.88,799
8847,8848,99.11,114.76,15.65,299
8848,8849,290.45,293.47,3.02,25
8849,8850,136.45,175.63,39.18,924
8850,8851,217.43,233.37,15.94,851
8851,8852,8.45,8.96,0.51,890
8852,8853,60.48,74.77,14.29,305
8853,8854,47.87,66.9,19.03,891
8854,8855,94.67,104.52,9.85,136
8855,8856,195.17,226.35,31.18,438
8856,8857,53.16,61.12,7.96,252
8857,8858,137.41,138.98,1.57,597
8858,8859,124.75,176.03,51.28,948
8859,8860,289.17,295.42,6.25,851
8860,8861,160.99,215.47,54.48,187
8861,8862,159.1,202.78,43.68,330
8862,8863,166.91,204.98,38.07,896
8863,8864,203.2,277.71,74.51,67
8864,8865,177.14,189.14,12.0,154
8865,8866,149.69,203.75,54.06,659
8866,8867,73.65,98.7,25.05,422
8867,8868,100.84,114.94,14.1,784
8868,8869,177.93,217.47,39.54,995
8869,8870,106.47,111.74,5.27,616
8870,8871,185.12,212.03,26.91,519
8871,8872,256.7,291.69,34.99,844
8872,8873,92.01,95.88,3.87,636
8873,8874,60.4,80.32,19.92,939
8874,8875,191.61,196.74,5.13,558
8875,8876,213.43,228.85,15.42,26
8876,8877,195.86,225.3,29.44,238
8877,8878,236.56,254.7,18.14,502
8878,8879,50.67,68.73,18.06,357
8879,8880,211.29,265.93,54.64,496
8880,8881,152.91,160.01,7.1,934
8881,8882,121.4,146.18,24.78,511
8882,8883,210.63,218.03,7.4,225
8883,8884,182.75,198.85,16.1,400
8884,8885,70.62,88.22,17.6,919
8885,8886,6.92,9.72,2.8,716
8886,8887,154.3,166.66,12.36,827
8887,8888,15.52,17.89,2.37,877
8888,8889,221.01,237.7,16.69,704
8889,8890,206.88,245.16,38.28,539
8890,8891,152.55,173.32,20.77,747
8891,8892,253.63,280.01,26.38,104
8892,8893,251.72,265.03,13.31,615
8893,8894,158.89,215.6,56.71,622
8894,8895,66.55,81.74,15.19,489
8895,8896,91.41,124.87,33.46,909
8896,8897,175.82,207.1,31.28,592
8897,8898,112.88,145.2,32.32,30
8898,8899,166.89,220.25,53.36,27
8899,8900,83.65,116.22,32.57,57
8900,8901,155.27,162.42,7.15,588
8901,8902,227.94,284.62,56.68,845
8902,8903,35.14,39.74,4.6,518
8903,8904,112.77,120.1,7.33,83
8904,8905,201.36,261.59,60.23,763
8905,8906,136.31,149.54,13.23,985
8906,8907,74.14,89.34,15.2,431
8907,8908,224.85,291.53,66.68,235
8908,8909,124.94,153.79,28.85,104
8909,8910,169.61,179.57,9.96,483
8910,8911,200.66,276.03,75.37,822
8911,8912,233.25,297.76,64.51,436
8912,8913,62.21,76.27,14.06,875
8913,8914,200.75,211.04,10.29,211
8914,8915,278.37,284.59,6.22,353
8915,8916,58.66,65.9,7.24,825
8916,8917,243.96,264.47,20.51,745
8917,8918,205.59,282.29,76.7,955
8918,8919,126.78,140.06,13.28,230
8919,8920,107.63,116.18,8.55,867
8920,8921,249.88,264.28,14.4,392
8921,8922,42.48,48.84,6.36,458
8922,8923,252.81,277.79,24.98,203
8923,8924,35.47,36.11,0.64,319
8924,8925,105.04,130.38,25.34,252
8925,8926,90.75,101.63,10.88,31
8926,8927,164.64,190.61,25.97,688
8927,8928,157.2,191.88,34.68,417
8928,8929,183.47,187.39,3.92,584
8929,8930,74.25,81.28,7.03,871
8930,8931,150.99,161.86,10.87,17
8931,8932,75.22,80.44,5.22,183
8932,8933,101.42,143.66,42.24,865
8933,8934,213.5,233.56,20.06,59
8934,8935,189.52,200.13,10.61,190
8935,8936,127.75,150.62,22.87,693
8936,8937,145.06,164.1,19.04,780
8937,8938,8.99,9.68,0.69,329
8938,8939,168.62,206.78,38.16,792
8939,8940,139.35,153.16,13.81,912
8940,8941,153.1,163.06,9.96,934
8941,8942,220.05,294.95,74.9,340
8942,8943,276.17,299.98,23.81,414
8943,8944,186.78,192.37,5.59,453
8944,8945,133.47,146.22,12.75,379
8945,8946,62.37,66.8,4.43,426
8946,8947,130.19,177.17,46.98,385
8947,8948,221.43,289.53,68.1,653
8948,8949,235.62,239.83,4.21,624
8949,8950,82.53,84.61,2.08,670
8950,8951,173.5,223.14,49.64,189
8951,8952,101.66,122.55,20.89,143
8952,8953,80.5,93.6,13.1,687
8953,8954,208.98,232.29,23.31,982
8954,8955,82.52,109.08,26.56,935
8955,8956,18.84,21.52,2.68,579
8956,8957,209.12,284.83,75.71,189
8957,8958,105.5,113.06,7.56,499
8958,8959,48.0,65.0,17.0,376
8959,8960,73.8,76.58,2.78,877
8960,8961,194.93,265.98,71.05,419
8961,8962,32.18,36.19,4.01,273
8962,8963,49.21,52.25,3.04,834
8963,8964,90.12,118.04,27.92,82
8964,8965,227.66,234.63,6.97,824
8965,8966,166.47,185.27,18.8,37
8966,8967,189.76,191.17,1.41,443
8967,8968,25.1,27.39,2.29,939
8968,8969,239.54,281.75,42.21,760
8969,8970,64.17,73.15,8.98,235
8970,8971,55.43,76.47,21.04,520
8971,8972,45.14,57.01,11.87,14
8972,8973,13.29,16.87,3.58,494
8973,8974,28.72,33.85,5.13,113
8974,8975,279.39,286.7,7.31,593
8975,8976,212.18,260.58,48.4,849
8976,8977,192.15,247.72,55.57,506
8977,8978,192.75,274.22,81.47,364
8978,8979,58.9,64.92,6.02,15
8979,8980,245.91,254.48,8.57,257
8980,8981,99.1,118.67,19.57,144
8981,8982,15.57,20.2,4.63,35
8982,8983,50.5,58.47,7.97,942
8983,8984,13.4,18.23,4.83,881
8984,8985,69.91,98.0,28.09,700
8985,8986,12.24,13.02,0.78,462
8986,8987,75.93,83.34,7.41,601
8987,8988,159.25,208.99,49.74,151
8988,8989,70.49,95.27,24.78,439
8989,8990,200.21,267.31,67.1,216
8990,8991,97.72,117.49,19.77,192
8991,8992,100.65,107.89,7.24,950
8992,8993,97.97,105.65,7.68,997
8993,8994,227.46,244.95,17.49,488
8994,8995,147.94,167.19,19.25,302
8995,8996,183.75,226.69,42.94,603
8996,8997,136.63,172.15,35.52,608
8997,8998,110.72,118.97,8.25,249
8998,8999,141.3,170.45,29.15,198
8999,9000,28.05,33.94,5.89,184
9000,9001,217.77,271.22,53.45,292
9001,9002,93.03,99.99,6.96,422
9002,9003,78.16,102.84,24.68,426
9003,9004,80.37,107.07,26.7,163
9004,9005,8.0,9.07,1.07,482
9005,9006,123.51,157.11,33.6,944
9006,9007,26.87,28.16,1.29,476
9007,9008,123.6,159.7,36.1,986
9008,9009,181.42,214.31,32.89,396
9009,9010,130.58,163.25,32.67,915
9010,9011,240.03,249.95,9.92,675
9011,9012,116.39,123.09,6.7,720
9012,9013,135.12,153.29,18.17,634
9013,9014,166.1,222.88,56.78,420
9014,9015,67.33,76.9,9.57,525
9015,9016,83.41,86.63,3.22,46
9016,9017,100.82,128.83,28.01,956
9017,9018,148.75,196.89,48.14,322
9018,9019,107.07,152.17,45.1,814
9019,9020,52.47,67.01,14.54,764
9020,9021,136.67,143.69,7.02,799
9021,9022,63.38,86.23,22.85,537
9022,9023,5.93,8.46,2.53,55
9023,9024,223.2,269.91,46.71,770
9024,9025,230.12,260.49,30.37,486
9025,9026,113.82,123.12,9.3,973
9026,9027,86.95,106.38,19.43,62
9027,9028,101.95,141.29,39.34,59
9028,9029,153.55,216.95,63.4,167
9029,9030,260.08,282.02,21.94,72
9030,9031,174.68,229.13,54.45,591
9031,9032,84.93,90.51,5.58,994
9032,9033,107.46,122.73,15.27,592
9033,9034,218.45,224.87,6.42,972
9034,9035,187.88,227.53,39.65,770
9035,9036,249.58,266.4,16.82,208
9036,9037,92.8,100.16,7.36,771
9037,9038,280.2,284.91,4.71,977
9038,9039,207.58,228.8,21.22,185
9039,9040,38.4,53.41,15.01,765
9040,9041,37.84,53.87,16.03,783
9041,9042,54.62,55.64,1.02,492
9042,9043,127.22,178.17,50.95,524
9043,9044,130.31,171.19,40.88,604
9044,9045,213.36,256.46,43.1,673
9045,9046,140.62,184.46,43.84,190
9046,9047,26.45,34.87,8.42,429
9047,9048,47.68,54.84,7.16,428
9048,9049,254.67,294.82,40.15,93
9049,9050,49.33,49.94,0.61,134
9050,9051,155.51,218.62,63.11,468
9051,9052,80.89,105.11,24.22,277
9052,9053,160.85,204.65,43.8,769
9053,9054,6.97,7.9,0.93,274
9054,9055,175.49,225.91,50.42,992
9055,9056,102.88,110.02,7.14,538
9056,9057,235.73,256.16,20.43,376
9057,9058,149.95,213.77,63.82,483
9058,9059,137.81,146.83,9.02,914
9059,9060,168.06,220.33,52.27,597
9060,9061,84.06,102.07,18.01,559
9061,9062,49.05,52.76,3.71,78
9062,9063,110.4,118.31,7.91,341
9063,9064,130.13,135.0,4.87,630
9064,9065,11.72,15.95,4.23,208
9065,9066,121.1,122.79,1.69,390
9066,9067,13.82,16.62,2.8,526
9067,9068,74.97,103.81,28.84,130
9068,9069,172.71,181.1,8.39,992
9069,9070,135.51,160.14,24.63,104
9070,9071,121.65,135.55,13.9,373
9071,9072,106.11,109.81,3.7,182
9072,9073,40.92,53.77,12.85,33
9073,9074,230.49,245.97,15.48,62
9074,9075,147.36,175.53,28.17,138
9075,9076,44.7,55.7,11.0,351
9076,9077,95.86,117.68,21.82,939
9077,9078,191.28,264.39,73.11,836
9078,9079,142.23,146.9,4.67,163
9079,9080,99.29,114.81,15.52,807
9080,9081,211.55,289.1,77.55,306
9081,9082,132.2,178.2,46.0,192
9082,9083,253.67,271.57,17.9,753
9083,9084,112.55,121.75,9.2,856
9084,9085,258.0,279.22,21.22,934
9085,9086,57.76,67.03,9.27,168
9086,9087,28.65,38.97,10.32,621
9087,9088,178.61,206.82,28.21,754
9088,9089,219.83,224.55,4.72,236
9089,9090,225.65,252.34,26.69,559
9090,9091,131.48,161.53,30.05,120
9091,9092,80.32,97.23,16.91,474
9092,9093,41.57,51.4,9.83,446
9093,9094,23.35,27.42,4.07,434
9094,9095,97.86,120.8,22.94,155
9095,9096,199.16,267.02,67.86,947
9096,9097,119.34,155.52,36.18,676
9097,9098,188.85,212.15,23.3,323
9098,9099,199.46,266.32,66.86,157
9099,9100,215.64,286.43,70.79,474
9100,9101,146.65,159.9,13.25,610
9101,9102,124.13,161.21,37.08,749
9102,9103,72.82,97.0,24.18,429
9103,9104,152.1,163.82,11.72,163
9104,9105,100.82,143.14,42.32,971
9105,9106,152.31,168.86,16.55,899
9106,9107,112.23,151.17,38.94,351
9107,9108,223.01,259.08,36.07,211
9108,9109,136.49,151.92,15.43,802
9109,9110,101.28,101.83,0.55,526
9110,9111,49.31,50.0,0.69,90
9111,9112,69.05,87.47,18.42,696
9112,9113,24.18,27.83,3.65,432
9113,9114,99.48,126.17,26.69,940
9114,9115,99.53,113.35,13.82,617
9115,9116,131.26,141.46,10.2,168
9116,9117,239.28,284.98,45.7,836
9117,9118,94.64,119.48,24.84,909
9118,9119,4.62,5.54,0.92,542
9119,9120,94.0,125.39,31.39,212
9120,9121,138.73,155.68,16.95,917
9121,9122,45.9,48.52,2.62,279
9122,9123,234.96,255.66,20.7,66
9123,9124,39.05,53.34,14.29,213
9124,9125,188.04,189.61,1.57,121
9125,9126,138.23,149.91,11.68,596
9126,9127,207.03,225.09,18.06,314
9127,9128,249.52,270.0,20.48,514
9128,9129,180.44,193.34,12.9,957
9129,9130,234.68,256.83,22.15,639
9130,9131,40.12,52.52,12.4,550
9131,9132,194.15,257.45,63.3,851
9132,9133,260.7,284.79,24.09,621
9133,9134,42.93,56.48,13.55,91
9134,9135,170.31,188.76,18.45,932
9135,9136,135.05,156.71,21.66,467
9136,9137,96.48,130.43,33.95,274
9137,9138,204.2,217.96,13.76,130
9138,9139,88.2,117.78,29.58,49
9139,9140,76.94,83.88,6.94,632
9140,9141,44.57,54.0,9.43,987
9141,9142,224.17,228.08,3.91,171
9142,9143,226.18,256.18,30.0,676
9143,9144,197.77,274.86,77.09,476
9144,9145,32.77,41.47,8.7,528
9145,9146,26.36,32.52,6.16,178
9146,9147,88.08,120.57,32.49,14
9147,9148,86.52,110.49,23.97,208
9148,9149,205.79,259.13,53.34,776
9149,9150,16.02,19.39,3.37,841
9150,9151,22.66,26.87,4.21,53
9151,9152,208.95,227.57,18.62,482
9152,9153,225.86,276.27,50.41,679
9153,9154,49.45,63.71,14.26,616
9154,9155,247.94,283.9,35.96,554
9155,9156,244.21,269.9,25.69,948
9156,9157,234.6,281.31,46.71,912
9157,9158,68.19,82.03,13.84,734
9158,9159,162.1,185.67,23.57,733
9159,9160,12.07,16.39,4.32,23
9160,9161,116.17,135.52,19.35,530
9161,9162,171.59,241.17,69.58,224
9162,9163,28.57,30.88,2.31,680
9163,9164,9.69,12.42,2.73,526
9164,9165,141.02,192.69,51.67,873
9165,9166,180.63,222.97,42.34,112
9166,9167,27.06,37.99,10.93,125
9167,9168,215.18,282.94,67.76,462
9168,9169,84.4,90.94,6.54,100
9169,9170,18.34,19.23,0.89,309
9170,9171,162.89,196.93,34.04,562
9171,9172,154.79,158.72,3.93,480
9172,9173,114.79,140.16,25.37,453
9173,9174,223.06,254.47,31.41,759
9174,9175,224.48,231.98,7.5,957
9175,9176,79.69,83.63,3.94,858
9176,9177,179.21,230.06,50.85,408
9177,9178,31.63,35.53,3.9,659
9178,9179,89.4,121.69,32.29,346
9179,9180,52.84,67.46,14.62,464
9180,9181,170.74,185.13,14.39,306
9181,9182,268.05,272.39,4.34,724
9182,9183,58.83,60.15,1.32,892
9183,9184,113.4,130.69,17.29,993
9184,9185,81.93,114.39,32.46,325
9185,9186,223.17,231.19,8.02,356
9186,9187,9.69,11.89,2.2,547
9187,9188,189.41,268.82,79.41,422
9188,9189,100.76,114.62,13.86,581
9189,9190,62.76,74.37,11.61,738
9190,9191,259.86,297.72,37.86,23
9191,9192,210.75,237.3,26.55,62
9192,9193,114.4,125.16,10.76,824
9193,9194,21.01,23.39,2.38,728
9194,9195,218.99,269.28,50.29,613
9195,9196,143.39,172.91,29.52,205
9196,9197,29.37,36.51,7.14,780
9197,9198,58.32,74.67,16.35,825
9198,9199,126.42,160.5,34.08,655
9199,9200,5.67,6.29,0.62,447
9200,9201,46.15,61.93,15.78,702
9201,9202,112.2,117.68,5.48,533
9202,9203,123.46,127.68,4.22,18
9203,9204,3.96,5.09,1.13,352
9204,9205,63.27,67.09,3.82,822
9205,9206,285.19,291.51,6.32,544
9206,9207,11.41,15.03,3.62,427
9207,9208,142.32,170.34,28.02,334
9208,9209,171.83,215.41,43.58,637
9209,9210,174.93,199.16,24.23,989
9210,9211,196.03,205.63,9.6,616
9211,9212,133.84,185.69,51.85,156
9212,9213,92.28,119.81,27.53,370
9213,9214,103.76,112.91,9.15,665
9214,9215,83.25,115.78,32.53,139
9215,9216,241.62,291.6,49.98,788
9216,9217,114.97,142.73,27.76,44
9217,9218,179.29,255.31,76.02,729
9218,9219,75.09,106.01,30.92,508
9219,9220,141.33,150.4,9.07,535
9220,9221,27.13,34.19,7.06,993
9221,9222,35.72,46.76,11.04,754
9222,9223,134.37,172.7,38.33,47
9223,9224,17.4,18.0,0.6,745
9224,9225,154.02,168.71,14.69,12
9225,9226,127.87,141.75,13.88,539
9226,9227,41.63,43.8,2.17,86
9227,9228,101.86,135.77,33.91,701
9228,9229,80.86,105.28,24.42,310
9229,9230,119.95,132.88,12.93,560
9230,9231,179.89,210.77,30.88,973
9231,9232,157.42,195.23,37.81,673
9232,9233,121.35,160.4,39.05,146
9233,9234,66.44,93.15,26.71,349
9234,9235,151.97,181.38,29.41,245
9235,9236,78.5,80.35,1.85,736
9236,9237,232.89,296.69,63.8,586
9237,9238,193.86,196.56,2.7,30
9238,9239,84.42,100.74,16.32,840
9239,9240,235.0,239.62,4.62,924
9240,9241,18.19,19.82,1.63,263
9241,9242,190.34,196.35,6.01,714
9242,9243,189.84,207.87,18.03,715
9243,9244,109.2,137.7,28.5,690
9244,9245,101.48,128.89,27.41,809
9245,9246,208.76,283.29,74.53,457
9246,9247,36.62,43.27,6.65,837
9247,9248,62.93,69.57,6.64,565
9248,9249,9.83,10.58,0.75,177
9249,9250,132.37,136.98,4.61,730
9250,9251,173.37,180.94,7.57,249
9251,9252,81.61,83.29,1.68,623
9252,9253,189.69,218.06,28.37,895
9253,9254,153.17,155.65,2.48,195
9254,9255,94.0,97.38,3.38,433
9255,9256,188.03,248.09,60.06,788
9256,9257,265.0,271.5,6.5,261
9257,9258,163.82,225.68,61.86,883
9258,9259,23.67,31.08,7.41,973
9259,9260,186.35,250.01,63.66,611
9260,9261,116.58,120.09,3.51,725
9261,9262,180.5,183.23,2.73,627
9262,9263,31.94,44.85,12.91,998
9263,9264,164.61,207.07,42.46,300
9264,9265,196.91,259.8,62.89,590
9265,9266,154.93,207.79,52.86,465
9266,9267,20.97,26.0,5.03,79
9267,9268,147.19,164.92,17.73,28
9268,9269,216.78,271.37,54.59,636
9269,9270,210.84,222.89,12.05,289
9270,9271,180.42,229.45,49.03,510
9271,9272,107.09,118.43,11.34,45
9272,9273,83.71,110.81,27.1,804
9273,9274,115.9,119.6,3.7,248
9274,9275,181.15,236.66,55.51,746
9275,9276,87.51,120.69,33.18,457
9276,9277,86.42,92.29,5.87,393
9277,9278,152.04,165.35,13.31,70
9278,9279,133.46,141.08,7.62,38
9279,9280,133.47,158.45,24.98,23
9280,9281,96.01,117.88,21.87,639
9281,9282,63.9,67.27,3.37,652
9282,9283,151.81,207.77,55.96,149
9283,9284,174.73,246.08,71.35,226
9284,9285,237.34,255.97,18.63,232
9285,9286,179.85,255.3,75.45,651
9286,9287,71.9,73.44,1.54,102
9287,9288,78.16,97.29,19.13,204
9288,9289,205.35,214.2,8.85,589
9289,9290,61.77,69.92,8.15,597
9290,9291,33.43,36.23,2.8,540
9291,9292,238.31,266.77,28.46,713
9292,9293,146.69,157.79,11.1,748
9293,9294,50.57,58.52,7.95,904
9294,9295,156.69,184.16,27.47,555
9295,9296,175.12,175.65,0.53,844
9296,9297,16.81,18.46,1.65,516
9297,9298,56.19,56.69,0.5,204
9298,9299,169.08,239.15,70.07,174
9299,9300,145.56,195.89,50.33,787
9300,9301,177.28,201.46,24.18,158
9301,9302,21.47,25.87,4.4,288
9302,9303,7.67,10.33,2.66,750
9303,9304,187.3,216.7,29.4,68
9304,9305,139.09,140.06,0.97,322
9305,9306,107.88,133.85,25.97,587
9306,9307,63.06,78.47,15.41,709
9307,9308,134.31,156.7,22.39,492
9308,9309,132.04,150.82,18.78,241
9309,9310,75.26,99.87,24.61,275
9310,9311,59.95,61.78,1.83,267
9311,9312,30.84,31.97,1.13,246
9312,9313,213.2,237.31,24.11,664
9313,9314,222.73,292.7,69.97,18
9314,9315,205.69,219.38,13.69,859
9315,9316,104.24,133.32,29.08,121
9316,9317,146.15,153.67,7.52,479
9317,9318,130.77,136.7,5.93,114
9318,9319,222.52,254.81,32.29,951
9319,9320,141.44,151.46,10.02,605
9320,9321,111.58,133.94,22.36,820
9321,9322,267.43,287.19,19.76,547
9322,9323,52.03,68.44,16.41,907
9323,9324,44.27,49.79,5.52,919
9324,9325,79.92,111.25,31.33,785
9325,9326,133.15,138.27,5.12,332
9326,9327,35.85,43.22,7.37,428
9327,9328,40.4,41.51,1.11,782
9328,9329,60.52,66.16,5.64,979
9329,9330,100.76,132.7,31.94,538
9330,9331,193.49,224.15,30.66,661
9331,9332,145.21,192.85,47.64,493
9332,9333,232.35,240.63,8.28,536
9333,9334,248.7,289.07,40.37,476
9334,9335,208.03,249.16,41.13,587
9335,9336,248.1,259.61,11.51,973
9336,9337,119.98,131.25,11.27,201
9337,9338,59.06,65.61,6.55,965
9338,9339,8.43,11.47,3.04,954
9339,9340,103.24,135.05,31.81,623
9340,9341,27.23,37.7,10.47,667
9341,9342,220.45,234.55,14.1,735
9342,9343,144.26,152.73,8.47,482
9343,9344,160.12,228.47,68.35,944
9344,9345,136.12,144.15,8.03,388
9345,9346,212.42,257.33,44.91,210
9346,9347,224.37,269.95,45.58,471
9347,9348,6.57,8.05,1.48,219
9348,9349,235.61,292.25,56.64,219
9349,9350,102.25,136.89,34.64,374
9350,9351,122.53,123.75,1.22,728
9351,9352,100.45,141.33,40.88,594
9352,9353,95.6,104.47,8.87,835
9353,9354,177.59,231.63,54.04,160
9354,9355,140.83,141.46,0.63,544
9355,9356,141.16,165.4,24.24,844
9356,9357,73.86,82.85,8.99,611
9357,9358,213.47,262.42,48.95,444
9358,9359,6.83,9.72,2.89,901
9359,9360,87.36,90.87,3.51,429
9360,9361,134.77,154.7,19.93,18
9361,9362,194.06,246.46,52.4,962
9362,9363,48.26,59.63,11.37,746
9363,9364,51.7,61.67,9.97,354
9364,9365,88.88,124.06,35.18,180
9365,9366,132.6,166.31,33.71,488
9366,9367,258.56,278.94,20.38,246
9367,9368,137.51,154.62,17.11,831
9368,9369,28.73,38.29,9.56,237
9369,9370,34.23,45.74,11.51,256
9370,9371,66.43,71.7,5.27,150
9371,9372,59.11,60.05,0.94,510
9372,9373,161.85,223.04,61.19,836
9373,9374,57.67,73.46,15.79,96
9374,9375,96.0,103.96,7.96,356
9375,9376,122.05,137.48,15.43,265
9376,9377,83.46,105.77,22.31,848
9377,9378,90.17,128.74,38.57,381
9378,9379,147.04,206.06,59.02,627
9379,9380,68.46,82.31,13.85,977
9380,9381,37.5,39.15,1.65,987
9381,9382,125.86,159.4,33.54,656
9382,9383,283.75,292.53,8.78,589
9383,9384,243.97,296.17,52.2,375
9384,9385,19.48,26.91,7.43,812
9385,9386,143.25,185.86,42.61,128
9386,9387,87.04,119.38,32.34,163
9387,9388,162.76,221.22,58.46,912
9388,9389,71.6,74.45,2.85,85
9389,9390,25.94,29.43,3.49,948
9390,9391,108.44,124.31,15.87,445
9391,9392,42.32,50.06,7.74,852
9392,9393,51.6,64.21,12.61,937
9393,9394,192.54,195.36,2.82,321
9394,9395,60.62,81.0,20.38,59
9395,9396,103.98,142.81,38.83,113
9396,9397,65.38,67.89,2.51,667
9397,9398,54.29,73.12,18.83,72
9398,9399,186.27,264.11,77.84,589
9399,9400,194.06,235.31,41.25,278
9400,9401,158.44,165.52,7.08,612
9401,9402,194.6,264.18,69.58,963
9402,9403,270.3,270.9,0.6,348
9403,9404,248.73,255.03,6.3,107
9404,9405,110.44,125.64,15.2,711
9405,9406,159.46,167.58,8.12,846
9406,9407,193.17,218.84,25.67,781
9407,9408,244.26,271.62,27.36,231
9408,9409,49.3,61.76,12.46,135
9409,9410,151.85,207.2,55.35,482
9410,9411,14.73,17.34,2.61,934
9411,9412,60.31,68.82,8.51,595
9412,9413,188.61,198.66,10.05,891
9413,9414,219.01,281.58,62.57,58
9414,9415,33.54,46.31,12.77,784
9415,9416,233.27,247.86,14.59,622
9416,9417,204.13,241.79,37.66,870
9417,9418,193.57,230.26,36.69,817
9418,9419,278.81,293.84,15.03,747
9419,9420,213.44,250.23,36.79,133
9420,9421,155.08,215.19,60.11,93
9421,9422,106.49,138.11,31.62,777
9422,9423,170.34,181.88,11.54,628
9423,9424,264.82,266.61,1.79,292
9424,9425,143.57,192.18,48.61,163
9425,9426,273.56,283.45,9.89,455
9426,9427,118.66,158.29,39.63,614
9427,9428,5.41,6.0,0.59,679
9428,9429,181.09,185.56,4.47,370
9429,9430,48.95,57.97,9.02,982
9430,9431,41.69,54.09,12.4,728
9431,9432,88.01,111.63,23.62,55
9432,9433,11.15,15.0,3.85,70
9433,9434,217.0,250.05,33.05,746
9434,9435,199.08,214.12,15.04,633
9435,9436,150.55,185.23,34.68,979
9436,9437,210.8,213.4,2.6,394
9437,9438,39.37,53.07,13.7,913
9438,9439,82.06,93.83,11.77,830
9439,9440,147.65,149.83,2.18,358
9440,9441,139.13,174.28,35.15,167
9441,9442,173.83,219.06,45.23,122
9442,9443,238.16,240.88,2.72,424
9443,9444,228.07,256.51,28.44,564
9444,9445,80.97,83.16,2.19,894
9445,9446,224.23,270.86,46.63,17
9446,9447,226.67,255.9,29.23,346
9447,9448,120.07,128.92,8.85,685
9448,9449,30.33,40.93,10.6,724
9449,9450,9.41,11.3,1.89,952
9450,9451,199.53,248.93,49.4,146
9451,9452,47.44,49.58,2.14,300
9452,9453,120.61,162.5,41.89,862
9453,9454,242.29,298.23,55.94,304
9454,9455,120.52,136.35,15.83,896
9455,9456,34.04,40.92,6.88,452
9456,9457,223.1,223.72,0.62,554
9457,9458,230.46,299.06,68.6,986
9458,9459,221.11,287.55,66.44,165
9459,9460,241.53,247.67,6.14,358
9460,9461,140.17,190.41,50.24,995
9461,9462,137.54,184.54,47.0,844
9462,9463,169.05,224.12,55.07,583
9463,9464,143.94,197.32,53.38,215
9464,9465,273.24,291.14,17.9,146
9465,9466,51.82,57.32,5.5,146
9466,9467,149.58,163.5,13.92,267
9467,9468,52.21,68.74,16.53,512
9468,9469,241.02,264.32,23.3,712
9469,9470,210.41,266.49,56.08,368
9470,9471,169.39,176.25,6.86,753
9471,9472,145.77,159.56,13.79,170
9472,9473,182.09,222.43,40.34,183
9473,9474,43.92,55.22,11.3,14
9474,9475,103.35,118.62,15.27,590
9475,9476,54.09,57.76,3.67,596
9476,9477,8.38,10.21,1.83,916
9477,9478,149.12,208.87,59.75,793
9478,9479,121.54,149.16,27.62,96
9479,9480,89.96,122.55,32.59,792
9480,9481,126.5,157.13,30.63,728
9481,9482,158.97,161.36,2.39,860
9482,9483,92.09,127.1,35.01,15
9483,9484,83.03,83.67,0.64,446
9484,9485,288.21,290.66,2.45,805
9485,9486,74.28,88.6,14.32,863
9486,9487,56.14,61.01,4.87,57
9487,9488,133.48,174.99,41.51,606
9488,9489,41.82,43.92,2.1,135
9489,9490,32.39,39.5,7.11,972
9490,9491,50.54,54.34,3.8,914
9491,9492,58.58,62.98,4.4,945
9492,9493,78.65,86.73,8.08,855
9493,9494,176.56,214.91,38.35,280
9494,9495,195.09,232.98,37.89,797
9495,9496,15.16,19.07,3.91,809
9496,9497,40.54,43.94,3.4,232
9497,9498,13.41,15.49,2.08,781
9498,9499,264.69,287.86,23.17,203
9499,9500,232.12,258.23,26.11,901
9500,9501,109.35,112.53,3.18,946
9501,9502,11.36,14.87,3.51,114
9502,9503,116.88,125.82,8.94,916
9503,9504,19.81,26.66,6.85,641
9504,9505,152.97,178.99,26.02,435
9505,9506,107.4,115.19,7.79,462
9506,9507,223.23,293.51,70.28,126
9507,9508,155.23,185.67,30.44,657
9508,9509,44.21,62.14,17.93,152
9509,9510,258.26,271.25,12.99,201
9510,9511,143.27,151.04,7.77,178
9511,9512,47.97,63.14,15.17,510
9512,9513,154.72,188.72,34.0,10
9513,9514,77.05,83.48,6.43,189
9514,9515,227.58,238.88,11.3,281
9515,9516,117.52,129.56,12.04,555
9516,9517,169.75,212.8,43.05,571
9517,9518,199.47,254.7,55.23,477
9518,9519,75.2,97.47,22.27,580
9519,9520,135.98,190.13,54.15,973
9520,9521,48.47,57.08,8.61,846
9521,9522,127.72,153.23,25.51,689
9522,9523,192.43,260.19,67.76,42
9523,9524,72.71,73.74,1.03,972
9524,9525,166.95,205.04,38.09,678
9525,9526,84.25,102.29,18.04,384
9526,9527,44.04,49.29,5.25,572
9527,9528,96.07,123.53,27.46,166
9528,9529,40.37,44.46,4.09,424
9529,9530,107.48,113.81,6.33,836
9530,9531,76.54,93.59,17.05,309
9531,9532,76.68,78.29,1.61,149
9532,9533,191.82,208.43,16.61,494
9533,9534,148.13,157.54,9.41,691
9534,9535,246.65,282.17,35.52,526
9535,9536,216.31,258.08,41.77,144
9536,9537,61.4,78.67,17.27,885
9537,9538,12.18,15.43,3.25,553
9538,9539,137.63,142.76,5.13,889
9539,9540,248.9,271.93,23.03,604
9540,9541,276.17,292.76,16.59,108
9541,9542,91.19,121.69,30.5,608
9542,9543,108.14,113.95,5.81,513
9543,9544,22.31,27.89,5.58,482
9544,9545,28.69,39.82,11.13,104
9545,9546,123.24,155.02,31.78,807
9546,9547,221.14,260.77,39.63,896
9547,9548,152.18,195.92,43.74,495
9548,9549,219.58,234.81,15.23,160
9549,9550,182.81,250.61,67.8,938
9550,9551,175.95,189.08,13.13,552
9551,9552,146.4,159.96,13.56,774
9552,9553,197.18,225.31,28.13,391
9553,9554,77.47,83.79,6.32,837
9554,9555,58.76,78.54,19.78,119
9555,9556,137.32,186.91,49.59,379
9556,9557,180.34,212.64,32.3,509
9557,9558,225.36,227.12,1.76,616
9558,9559,42.25,50.35,8.1,844
9559,9560,20.23,25.71,5.48,241
9560,9561,162.98,222.8,59.82,253
9561,9562,86.19,105.18,18.99,788
9562,9563,169.1,231.81,62.71,665
9563,9564,142.62,154.12,11.5,399
9564,9565,48.76,57.51,8.75,323
9565,9566,117.81,122.0,4.19,441
9566,9567,71.98,87.1,15.12,135
9567,9568,132.43,144.54,12.11,371
9568,9569,5.62,7.1,1.48,972
9569,9570,145.47,179.38,33.91,492
9570,9571,106.32,111.75,5.43,929
9571,9572,142.04,157.06,15.02,816
9572,9573,36.52,41.93,5.41,716
9573,9574,148.73,194.7,45.97,321
9574,9575,218.81,240.42,21.61,830
9575,9576,154.62,187.41,32.79,977
9576,9577,52.31,53.16,0.85,800
9577,9578,177.9,186.37,8.47,79
9578,9579,125.81,136.05,10.24,377
9579,9580,255.76,272.0,16.24,713
9580,9581,214.79,234.15,19.36,384
9581,9582,50.09,54.79,4.7,938
9582,9583,75.23,91.71,16.48,70
9583,9584,87.53,107.83,20.3,825
9584,9585,116.49,123.86,7.37,645
9585,9586,196.83,221.28,24.45,766
9586,9587,221.18,256.6,35.42,699
9587,9588,52.34,70.94,18.6,667
9588,9589,150.94,155.97,5.03,739
9589,9590,175.35,179.97,4.62,573
9590,9591,64.71,69.78,5.07,366
9591,9592,135.64,173.24,37.6,698
9592,9593,201.51,222.45,20.94,158
9593,9594,111.26,143.64,32.38,413
9594,9595,87.64,114.31,26.67,706
9595,9596,138.89,159.06,20.17,17
9596,9597,33.33,47.2,13.87,468
9597,9598,223.06,241.63,18.57,319
9598,9599,63.29,76.51,13.22,103
9599,9600,100.73,123.88,23.15,150
9600,9601,202.06,247.41,45.35,21
9601,9602,100.56,113.57,13.01,887
9602,9603,113.96,138.89,24.93,331
9603,9604,198.8,245.09,46.29,584
9604,9605,268.62,298.67,30.05,935
9605,9606,181.13,183.49,2.36,367
9606,9607,43.22,56.71,13.49,775
9607,9608,22.77,32.35,9.58,701
9608,9609,99.2,129.47,30.27,876
9609,9610,185.75,251.48,65.73,583
9610,9611,248.78,285.32,36.54,142
9611,9612,198.64,261.84,63.2,573
9612,9613,22.47,25.7,3.23,22
9613,9614,84.08,119.66,35.58,159
9614,9615,121.77,142.68,20.91,850
9615,9616,268.8,277.75,8.95,432
9616,9617,68.4,78.51,10.11,312
9617,9618,81.96,87.84,5.88,164
9618,9619,49.78,51.3,1.52,306
9619,9620,99.27,116.21,16.94,662
9620,9621,236.56,284.46,47.9,454
9621,9622,36.87,48.35,11.48,462
9622,9623,176.45,249.28,72.83,203
9623,9624,202.82,241.42,38.6,437
9624,9625,14.14,16.56,2.42,328
9625,9626,9.9,13.9,4.0,426
9626,9627,87.84,95.58,7.74,753
9627,9628,270.05,288.13,18.08,666
9628,9629,196.44,220.15,23.71,559
9629,9630,208.65,295.44,86.79,251
9630,9631,142.63,201.17,58.54,251
9631,9632,98.74,99.68,0.94,635
9632,9633,174.46,239.45,64.99,523
9633,9634,21.32,24.55,3.23,51
9634,9635,194.86,235.51,40.65,653
9635,9636,238.54,284.81,46.27,85
9636,9637,119.69,164.96,45.27,478
9637,9638,87.55,90.24,2.69,194
9638,9639,68.99,77.89,8.9,685
9639,9640,105.38,115.75,10.37,219
9640,9641,231.25,240.39,9.14,643
9641,9642,139.41,146.34,6.93,934
9642,9643,114.82,137.84,23.02,971
9643,9644,50.65,58.54,7.89,778
9644,9645,169.69,182.11,12.42,375
9645,9646,270.23,273.01,2.78,820
9646,9647,125.54,155.01,29.47,704
9647,9648,17.0,17.65,0.65,437
9648,9649,262.82,271.4,8.58,714
9649,9650,78.9,97.18,18.28,871
9650,9651,171.2,222.84,51.64,227
9651,9652,195.97,199.7,3.73,855
9652,9653,111.62,150.14,38.52,271
9653,9654,68.79,96.79,28.0,95
9654,9655,79.46,91.75,12.29,514
9655,9656,177.79,250.62,72.83,710
9656,9657,72.65,96.85,24.2,48
9657,9658,68.46,73.34,4.88,483
9658,9659,78.96,100.95,21.99,396
9659,9660,257.15,268.21,11.06,91
9660,9661,216.36,218.16,1.8,282
9661,9662,131.39,148.94,17.55,868
9662,9663,179.41,247.82,68.41,559
9663,9664,8.16,8.88,0.72,121
9664,9665,201.96,247.67,45.71,577
9665,9666,78.68,102.39,23.71,752
9666,9667,203.92,244.56,40.64,257
9667,9668,81.5,97.77,16.27,66
9668,9669,9.91,10.91,1.0,758
9669,9670,119.92,149.15,29.23,194
9670,9671,252.28,288.68,36.4,716
9671,9672,195.02,204.21,9.19,953
9672,9673,215.2,293.27,78.07,908
9673,9674,232.66,264.84,32.18,431
9674,9675,137.68,188.74,51.06,953
9675,9676,218.68,254.49,35.81,736
9676,9677,284.66,294.43,9.77,314
9677,9678,103.64,105.18,1.54,88
9678,9679,68.75,83.15,14.4,324
9679,9680,187.92,263.22,75.3,671
9680,9681,164.34,179.39,15.05,942
9681,9682,260.07,276.09,16.02,783
9682,9683,104.38,113.89,9.51,953
9683,9684,33.59,42.88,9.29,71
9684,9685,130.67,142.0,11.33,958
9685,9686,106.2,112.52,6.32,760
9686,9687,16.94,21.33,4.39,750
9687,9688,49.38,57.32,7.94,890
9688,9689,69.68,97.29,27.61,120
9689,9690,216.06,274.78,58.72,747
9690,9691,102.74,117.76,15.02,661
9691,9692,22.52,24.96,2.44,757
9692,9693,176.29,202.96,26.67,898
9693,9694,18.59,19.41,0.82,271
9694,9695,171.88,225.0,53.12,286
9695,9696,73.18,84.57,11.39,345
9696,9697,70.67,84.77,14.1,941
9697,9698,56.28,60.07,3.79,165
9698,9699,144.09,172.6,28.51,975
9699,9700,52.92,57.61,4.69,298
9700,9701,105.86,122.64,16.78,803
9701,9702,82.85,109.8,26.95,926
9702,9703,183.72,185.61,1.89,898
9703,9704,90.03,93.39,3.36,853
9704,9705,253.3,271.73,18.43,129
9705,9706,85.27,100.25,14.98,553
9706,9707,13.47,14.65,1.18,359
9707,9708,159.13,163.0,3.87,167
9708,9709,120.72,124.69,3.97,294
9709,9710,100.67,110.76,10.09,70
9710,9711,22.8,23.4,0.6,857
9711,9712,247.01,272.19,25.18,785
9712,9713,210.04,251.58,41.54,318
9713,9714,241.65,249.87,8.22,57
9714,9715,53.72,71.34,17.62,561
9715,9716,279.95,287.6,7.65,877
9716,9717,79.43,95.76,16.33,526
9717,9718,227.32,286.97,59.65,786
9718,9719,157.45,169.12,11.67,194
9719,9720,199.36,269.18,69.82,213
9720,9721,262.19,292.77,30.58,104
9721,9722,198.59,199.54,0.95,357
9722,9723,29.53,34.8,5.27,736
9723,9724,58.21,79.54,21.33,576
9724,9725,159.77,208.42,48.65,596
9725,9726,142.58,201.64,59.06,67
9726,9727,183.79,217.7,33.91,864
9727,9728,131.85,160.92,29.07,560
9728,9729,292.83,295.74,2.91,749
9729,9730,107.21,113.6,6.39,874
9730,9731,67.82,74.77,6.95,573
9731,9732,122.3,164.91,42.61,864
9732,9733,175.07,216.71,41.64,1000
9733,9734,135.73,147.13,11.4,691
9734,9735,163.34,164.23,0.89,649
9735,9736,184.09,229.11,45.02,541
9736,9737,142.43,198.1,55.67,692
9737,9738,249.42,288.71,39.29,579
9738,9739,94.54,98.58,4.04,273
9739,9740,193.87,248.04,54.17,748
9740,9741,59.91,62.2,2.29,945
9741,9742,149.2,168.18,18.98,230
9742,9743,193.58,268.98,75.4,94
9743,9744,112.82,113.95,1.13,961
9744,9745,32.12,38.95,6.83,69
9745,9746,80.63,94.45,13.82,436
9746,9747,162.69,224.47,61.78,741
9747,9748,239.86,257.94,18.08,373
9748,9749,140.44,160.12,19.68,503
9749,9750,242.27,275.18,32.91,684
9750,9751,78.84,109.26,30.42,906
9751,9752,201.83,203.06,1.23,928
9752,9753,83.77,98.18,14.41,898
9753,9754,70.39,88.06,17.67,667
9754,9755,138.64,139.91,1.27,415
9755,9756,209.1,210.25,1.15,566
9756,9757,35.14,42.48,7.34,496
9757,9758,29.94,40.65,10.71,501
9758,9759,17.78,22.7,4.92,430
9759,9760,93.37,131.6,38.23,39
9760,9761,224.77,283.16,58.39,830
9761,9762,73.86,78.86,5.0,252
9762,9763,82.27,111.41,29.14,497
9763,9764,86.55,101.81,15.26,357
9764,9765,208.02,275.94,67.92,493
9765,9766,196.62,228.61,31.99,881
9766,9767,136.37,177.97,41.6,124
9767,9768,102.42,140.1,37.68,231
9768,9769,170.84,234.95,64.11,817
9769,9770,42.4,51.66,9.26,896
9770,9771,240.32,288.23,47.91,175
9771,9772,199.45,269.54,70.09,756
9772,9773,113.9,129.12,15.22,649
9773,9774,107.27,112.13,4.86,574
9774,9775,81.99,92.29,10.3,885
9775,9776,93.98,110.41,16.43,357
9776,9777,160.99,226.71,65.72,800
9777,9778,98.93,131.49,32.56,474
9778,9779,29.05,36.0,6.95,547
9779,9780,98.9,119.72,20.82,709
9780,9781,131.3,175.21,43.91,994
9781,9782,13.27,18.92,5.65,272
9782,9783,152.02,195.69,43.67,206
9783,9784,280.48,289.99,9.51,95
9784,9785,14.93,21.25,6.32,825
9785,9786,14.96,21.08,6.12,707
9786,9787,185.2,200.88,15.68,105
9787,9788,109.52,119.33,9.81,751
9788,9789,9.14,10.85,1.71,189
9789,9790,113.89,132.93,19.04,811
9790,9791,181.92,237.73,55.81,538
9791,9792,164.84,228.24,63.4,144
9792,9793,94.48,112.9,18.42,81
9793,9794,233.45,241.52,8.07,145
9794,9795,168.11,176.27,8.16,915
9795,9796,181.68,209.7,28.02,720
9796,9797,232.1,288.94,56.84,634
9797,9798,98.13,113.92,15.79,416
9798,9799,109.33,111.1,1.77,161
9799,9800,35.6,47.02,11.42,721
9800,9801,143.64,196.76,53.12,382
9801,9802,64.5,72.72,8.22,416
9802,9803,118.41,144.2,25.79,459
9803,9804,231.48,247.26,15.78,690
9804,9805,97.2,125.01,27.81,140
9805,9806,255.44,257.74,2.3,917
9806,9807,183.32,227.13,43.81,308
9807,9808,274.68,285.79,11.11,527
9808,9809,127.52,165.06,37.54,103
9809,9810,187.74,238.69,50.95,826
9810,9811,55.4,70.71,15.31,997
9811,9812,180.43,181.76,1.33,998
9812,9813,201.5,246.48,44.98,963
9813,9814,26.04,36.21,10.17,430
9814,9815,45.59,60.26,14.67,594
9815,9816,96.78,129.54,32.76,991
9816,9817,228.03,239.66,11.63,970
9817,9818,37.47,48.59,11.12,831
9818,9819,260.39,285.97,25.58,57
9819,9820,63.25,71.12,7.87,978
9820,9821,6.21,6.78,0.57,929
9821,9822,104.24,137.7,33.46,425
9822,9823,228.11,229.7,1.59,255
9823,9824,50.25,62.21,11.96,361
9824,9825,201.06,224.65,23.59,207
9825,9826,63.41,68.44,5.03,487
9826,9827,11.11,11.67,0.56,115
9827,9828,47.63,61.08,13.45,631
9828,9829,192.73,205.61,12.88,53
9829,9830,212.36,284.96,72.6,243
9830,9831,39.47,54.41,14.94,465
9831,9832,130.8,163.17,32.37,805
9832,9833,192.49,249.69,57.2,296
9833,9834,44.69,51.68,6.99,444
9834,9835,4.47,5.29,0.82,253
9835,9836,157.91,171.55,13.64,956
9836,9837,149.42,154.93,5.51,833
9837,9838,21.52,22.85,1.33,863
9838,9839,103.59,110.88,7.29,364
9839,9840,103.27,132.88,29.61,640
9840,9841,212.01,262.81,50.8,940
9841,9842,49.95,64.88,14.93,478
9842,9843,98.36,139.32,40.96,770
9843,9844,64.15,86.5,22.35,858
9844,9845,132.72,151.87,19.15,832
9845,9846,200.4,223.81,23.41,574
9846,9847,258.87,265.35,6.48,147
9847,9848,173.73,224.92,51.19,674
9848,9849,143.8,151.41,7.61,53
9849,9850,27.81,33.09,5.28,807
9850,9851,145.97,170.34,24.37,635
9851,9852,107.94,152.26,44.32,30
9852,9853,105.57,129.67,24.1,587
9853,9854,230.95,231.81,0.86,197
9854,9855,99.73,140.66,40.93,90
9855,9856,68.75,75.63,6.88,112
9856,9857,14.2,18.83,4.63,896
9857,9858,140.36,151.76,11.4,676
9858,9859,34.93,42.1,7.17,216
9859,9860,57.71,62.9,5.19,116
9860,9861,192.96,229.96,37.0,253
9861,9862,4.99,6.16,1.17,964
9862,9863,18.38,20.2,1.82,129
9863,9864,168.4,172.72,4.32,277
9864,9865,55.93,59.62,3.69,272
9865,9866,205.79,291.45,85.66,107
9866,9867,145.81,157.45,11.64,313
9867,9868,83.48,96.11,12.63,862
9868,9869,74.55,75.97,1.42,326
9869,9870,197.95,222.04,24.09,20
9870,9871,55.64,73.64,18.0,102
9871,9872,62.68,71.42,8.74,64
9872,9873,204.9,276.76,71.86,242
9873,9874,93.81,122.03,28.22,784
9874,9875,138.4,180.39,41.99,353
9875,9876,185.5,190.33,4.83,717
9876,9877,41.08,43.8,2.72,958
9877,9878,7.45,9.52,2.07,609
9878,9879,80.55,113.43,32.88,294
9879,9880,138.91,183.04,44.13,825
9880,9881,87.94,111.73,23.79,913
9881,9882,112.83,120.4,7.57,810
9882,9883,8.63,10.18,1.55,828
9883,9884,148.25,177.12,28.87,789
9884,9885,155.03,185.64,30.61,617
9885,9886,107.93,125.1,17.17,707
9886,9887,137.4,157.69,20.29,689
9887,9888,35.13,49.65,14.52,649
9888,9889,280.62,291.69,11.07,826
9889,9890,134.47,149.02,14.55,647
9890,9891,146.37,197.79,51.42,870
9891,9892,275.81,287.77,11.96,57
9892,9893,70.31,82.01,11.7,977
9893,9894,95.52,122.65,27.13,767
9894,9895,183.91,247.64,63.73,223
9895,9896,134.11,158.7,24.59,73
9896,9897,97.81,123.01,25.2,214
9897,9898,99.16,114.67,15.51,899
9898,9899,120.95,129.11,8.16,682
9899,9900,65.42,83.25,17.83,51
9900,9901,66.43,79.58,13.15,307
9901,9902,99.86,109.45,9.59,322
9902,9903,216.63,298.59,81.96,413
9903,9904,147.99,159.2,11.21,585
9904,9905,156.51,173.26,16.75,467
9905,9906,182.6,195.08,12.48,177
9906,9907,194.38,250.25,55.87,665
9907,9908,208.53,283.89,75.36,531
9908,9909,175.31,182.48,7.17,90
9909,9910,151.25,201.21,49.96,255
9910,9911,121.64,158.57,36.93,684
9911,9912,126.79,134.88,8.09,928
9912,9913,127.25,130.02,2.77,276
9913,9914,167.99,170.81,2.82,779
9914,9915,155.11,182.06,26.95,721
9915,9916,105.23,128.24,23.01,18
9916,9917,211.06,294.88,83.82,760
9917,9918,63.22,71.42,8.2,163
9918,9919,147.8,172.09,24.29,170
9919,9920,133.96,138.46,4.5,720
9920,9921,150.71,184.73,34.02,369
9921,9922,182.96,221.96,39.0,262
9922,9923,78.21,101.16,22.95,879
9923,9924,218.33,282.05,63.72,66
9924,9925,48.43,50.4,1.97,499
9925,9926,166.06,186.58,20.52,734
9926,9927,210.74,298.81,88.07,726
9927,9928,70.62,89.92,19.3,750
9928,9929,65.61,91.81,26.2,538
9929,9930,183.36,231.29,47.93,848
9930,9931,4.54,5.19,0.65,433
9931,9932,194.06,239.24,45.18,536
9932,9933,218.06,275.66,57.6,223
9933,9934,120.57,129.48,8.91,10
9934,9935,141.87,153.16,11.29,589
9935,9936,13.79,15.85,2.06,636
9936,9937,259.86,263.37,3.51,23
9937,9938,248.94,260.11,11.17,744
9938,9939,111.81,121.68,9.87,915
9939,9940,221.18,298.72,77.54,512
9940,9941,215.92,260.19,44.27,141
9941,9942,141.61,182.97,41.36,413
9942,9943,27.38,29.1,1.72,687
9943,9944,6.02,6.62,0.6,938
9944,9945,41.95,54.73,12.78,875
9945,9946,211.93,298.57,86.64,761
9946,9947,69.97,99.22,29.25,746
9947,9948,70.0,71.59,1.59,249
9948,9949,127.77,163.56,35.79,766
9949,9950,33.91,37.94,4.03,366
9950,9951,50.1,61.11,11.01,820
9951,9952,199.9,229.89,29.99,372
9952,9953,100.05,106.66,6.61,132
9953,9954,238.86,275.43,36.57,655
9954,9955,128.24,177.25,49.01,587
9955,9956,145.57,163.5,17.93,140
9956,9957,117.64,127.29,9.65,231
9957,9958,101.42,120.14,18.72,567
9958,9959,236.15,260.03,23.88,990
9959,9960,217.18,228.36,11.18,48
9960,9961,77.76,79.06,1.3,230
9961,9962,154.26,194.48,40.22,730
9962,9963,247.37,248.98,1.61,170
9963,9964,142.69,144.97,2.28,416
9964,9965,85.53,100.52,14.99,160
9965,9966,198.91,244.19,45.28,384
9966,9967,34.22,41.22,7.0,912
9967,9968,143.97,201.48,57.51,516
9968,9969,150.72,200.46,49.74,144
9969,9970,36.88,39.9,3.02,12
9970,9971,183.03,202.46,19.43,308
9971,9972,142.68,169.24,26.56,315
9972,9973,40.78,56.57,15.79,270
9973,9974,78.07,79.58,1.51,56
9974,9975,218.26,259.73,41.47,199
9975,9976,181.37,234.7,53.33,714
9976,9977,153.56,215.21,61.65,594
9977,9978,222.33,251.7,29.37,618
9978,9979,189.44,193.44,4.0,72
9979,9980,70.57,78.79,8.22,229
9980,9981,44.78,53.88,9.1,438
9981,9982,290.42,294.61,4.19,166
9982,9983,96.03,99.41,3.38,65
9983,9984,179.44,216.3,36.86,955
9984,9985,83.21,111.11,27.9,820
9985,9986,20.2,24.91,4.71,541
9986,9987,145.75,146.93,1.18,13
9987,9988,108.85,145.43,36.58,716
9988,9989,254.01,275.34,21.33,289
9989,9990,121.8,124.09,2.29,669
9990,9991,137.62,149.82,12.2,522
9991,9992,175.88,181.57,5.69,376
9992,9993,11.63,13.56,1.93,885
9993,9994,241.5,244.56,3.06,823
9994,9995,101.62,141.33,39.71,93
9995,9996,32.99,34.64,1.65,419
9996,9997,188.01,189.16,1.15,364
9997,9998,214.8,258.64,43.84,651
9998,9999,89.35,106.56,17.21,840
9999,10000,46.02,48.58,2.56,14
